/usr/local/python3.11.10/lib/python3.11/site-packages/setuptools/dist.py:765: SetuptoolsDeprecationWarning: License classifiers are deprecated.
!!

        ********************************************************************************
        Please consider removing the following classifiers in favor of a SPDX license expression:

        License :: OSI Approved :: Apache Software License

        See https://packaging.python.org/en/latest/guides/writing-pyproject-toml/#license for details.
        ********************************************************************************

!!
  self._finalize_license_expression()
running build_ext
running build_aclnn
[build_aclnn] start: ROOT_DIR=/home/t00886357/fia_sink_a5_port_base/vllm-ascend SOC_VERSION=ascend950pr_9599 cwd=/home/t00886357/fia_sink_a5_port_base/vllm-ascend
[build_aclnn] env: ASCEND_HOME_PATH=/usr/local/Ascend/cann-9.1.0 ASCEND_TOOLKIT_HOME=/usr/local/Ascend/cann-9.1.0
[build_aclnn] matched SOC branch: ascend950
[build_aclnn] catlass include=/home/t00886357/fia_sink_a5_port_base/vllm-ascend/csrc/third_party/catlass/include
[build_aclnn] resolved SOC_ARG=ascend950
[build_aclnn] resolved CUSTOM_OPS=moe_gating_top_k_hash;inplace_partial_rotary_mul;kv_compress_epilog;compressor;compressor_metadata;vllm_quant_lightning_indexer;vllm_quant_lightning_indexer_metadata;kv_quant_sparse_attn_sharedkv;kv_quant_sparse_attn_sharedkv_metadata;hc_post;hc_pre;swiglu_group_quant;situ_mx_quant;indexer_compress_epilog_v2;causal_conv1d;recurrent_gated_delta_rule;recurrent_kda;chunk_fwd_o;chunk_gated_delta_rule_fwd_h;chunk_kda_fwd;kda_gate_cumsum;kda_layout_swap12;store_kv_block;store_kv_block_metadata;k2q_csr;sparse_attention_score;fused_infer_attention_score_v2_sink;fused_infer_attention_score_v2_sink_metadata
[build_aclnn] custom op count=28
[build_aclnn] op moe_gating_top_k_hash: dir=/home/t00886357/fia_sink_a5_port_base/vllm-ascend/csrc/moe/moe_gating_top_k_hash cmake=yes op_host_cmake=yes op_kernel_cpp_count=1
[build_aclnn] op inplace_partial_rotary_mul: dir=/home/t00886357/fia_sink_a5_port_base/vllm-ascend/csrc/attention/inplace_partial_rotary_mul cmake=yes op_host_cmake=yes op_kernel_cpp_count=1
[build_aclnn] op kv_compress_epilog: dir=/home/t00886357/fia_sink_a5_port_base/vllm-ascend/csrc/attention/kv_compress_epilog cmake=yes op_host_cmake=yes op_kernel_cpp_count=1
[build_aclnn] op compressor: dir=/home/t00886357/fia_sink_a5_port_base/vllm-ascend/csrc/attention/compressor cmake=yes op_host_cmake=yes op_kernel_cpp_count=1
[build_aclnn] op compressor_metadata: dir=/home/t00886357/fia_sink_a5_port_base/vllm-ascend/csrc/attention/compressor_metadata cmake=yes op_host_cmake=yes op_kernel_cpp_count=1
[build_aclnn] op vllm_quant_lightning_indexer: dir=/home/t00886357/fia_sink_a5_port_base/vllm-ascend/csrc/attention/vllm_quant_lightning_indexer cmake=yes op_host_cmake=yes op_kernel_cpp_count=1
[build_aclnn] op vllm_quant_lightning_indexer_metadata: dir=/home/t00886357/fia_sink_a5_port_base/vllm-ascend/csrc/attention/vllm_quant_lightning_indexer_metadata cmake=yes op_host_cmake=no op_kernel_cpp_count=0
[build_aclnn] op kv_quant_sparse_attn_sharedkv: dir=/home/t00886357/fia_sink_a5_port_base/vllm-ascend/csrc/attention/kv_quant_sparse_attn_sharedkv cmake=yes op_host_cmake=yes op_kernel_cpp_count=1
[build_aclnn] op kv_quant_sparse_attn_sharedkv_metadata: dir=/home/t00886357/fia_sink_a5_port_base/vllm-ascend/csrc/attention/kv_quant_sparse_attn_sharedkv_metadata cmake=yes op_host_cmake=yes op_kernel_cpp_count=0
[build_aclnn] op hc_post: dir=/home/t00886357/fia_sink_a5_port_base/vllm-ascend/csrc/moe/hc_post cmake=yes op_host_cmake=yes op_kernel_cpp_count=1
[build_aclnn] op hc_pre: dir=/home/t00886357/fia_sink_a5_port_base/vllm-ascend/csrc/moe/hc_pre cmake=yes op_host_cmake=yes op_kernel_cpp_count=1
[build_aclnn] op swiglu_group_quant: dir=/home/t00886357/fia_sink_a5_port_base/vllm-ascend/csrc/moe/swiglu_group_quant cmake=yes op_host_cmake=yes op_kernel_cpp_count=1
[build_aclnn] op situ_mx_quant: dir=/home/t00886357/fia_sink_a5_port_base/vllm-ascend/csrc/moe/situ_mx_quant cmake=yes op_host_cmake=yes op_kernel_cpp_count=1
[build_aclnn] op indexer_compress_epilog_v2: dir=/home/t00886357/fia_sink_a5_port_base/vllm-ascend/csrc/attention/indexer_compress_epilog_v2 cmake=yes op_host_cmake=yes op_kernel_cpp_count=1
[build_aclnn] op causal_conv1d: dir=/home/t00886357/fia_sink_a5_port_base/vllm-ascend/csrc/moe/causal_conv1d cmake=yes op_host_cmake=yes op_kernel_cpp_count=1
[build_aclnn] op recurrent_gated_delta_rule: dir=/home/t00886357/fia_sink_a5_port_base/vllm-ascend/csrc/attention/recurrent_gated_delta_rule cmake=yes op_host_cmake=yes op_kernel_cpp_count=1
[build_aclnn] op recurrent_kda: dir=/home/t00886357/fia_sink_a5_port_base/vllm-ascend/csrc/attention/recurrent_kda cmake=yes op_host_cmake=yes op_kernel_cpp_count=1
[build_aclnn] op chunk_fwd_o: dir=/home/t00886357/fia_sink_a5_port_base/vllm-ascend/csrc/moe/chunk_fwd_o cmake=yes op_host_cmake=yes op_kernel_cpp_count=1
[build_aclnn] op chunk_gated_delta_rule_fwd_h: dir=/home/t00886357/fia_sink_a5_port_base/vllm-ascend/csrc/moe/chunk_gated_delta_rule_fwd_h cmake=yes op_host_cmake=yes op_kernel_cpp_count=1
[build_aclnn] op chunk_kda_fwd: dir=/home/t00886357/fia_sink_a5_port_base/vllm-ascend/csrc/attention/chunk_kda_fwd cmake=yes op_host_cmake=yes op_kernel_cpp_count=1
[build_aclnn] op kda_gate_cumsum: dir=/home/t00886357/fia_sink_a5_port_base/vllm-ascend/csrc/attention/kda_gate_cumsum cmake=yes op_host_cmake=yes op_kernel_cpp_count=1
[build_aclnn] op kda_layout_swap12: dir=/home/t00886357/fia_sink_a5_port_base/vllm-ascend/csrc/attention/kda_layout_swap12 cmake=yes op_host_cmake=yes op_kernel_cpp_count=1
[build_aclnn] op store_kv_block: dir=/home/t00886357/fia_sink_a5_port_base/vllm-ascend/csrc/attention/store_kv_block cmake=yes op_host_cmake=yes op_kernel_cpp_count=1
[build_aclnn] op store_kv_block_metadata: dir=/home/t00886357/fia_sink_a5_port_base/vllm-ascend/csrc/attention/store_kv_block_metadata cmake=yes op_host_cmake=no op_kernel_cpp_count=0
[build_aclnn] op k2q_csr: dir=/home/t00886357/fia_sink_a5_port_base/vllm-ascend/csrc/attention/k2q_csr cmake=yes op_host_cmake=no op_kernel_cpp_count=0
[build_aclnn] op sparse_attention_score: dir=/home/t00886357/fia_sink_a5_port_base/vllm-ascend/csrc/attention/sparse_attention_score cmake=yes op_host_cmake=yes op_kernel_cpp_count=2
[build_aclnn] op fused_infer_attention_score_v2_sink: dir=/home/t00886357/fia_sink_a5_port_base/vllm-ascend/csrc/attention/fused_infer_attention_score_v2_sink cmake=yes op_host_cmake=no op_kernel_cpp_count=1
[build_aclnn] op fused_infer_attention_score_v2_sink_metadata: dir=/home/t00886357/fia_sink_a5_port_base/vllm-ascend/csrc/attention/fused_infer_attention_score_v2_sink_metadata cmake=yes op_host_cmake=no op_kernel_cpp_count=0
[build_aclnn] subshell cwd before cd=/home/t00886357/fia_sink_a5_port_base/vllm-ascend
[build_aclnn] subshell cwd after cd=/home/t00886357/fia_sink_a5_port_base/vllm-ascend/csrc
[build_aclnn] preserving csrc/build and cleaning output dirs
[build_aclnn] build command: bash build.sh --pkg --ops="moe_gating_top_k_hash;inplace_partial_rotary_mul;kv_compress_epilog;compressor;compressor_metadata;vllm_quant_lightning_indexer;vllm_quant_lightning_indexer_metadata;kv_quant_sparse_attn_sharedkv;kv_quant_sparse_attn_sharedkv_metadata;hc_post;hc_pre;swiglu_group_quant;situ_mx_quant;indexer_compress_epilog_v2;causal_conv1d;recurrent_gated_delta_rule;recurrent_kda;chunk_fwd_o;chunk_gated_delta_rule_fwd_h;chunk_kda_fwd;kda_gate_cumsum;kda_layout_swap12;store_kv_block;store_kv_block_metadata;k2q_csr;sparse_attention_score;fused_infer_attention_score_v2_sink;fused_infer_attention_score_v2_sink_metadata" --soc="ascend950"
[build_aclnn] building custom ops moe_gating_top_k_hash;inplace_partial_rotary_mul;kv_compress_epilog;compressor;compressor_metadata;vllm_quant_lightning_indexer;vllm_quant_lightning_indexer_metadata;kv_quant_sparse_attn_sharedkv;kv_quant_sparse_attn_sharedkv_metadata;hc_post;hc_pre;swiglu_group_quant;situ_mx_quant;indexer_compress_epilog_v2;causal_conv1d;recurrent_gated_delta_rule;recurrent_kda;chunk_fwd_o;chunk_gated_delta_rule_fwd_h;chunk_kda_fwd;kda_gate_cumsum;kda_layout_swap12;store_kv_block;store_kv_block_metadata;k2q_csr;sparse_attention_score;fused_infer_attention_score_v2_sink;fused_infer_attention_score_v2_sink_metadata for ascend950pr_9599
json found in /home/t00886357/fia_sink_a5_port_base/vllm-ascend/csrc/third_party/json, and not force rebuild cann third_party
CMake Warning (author) at /usr/local/python3.11.10/lib/python3.11/site-packages/cmake/data/share/cmake-4.4/Modules/ExternalProject/shared_internal_commands.cmake:1277 (message):
  The DOWNLOAD_EXTRACT_TIMESTAMP option was not given and policy CMP0135 is
  not set.  The policy's OLD behavior will be used.  When using a URL
  download, the timestamps of extracted files should preferably be that of
  the time of extraction, otherwise code that depends on the extracted
  contents might not be rebuilt if the URL changes.  The OLD behavior
  preserves the timestamps from the archive instead, but this is usually not
  what you want.  Update your project to the NEW behavior or specify the
  DOWNLOAD_EXTRACT_TIMESTAMP option with a value of true to avoid this
  robustness issue.
Call Stack (most recent call first):
  /usr/local/python3.11.10/lib/python3.11/site-packages/cmake/data/share/cmake-4.4/Modules/ExternalProject.cmake:3283 (_ep_add_download_command)
  cmake/third_party/ascend_protobuf.cmake:47 (ExternalProject_Add)
  CMakeLists.txt:136 (include)
This warning is for project developers.  Use -Wno-author to suppress it.

json found in /home/t00886357/fia_sink_a5_port_base/vllm-ascend/csrc/third_party/json, and not force rebuild cann third_party
CMake Warning (author) at /usr/local/python3.11.10/lib/python3.11/site-packages/cmake/data/share/cmake-4.4/Modules/ExternalProject/shared_internal_commands.cmake:1277 (message):
  The DOWNLOAD_EXTRACT_TIMESTAMP option was not given and policy CMP0135 is
  not set.  The policy's OLD behavior will be used.  When using a URL
  download, the timestamps of extracted files should preferably be that of
  the time of extraction, otherwise code that depends on the extracted
  contents might not be rebuilt if the URL changes.  The OLD behavior
  preserves the timestamps from the archive instead, but this is usually not
  what you want.  Update your project to the NEW behavior or specify the
  DOWNLOAD_EXTRACT_TIMESTAMP option with a value of true to avoid this
  robustness issue.
Call Stack (most recent call first):
  /usr/local/python3.11.10/lib/python3.11/site-packages/cmake/data/share/cmake-4.4/Modules/ExternalProject.cmake:3283 (_ep_add_download_command)
  cmake/third_party/ascend_protobuf.cmake:47 (ExternalProject_Add)
  CMakeLists.txt:136 (include)
This warning is for project developers.  Use -Wno-author to suppress it.

[2026-09-02 07:16:16] [2026-09-02 06:56:37] Info: use CMake generator Ninja
[2026-09-02 07:16:16] [2026-09-02 06:56:37] Info: cmake config generator=-G Ninja -DBUILD_OPEN_PROJECT=ON -DASCEND_OP_NAME=moe_gating_top_k_hash;inplace_partial_rotary_mul;kv_compress_epilog;compressor;compressor_metadata;vllm_quant_lightning_indexer;vllm_quant_lightning_indexer_metadata;kv_quant_sparse_attn_sharedkv;kv_quant_sparse_attn_sharedkv_metadata;hc_post;hc_pre;swiglu_group_quant;situ_mx_quant;indexer_compress_epilog_v2;causal_conv1d;recurrent_gated_delta_rule;recurrent_kda;chunk_fwd_o;chunk_gated_delta_rule_fwd_h;chunk_kda_fwd;kda_gate_cumsum;kda_layout_swap12;store_kv_block;store_kv_block_metadata;k2q_csr;sparse_attention_score;fused_infer_attention_score_v2_sink;fused_infer_attention_score_v2_sink_metadata -DCANN_3RD_LIB_PATH=/home/t00886357/fia_sink_a5_port_base/vllm-ascend/csrc/third_party -DCUSTOM_ASCEND_CANN_PACKAGE_PATH=/usr/local/Ascend/cann-9.1.0 -DCHECK_COMPATIBLE=true -DASCEND_COMPUTE_UNIT=ascend950; -DENABLE_BUILT_IN=OFF -DENABLE_OPS_HOST=ON -DENABLE_OPS_KERNEL=ON -DENABLE_BUILD_PKG=ON .
[2026-09-02 07:16:16] -- build with 3~8 packages........
[2026-09-02 07:16:16] -- compile project with library
[2026-09-02 07:16:16] -- ASCEND_CANN_PACKAGE_PATH=/usr/local/Ascend/cann-9.1.0
[2026-09-02 07:16:16] -- ENABLE_CCACHE=ON, CUSTOM_CCACHE=
[2026-09-02 07:16:16] -- CCACHE_PROGRAM=CCACHE_PROGRAM-NOTFOUND
[2026-09-02 07:16:16] -- ASCEND_COMPUTE_UNIT=ascend950;
[2026-09-02 07:16:16] -- ASCEND_OP_NAME=moe_gating_top_k_hash;inplace_partial_rotary_mul;kv_compress_epilog;compressor;compressor_metadata;vllm_quant_lightning_indexer;vllm_quant_lightning_indexer_metadata;kv_quant_sparse_attn_sharedkv;kv_quant_sparse_attn_sharedkv_metadata;hc_post;hc_pre;swiglu_group_quant;situ_mx_quant;indexer_compress_epilog_v2;causal_conv1d;recurrent_gated_delta_rule;recurrent_kda;chunk_fwd_o;chunk_gated_delta_rule_fwd_h;chunk_kda_fwd;kda_gate_cumsum;kda_layout_swap12;store_kv_block;store_kv_block_metadata;k2q_csr;sparse_attention_score;fused_infer_attention_score_v2_sink;fused_infer_attention_score_v2_sink_metadata
[2026-09-02 07:16:16] -- TILING_KEY=
[2026-09-02 07:16:16] -- TESTS_UT_OPS_TEST=
[2026-09-02 07:16:16] -- TESTS_EXAMPLE_OPS_TEST=
[2026-09-02 07:16:16] -- CMAKE_BUILD_TYPE=Release
[2026-09-02 07:16:16] -- VERSION=
[2026-09-02 07:16:16] -- Start building custom package.
[2026-09-02 07:16:16] -- Search libs under install path /usr/local/Ascend/cann-9.1.0
[2026-09-02 07:16:16] -- CMAKE_MODULE_PATH            :/home/t00886357/fia_sink_a5_port_base/vllm-ascend/csrc/cmake/modules
[2026-09-02 07:16:16] -- compile option:   -Wall -Wextra -Wshadow -Wformat=2 -fno-common -fPIC -Wformat-signedness -Wno-missing-include-dirs -Wno-write-strings
[2026-09-02 07:16:16] -- Transformer Variables in dlog module:
[2026-09-02 07:16:16] -- dlog_TRANSFORMER_INCLUDE_DIR="/usr/local/Ascend/cann-9.1.0/pkg_inc/base"
[2026-09-02 07:16:16] -- dlog_SHARED_LIBRARY="/usr/local/Ascend/cann-9.1.0/lib64/libascendalog.so"
[2026-09-02 07:16:16] -- 
[2026-09-02 07:16:16]  Properties for TARGET dlog:
[2026-09-02 07:16:16]    dlog.INTERFACE_COMPILE_DEFINITIONS = "LOG_CPP;PROCESS_LOG"
[2026-09-02 07:16:16]    dlog.INTERFACE_LINK_LIBRARIES = "dlog_headers"
[2026-09-02 07:16:16]    dlog.IMPORTED_LOCATION = "/usr/local/Ascend/cann-9.1.0/lib64/libascendalog.so"
[2026-09-02 07:16:16] 
[2026-09-02 07:16:16] -- 
[2026-09-02 07:16:16]  Properties for TARGET dlog_headers:
[2026-09-02 07:16:16]    dlog_headers.INTERFACE_INCLUDE_DIRECTORIES = "/usr/local/Ascend/cann-9.1.0/pkg_inc/base"
[2026-09-02 07:16:16] 
[2026-09-02 07:16:16] -- Found OPABSE include:/usr/local/Ascend/cann-9.1.0/x86_64-linux/include
[2026-09-02 07:16:16] -- Found OPABSE lib:/usr/local/Ascend/cann-9.1.0/x86_64-linux/lib64/libops_base.so
[2026-09-02 07:16:16] -- Found platform include:/usr/local/Ascend/cann-9.1.0/x86_64-linux/include
[2026-09-02 07:16:16] -- Found register library:/usr/local/Ascend/cann-9.1.0/x86_64-linux/lib64/libregister.so
[2026-09-02 07:16:16] -- Found opp_registry library:/usr/local/Ascend/cann-9.1.0/x86_64-linux/lib64/libopp_registry.so
[2026-09-02 07:16:16] -- Found exe_graph library:/usr/local/Ascend/cann-9.1.0/x86_64-linux/lib64/libexe_graph.so
[2026-09-02 07:16:16] -- Found graph_base library:/usr/local/Ascend/cann-9.1.0/x86_64-linux/lib64/libgraph_base.so
[2026-09-02 07:16:16] -- Found error_manager library:/usr/local/Ascend/cann-9.1.0/x86_64-linux/lib64/liberror_manager.so
[2026-09-02 07:16:16] -- Found metadef library:/usr/local/Ascend/cann-9.1.0/x86_64-linux/lib64/libmetadef.so
[2026-09-02 07:16:16] -- Found rt2_registry library:/usr/local/Ascend/cann-9.1.0/x86_64-linux/lib64/librt2_registry.a
[2026-09-02 07:16:16] -- Found source metadef include dir:  /usr/local/Ascend/cann-9.1.0/x86_64-linux/include/;/usr/local/Ascend/cann-9.1.0/x86_64-linux/include/exe_graph
[2026-09-02 07:16:16] -- Found graph library:/usr/local/Ascend/cann-9.1.0/x86_64-linux/lib64/libgraph.so
[2026-09-02 07:16:16] -- Found source acl include dir:  /usr/local/Ascend/cann-9.1.0/x86_64-linux/include
[2026-09-02 07:16:16] -- Found source npuruntime include dir: /usr/local/Ascend/cann-9.1.0/x86_64-linux/pkg_inc/runtime
[2026-09-02 07:16:16] -- Found aclnn include dir:  /usr/local/Ascend/cann-9.1.0/x86_64-linux/include
[2026-09-02 07:16:16] -- Found opdev include dir:  /usr/local/Ascend/cann-9.1.0/x86_64-linux/include/aclnn
[2026-09-02 07:16:16] -- Found tilingapi include:/usr/local/Ascend/cann-9.1.0/x86_64-linux/include
[2026-09-02 07:16:16] -- TILINGAPI_INC_DIRS: /usr/local/Ascend/cann-9.1.0/x86_64-linux/include;/usr/local/Ascend/cann-9.1.0/x86_64-linux/ascendc;/usr/local/Ascend/cann-9.1.0/x86_64-linux/ascendc/include;/usr/local/Ascend/cann-9.1.0/x86_64-linux/ascendc/include/highlevel_api;/usr/local/Ascend/cann-9.1.0/x86_64-linux/ascendc/include/highlevel_api/lib;/usr/local/Ascend/cann-9.1.0/x86_64-linux/ascendc/include/highlevel_api/impl;/usr/local/Ascend/cann-9.1.0/x86_64-linux/ascendc/include/highlevel_api/tiling
[2026-09-02 07:16:16] -- Found tilingapi lib:/usr/local/Ascend/cann-9.1.0/x86_64-linux/lib64/libtiling_api.a
[2026-09-02 07:16:16] -- Using AICPU include dirs: /usr/local/Ascend/cann-9.1.0/x86_64-linux/include/aicpu;/usr/local/Ascend/cann-9.1.0/x86_64-linux/include/experiment;/usr/local/Ascend/cann-9.1.0/x86_64-linux/include/experiment/cce;/usr/local/Ascend/cann-9.1.0/x86_64-linux/include/experiment/msprof;/usr/local/Ascend/cann-9.1.0/x86_64-linux/pkg_inc;/usr/local/Ascend/cann-9.1.0/x86_64-linux/pkg_inc/aicpu;/usr/local/Ascend/cann-9.1.0/x86_64-linux/pkg_inc/aicpu_common/context;/usr/local/Ascend/cann-9.1.0/x86_64-linux/pkg_inc/aicpu_common/context/common;/usr/local/Ascend/cann-9.1.0/x86_64-linux/pkg_inc/aicpu_common/context/cpu_proto;/usr/local/Ascend/cann-9.1.0/x86_64-linux/pkg_inc/aicpu_common/context/utils;/usr/local/Ascend/cann-9.1.0/x86_64-linux/include/aicpu_common/context;/usr/local/Ascend/cann-9.1.0/x86_64-linux/include/aicpu_common/context/common;/usr/local/Ascend/cann-9.1.0/x86_64-linux/include/aicpu_common/context/cpu_proto;/usr/local/Ascend/cann-9.1.0/x86_64-linux/include/experiment/datagw/aicpu/common;/usr/local/Ascend/cann-9.1.0/x86_64-linux/include/aicpu_common/context/utils
[2026-09-02 07:16:16] -- Found abseil-cpp in /home/t00886357/fia_sink_a5_port_base/vllm-ascend/csrc/third_party/abseil-cpp
[2026-09-02 07:16:16] -- Could NOT find ascend_protobuf_build_transformer (missing: ASCEND_PROTOBUF_SHARED_INCLUDE) 
[2026-09-02 07:16:16] -- [ThirdPartyLib][ascend protobuf] ascend protobuf shared not found, finding binary file.
[2026-09-02 07:16:16] -- [ThirdPartyLib][ascend protobuf] found in file:///home/t00886357/fia_sink_a5_port_base/vllm-ascend/csrc/third_party/pkg/protobuf-25.1.tar.gz.
[2026-09-02 07:16:16] -- Variables in alog module:
[2026-09-02 07:16:16] -- alog_a_INCLUDE_DIR="/usr/local/Ascend/cann-9.1.0/include"
[2026-09-02 07:16:16] -- slog_a_SHARED_LIBRARY="/usr/local/Ascend/cann-9.1.0/lib64/libascendalog.so"
[2026-09-02 07:16:16] -- alog_a_SHARED_LIBRARY="/usr/local/Ascend/cann-9.1.0/lib64/libascendalog.so"
[2026-09-02 07:16:16] -- 
[2026-09-02 07:16:16]  Properties for TARGET slog_a:
[2026-09-02 07:16:16]    slog_a.INTERFACE_COMPILE_DEFINITIONS = "LOG_CPP;PROCESS_LOG"
[2026-09-02 07:16:16]    slog_a.INTERFACE_LINK_LIBRARIES = "alog_headers"
[2026-09-02 07:16:16]    slog_a.IMPORTED_LOCATION = "/usr/local/Ascend/cann-9.1.0/lib64/libascendalog.so"
[2026-09-02 07:16:16] 
[2026-09-02 07:16:16] -- 
[2026-09-02 07:16:16]  Properties for TARGET alog_a:
[2026-09-02 07:16:16]    alog_a.INTERFACE_COMPILE_DEFINITIONS = "LOG_CPP;PROCESS_LOG"
[2026-09-02 07:16:16]    alog_a.INTERFACE_LINK_LIBRARIES = "alog_headers"
[2026-09-02 07:16:16]    alog_a.IMPORTED_LOCATION = "/usr/local/Ascend/cann-9.1.0/lib64/libascendalog.so"
[2026-09-02 07:16:16] 
[2026-09-02 07:16:16] -- 
[2026-09-02 07:16:16]  Properties for TARGET alog_headers:
[2026-09-02 07:16:16]    alog_headers.INTERFACE_INCLUDE_DIRECTORIES = "/usr/local/Ascend/cann-9.1.0/include;/usr/local/Ascend/cann-9.1.0/include/base"
[2026-09-02 07:16:16] 
[2026-09-02 07:16:16] -- Could NOT find unified_dlog (missing: _INCLUDE_ROOT_DIR) 
[2026-09-02 07:16:16] -- === Debug: BUILD is BUILD_OPEN_PROJECT
[2026-09-02 07:16:16] -- === Debug: BUILD is NOT BUILD_OPS_RTY_KERNEL
[2026-09-02 07:16:16] -- === Debug: BUILD is BUILD_OPEN_PROJECT
[2026-09-02 07:16:16] -- === Debug: BUILD is NOT BUILD_OPS_RTY_KERNEL
[2026-09-02 07:16:16] -- k2q_csr: vendored k2q_csr_common/op_kernel -> */op_kernel/common
[2026-09-02 07:16:16] -- [kv_quant_sparse_attn_sharedkv_metadata] Found aicpu sources: /home/t00886357/fia_sink_a5_port_base/vllm-ascend/csrc/attention/kv_quant_sparse_attn_sharedkv_metadata/op_kernel_aicpu/kv_quant_sparse_attn_sharedkv_metadata_aicpu.cpp, ascend dir: /usr/local/Ascend/cann-9.1.0, ophost name: ophost_transformer
[2026-09-02 07:16:16] -- Detected architecture: x86_64
[2026-09-02 07:16:16] -- End building custom package.
[2026-09-02 07:16:16] -- create aclnn master header file: /home/t00886357/fia_sink_a5_port_base/vllm-ascend/csrc/build/aclnn_ops_transformer_custom.h
[2026-09-02 07:16:16] -- no operator info to generate
[2026-09-02 07:16:16] -- Linking cust_aicpu_kernels with ARM toolchain: /usr/local/Ascend/cann-9.1.0/toolkit/toolchain/hcc/bin/aarch64-target-linux-gnu-g++
[2026-09-02 07:16:16] -- Objects: $<TARGET_OBJECTS:fused_infer_attention_score_v2_sink_metadata_obj>;$<TARGET_OBJECTS:kv_quant_sparse_attn_sharedkv_metadata_obj>;$<TARGET_OBJECTS:store_kv_block_metadata_obj>;$<TARGET_OBJECTS:vllm_quant_lightning_indexer_metadata_obj>
[2026-09-02 07:16:16] -- Output: /home/t00886357/fia_sink_a5_port_base/vllm-ascend/csrc/build/libtransformer_aicpu_kernels.so
[2026-09-02 07:16:16] -- Configuring done (2.9s)
[2026-09-02 07:16:16] -- Generating done (0.1s)
[2026-09-02 07:16:16] -- Build files have been written to: /home/t00886357/fia_sink_a5_port_base/vllm-ascend/csrc/build
[2026-09-02 07:16:16] [1/66] Generating binary/ascend950/bin/fused_infer_attention_score_v2_sink
[2026-09-02 07:16:16] [2/66] Performing build step for 'tiling_sink_task'
[2026-09-02 07:16:16] ninja: no work to do.
[2026-09-02 07:16:16] [3/66] Generating binary/ascend950/src/k2q_csr_scatter_apt/k2q_csr_scatter_apt_ascend950_src_copy.done
[2026-09-02 07:16:16] [4/66] Generating binary/ascend950/src/k2q_csr_meta_apt/k2q_csr_meta_apt_ascend950_src_copy.done
[2026-09-02 07:16:16] [5/66] Generating binary/ascend950/src/k2q_csr_hist_apt/k2q_csr_hist_apt_ascend950_src_copy.done
[2026-09-02 07:16:16] [6/66] Generating binary/ascend950/src/k2q_csr_row_prefix_apt/k2q_csr_row_prefix_apt_ascend950_src_copy.done
[2026-09-02 07:16:16] [7/66] Generating binary/ascend950/src/k2q_csr_tile_prefix_apt/k2q_csr_tile_prefix_apt_ascend950_src_copy.done
[2026-09-02 07:16:16] [8/66] No install step for 'tiling_sink_task'
[2026-09-02 07:16:16] [9/66] cd /home/t00886357/fia_sink_a5_port_base/vllm-ascend/csrc/build && /usr/local/python3.11.10/bin/python3.11 /home/t00886357/fia_sink_a5_port_base/vllm-ascend/csrc/cmake/scripts/util/ascendc_impl_build.py "" "" "" "" /home/t00886357/fia_sink_a5_port_base/vllm-ascend/csrc/build/impl /home/t00886357/fia_sink_a5_port_base/vllm-ascend/csrc/build/autogen --opsinfo-dir /home/t00886357/fia_sink_a5_port_base/vllm-ascend/csrc/build/autogen /home/t00886357/fia_sink_a5_port_base/vllm-ascend/csrc/build/autogen/inner /home/t00886357/fia_sink_a5_port_base/vllm-ascend/csrc/build/autogen/exc
[2026-09-02 07:16:16] [10/66] Completed 'tiling_sink_task'
[2026-09-02 07:16:16] [11/66] cd /home/t00886357/fia_sink_a5_port_base/vllm-ascend/csrc/build && /usr/local/python3.11.10/lib/python3.11/site-packages/cmake/data/bin/cmake -E make_directory /home/t00886357/fia_sink_a5_port_base/vllm-ascend/csrc/build/binary/ascend950/gen && /usr/local/python3.11.10/bin/python3.11 /home/t00886357/fia_sink_a5_port_base/vllm-ascend/csrc/cmake/scripts/util/ascendc_bin_param_build.py /home/t00886357/fia_sink_a5_port_base/vllm-ascend/csrc/build/autogen/aic-ascend950-ops-info.ini /home/t00886357/fia_sink_a5_port_base/vllm-ascend/csrc/build/binary/ascend950/gen ascend950 --opc-config-file /home/t00886357/fia_sink_a5_port_base/vllm-ascend/csrc/build/autogen/custom_opc_options.ini && /usr/local/python3.11.10/bin/python3.11 /home/t00886357/fia_sink_a5_port_base/vllm-ascend/csrc/cmake/scripts/util/ascendc_bin_param_build.py /home/t00886357/fia_sink_a5_port_base/vllm-ascend/csrc/build/autogen/inner/aic-ascend950-ops-info.ini /home/t00886357/fia_sink_a5_port_base/vllm-ascend/csrc/build/binary/ascend950/gen ascend950 --opc-config-file /home/t00886357/fia_sink_a5_port_base/vllm-ascend/csrc/build/autogen/custom_opc_options.ini && /usr/local/python3.11.10/bin/python3.11 /home/t00886357/fia_sink_a5_port_base/vllm-ascend/csrc/cmake/scripts/util/ascendc_bin_param_build.py /home/t00886357/fia_sink_a5_port_base/vllm-ascend/csrc/build/autogen/exc/aic-ascend950-ops-info.ini /home/t00886357/fia_sink_a5_port_base/vllm-ascend/csrc/build/binary/ascend950/gen ascend950 --opc-config-file /home/t00886357/fia_sink_a5_port_base/vllm-ascend/csrc/build/autogen/custom_opc_options.ini && bash /home/t00886357/fia_sink_a5_port_base/vllm-ascend/csrc/cmake/scripts/fix_format.sh /home/t00886357/fia_sink_a5_port_base/vllm-ascend/csrc/build/binary/ascend950/gen
[2026-09-02 07:16:16] INFO: /home/t00886357/fia_sink_a5_port_base/vllm-ascend/csrc/build/autogen/inner/aic-ascend950-ops-info.ini does not exists in this project, skip generating compile commands.
[2026-09-02 07:16:16] [12/66] Building CXX object moe/causal_conv1d/op_host/CMakeFiles/ophost_transformer_tiling_obj.dir/__/__/chunk_fwd_o/op_host/chunk_fwd_o_tiling.cpp.o
[2026-09-02 07:16:16] /home/t00886357/fia_sink_a5_port_base/vllm-ascend/csrc/moe/chunk_fwd_o/op_host/chunk_fwd_o_tiling.cpp: In function ‘void optiling::ChunkFwdOTilingDataPrint(gert::TilingContext*, ChunkFwdOTilingData&)’:
[2026-09-02 07:16:16] /home/t00886357/fia_sink_a5_port_base/vllm-ascend/csrc/moe/chunk_fwd_o/op_host/chunk_fwd_o_tiling.cpp:40:10: warning: unused variable ‘nodeName’ [-Wunused-variable]
[2026-09-02 07:16:16]    40 |     auto nodeName = context->GetNodeName();
[2026-09-02 07:16:16]       |          ^~~~~~~~
[2026-09-02 07:16:16] /home/t00886357/fia_sink_a5_port_base/vllm-ascend/csrc/moe/chunk_fwd_o/op_host/chunk_fwd_o_tiling.cpp:38:89: warning: unused parameter ‘tiling’ [-Wunused-parameter]
[2026-09-02 07:16:16]    38 | static void ChunkFwdOTilingDataPrint(gert::TilingContext *context, ChunkFwdOTilingData &tiling)
[2026-09-02 07:16:16]       |                                                                    ~~~~~~~~~~~~~~~~~~~~~^~~~~~
[2026-09-02 07:16:16] /home/t00886357/fia_sink_a5_port_base/vllm-ascend/csrc/moe/chunk_fwd_o/op_host/chunk_fwd_o_tiling.cpp: In function ‘ge::graphStatus optiling::Tiling4ChunkFwdO(gert::TilingContext*)’:
[2026-09-02 07:16:16] /home/t00886357/fia_sink_a5_port_base/vllm-ascend/csrc/moe/chunk_fwd_o/op_host/chunk_fwd_o_tiling.cpp:82:19: warning: conversion from ‘double’ to ‘float’ may change value [-Wfloat-conversion]
[2026-09-02 07:16:16]    82 |     float scale = *(attrPtr->GetAttrPointer<double>(ATTR_SCALE_IDX));
[2026-09-02 07:16:16]       |                   ^~~~~~~~~~~~~~~~~~~~~~~~~~~~~~~~~~~~~~~~~~~~~~~~~~
[2026-09-02 07:16:16] [13/66] Building CXX object moe/causal_conv1d/op_host/CMakeFiles/ophost_transformer_tiling_obj.dir/__/__/chunk_gated_delta_rule_fwd_h/op_host/chunk_gated_delta_rule_fwd_h_tiling.cpp.o
[2026-09-02 07:16:16] /home/t00886357/fia_sink_a5_port_base/vllm-ascend/csrc/moe/chunk_gated_delta_rule_fwd_h/op_host/chunk_gated_delta_rule_fwd_h_tiling.cpp: In function ‘void optiling::ChunkGatedDeltaRuleFwdHTilingDataPrint(gert::TilingContext*, ChunkGatedDeltaRuleFwdHTilingData&)’:
[2026-09-02 07:16:16] /home/t00886357/fia_sink_a5_port_base/vllm-ascend/csrc/moe/chunk_gated_delta_rule_fwd_h/op_host/chunk_gated_delta_rule_fwd_h_tiling.cpp:59:10: warning: unused variable ‘nodeName’ [-Wunused-variable]
[2026-09-02 07:16:16]    59 |     auto nodeName = context->GetNodeName();
[2026-09-02 07:16:16]       |          ^~~~~~~~
[2026-09-02 07:16:16] /home/t00886357/fia_sink_a5_port_base/vllm-ascend/csrc/moe/chunk_gated_delta_rule_fwd_h/op_host/chunk_gated_delta_rule_fwd_h_tiling.cpp:57:117: warning: unused parameter ‘tiling’ [-Wunused-parameter]
[2026-09-02 07:16:16]    57 | static void ChunkGatedDeltaRuleFwdHTilingDataPrint(gert::TilingContext *context, ChunkGatedDeltaRuleFwdHTilingData &tiling)
[2026-09-02 07:16:16]       |                                                                                  ~~~~~~~~~~~~~~~~~~~~~~~~~~~~~~~~~~~^~~~~~
[2026-09-02 07:16:16] [14/66] Building CXX object moe/causal_conv1d/op_host/CMakeFiles/ophost_transformer_tiling_obj.dir/__/__/__/attention/inplace_partial_rotary_mul/op_host/rope_regbase_tiling_ab.cpp.o
[2026-09-02 07:16:16] In file included from /home/t00886357/fia_sink_a5_port_base/vllm-ascend/csrc/attention/inplace_partial_rotary_mul/op_host/rope_regbase_tiling_ab.cpp:16:
[2026-09-02 07:16:16] /home/t00886357/fia_sink_a5_port_base/vllm-ascend/csrc/attention/inplace_partial_rotary_mul/op_host/inplace_partial_rotary_mul_tiling.h:220:7: warning: ‘class optiling::RopeRegBaseTilingClass’ has virtual functions and accessible non-virtual destructor [-Wnon-virtual-dtor]
[2026-09-02 07:16:16]   220 | class RopeRegBaseTilingClass {
[2026-09-02 07:16:16]       |       ^~~~~~~~~~~~~~~~~~~~~~
[2026-09-02 07:16:16] /home/t00886357/fia_sink_a5_port_base/vllm-ascend/csrc/attention/inplace_partial_rotary_mul/op_host/inplace_partial_rotary_mul_tiling.h:349:7: warning: base class ‘class optiling::RopeRegBaseTilingClass’ has accessible non-virtual destructor [-Wnon-virtual-dtor]
[2026-09-02 07:16:16]   349 | class RopeRegBaseTilingClassAAndB : public RopeRegBaseTilingClass {
[2026-09-02 07:16:16]       |       ^~~~~~~~~~~~~~~~~~~~~~~~~~~
[2026-09-02 07:16:16] /home/t00886357/fia_sink_a5_port_base/vllm-ascend/csrc/attention/inplace_partial_rotary_mul/op_host/inplace_partial_rotary_mul_tiling.h:349:7: warning: ‘class optiling::RopeRegBaseTilingClassAAndB’ has virtual functions and accessible non-virtual destructor [-Wnon-virtual-dtor]
[2026-09-02 07:16:16] /home/t00886357/fia_sink_a5_port_base/vllm-ascend/csrc/attention/inplace_partial_rotary_mul/op_host/inplace_partial_rotary_mul_tiling.h:384:7: warning: base class ‘class optiling::RopeRegBaseTilingClass’ has accessible non-virtual destructor [-Wnon-virtual-dtor]
[2026-09-02 07:16:16]   384 | class RopeRegBaseTilingClassAB : public RopeRegBaseTilingClass {
[2026-09-02 07:16:16]       |       ^~~~~~~~~~~~~~~~~~~~~~~~
[2026-09-02 07:16:16] /home/t00886357/fia_sink_a5_port_base/vllm-ascend/csrc/attention/inplace_partial_rotary_mul/op_host/inplace_partial_rotary_mul_tiling.h:384:7: warning: ‘class optiling::RopeRegBaseTilingClassAB’ has virtual functions and accessible non-virtual destructor [-Wnon-virtual-dtor]
[2026-09-02 07:16:16] /home/t00886357/fia_sink_a5_port_base/vllm-ascend/csrc/attention/inplace_partial_rotary_mul/op_host/inplace_partial_rotary_mul_tiling.h:408:7: warning: base class ‘class optiling::RopeRegBaseTilingClass’ has accessible non-virtual destructor [-Wnon-virtual-dtor]
[2026-09-02 07:16:16]   408 | class RopeRegBaseTilingClassABAAndBA : public RopeRegBaseTilingClass {
[2026-09-02 07:16:16]       |       ^~~~~~~~~~~~~~~~~~~~~~~~~~~~~~
[2026-09-02 07:16:16] /home/t00886357/fia_sink_a5_port_base/vllm-ascend/csrc/attention/inplace_partial_rotary_mul/op_host/inplace_partial_rotary_mul_tiling.h:408:7: warning: ‘class optiling::RopeRegBaseTilingClassABAAndBA’ has virtual functions and accessible non-virtual destructor [-Wnon-virtual-dtor]
[2026-09-02 07:16:16] /home/t00886357/fia_sink_a5_port_base/vllm-ascend/csrc/attention/inplace_partial_rotary_mul/op_host/inplace_partial_rotary_mul_tiling.h:442:7: warning: base class ‘class optiling::RopeRegBaseTilingClass’ has accessible non-virtual destructor [-Wnon-virtual-dtor]
[2026-09-02 07:16:16]   442 | class RopeRegBaseTilingClassBAB : public RopeRegBaseTilingClass {
[2026-09-02 07:16:16]       |       ^~~~~~~~~~~~~~~~~~~~~~~~~
[2026-09-02 07:16:16] /home/t00886357/fia_sink_a5_port_base/vllm-ascend/csrc/attention/inplace_partial_rotary_mul/op_host/inplace_partial_rotary_mul_tiling.h:442:7: warning: ‘class optiling::RopeRegBaseTilingClassBAB’ has virtual functions and accessible non-virtual destructor [-Wnon-virtual-dtor]
[2026-09-02 07:16:16] /home/t00886357/fia_sink_a5_port_base/vllm-ascend/csrc/attention/inplace_partial_rotary_mul/op_host/inplace_partial_rotary_mul_tiling.h: In constructor ‘optiling::RopeRegBaseTilingClassBAB::RopeRegBaseTilingClassBAB(gert::TilingContext*)’:
[2026-09-02 07:16:16] /home/t00886357/fia_sink_a5_port_base/vllm-ascend/csrc/attention/inplace_partial_rotary_mul/op_host/inplace_partial_rotary_mul_tiling.h:444:61: warning: declaration of ‘context_’ shadows a member of ‘optiling::RopeRegBaseTilingClassBAB’ [-Wshadow]
[2026-09-02 07:16:16]   444 |     explicit RopeRegBaseTilingClassBAB(gert::TilingContext *context_) : RopeRegBaseTilingClass(context_)
[2026-09-02 07:16:16]       |                                        ~~~~~~~~~~~~~~~~~~~~~^~~~~~~~
[2026-09-02 07:16:16] /home/t00886357/fia_sink_a5_port_base/vllm-ascend/csrc/attention/inplace_partial_rotary_mul/op_host/inplace_partial_rotary_mul_tiling.h:336:26: note: shadowed declaration is here
[2026-09-02 07:16:16]   336 |     gert::TilingContext* context_ = nullptr;
[2026-09-02 07:16:16]       |                          ^~~~~~~~
[2026-09-02 07:16:16] /home/t00886357/fia_sink_a5_port_base/vllm-ascend/csrc/attention/inplace_partial_rotary_mul/op_host/inplace_partial_rotary_mul_tiling.h: In constructor ‘optiling::RopeRegBaseTilingClassBAB::RopeRegBaseTilingClassBAB(gert::TilingContext*)’:
[2026-09-02 07:16:16] /home/t00886357/fia_sink_a5_port_base/vllm-ascend/csrc/attention/inplace_partial_rotary_mul/op_host/inplace_partial_rotary_mul_tiling.h:444:61: warning: declaration of ‘context_’ shadows a member of ‘optiling::RopeRegBaseTilingClassBAB’ [-Wshadow]
[2026-09-02 07:16:16]   444 |     explicit RopeRegBaseTilingClassBAB(gert::TilingContext *context_) : RopeRegBaseTilingClass(context_)
[2026-09-02 07:16:16]       |                                        ~~~~~~~~~~~~~~~~~~~~~^~~~~~~~
[2026-09-02 07:16:16] /home/t00886357/fia_sink_a5_port_base/vllm-ascend/csrc/attention/inplace_partial_rotary_mul/op_host/inplace_partial_rotary_mul_tiling.h:336:26: note: shadowed declaration is here
[2026-09-02 07:16:16]   336 |     gert::TilingContext* context_ = nullptr;
[2026-09-02 07:16:16]       |                          ^~~~~~~~
[2026-09-02 07:16:16] /home/t00886357/fia_sink_a5_port_base/vllm-ascend/csrc/attention/inplace_partial_rotary_mul/op_host/inplace_partial_rotary_mul_tiling.h: In constructor ‘optiling::RopeRegBaseTilingClassBAB::RopeRegBaseTilingClassBAB(gert::TilingContext*)’:
[2026-09-02 07:16:16] /home/t00886357/fia_sink_a5_port_base/vllm-ascend/csrc/attention/inplace_partial_rotary_mul/op_host/inplace_partial_rotary_mul_tiling.h:444:61: warning: declaration of ‘context_’ shadows a member of ‘optiling::RopeRegBaseTilingClassBAB’ [-Wshadow]
[2026-09-02 07:16:16]   444 |     explicit RopeRegBaseTilingClassBAB(gert::TilingContext *context_) : RopeRegBaseTilingClass(context_)
[2026-09-02 07:16:16]       |                                        ~~~~~~~~~~~~~~~~~~~~~^~~~~~~~
[2026-09-02 07:16:16] /home/t00886357/fia_sink_a5_port_base/vllm-ascend/csrc/attention/inplace_partial_rotary_mul/op_host/inplace_partial_rotary_mul_tiling.h:336:26: note: shadowed declaration is here
[2026-09-02 07:16:16]   336 |     gert::TilingContext* context_ = nullptr;
[2026-09-02 07:16:16]       |                          ^~~~~~~~
[2026-09-02 07:16:16] In file included from /home/t00886357/fia_sink_a5_port_base/vllm-ascend/csrc/utils/inc/log/ops_log.h:18,
[2026-09-02 07:16:16]                  from /home/t00886357/fia_sink_a5_port_base/vllm-ascend/csrc/utils/inc/error/ops_error.h:18,
[2026-09-02 07:16:16]                  from /home/t00886357/fia_sink_a5_port_base/vllm-ascend/csrc/attention/inplace_partial_rotary_mul/op_host/inplace_partial_rotary_mul_tiling.h:27:
[2026-09-02 07:16:16] /home/t00886357/fia_sink_a5_port_base/vllm-ascend/csrc/attention/inplace_partial_rotary_mul/op_host/rope_regbase_tiling_ab.cpp: In member function ‘virtual ge::graphStatus optiling::RopeRegBaseTilingClassAB::PostTiling()’:
[2026-09-02 07:16:16] /home/t00886357/fia_sink_a5_port_base/vllm-ascend/csrc/utils/inc/log/inner/dfx_base.h:120:17: warning: format ‘%ld’ expects argument of type ‘long int’, but argument 28 has type ‘uint64_t’ {aka ‘long unsigned int’} [-Wformat=]
[2026-09-02 07:16:16]   120 |                 "[%s:%d][%s]%s[%s][%lu] OpName:[%s] " #FMT,                                                     \
[2026-09-02 07:16:16] /home/t00886357/fia_sink_a5_port_base/vllm-ascend/csrc/utils/inc/log/inner/dfx_base.h:149:44: note: in expansion of macro ‘OPS_LOG_STUB’
[2026-09-02 07:16:16]   149 | #define OPS_LOG_STUB_I(OPS_DESC, FMT, ...) OPS_LOG_STUB(OP, DLOG_INFO, OPS_DESC, FMT, ##__VA_ARGS__)
[2026-09-02 07:16:16]       |                                            ^~~~~~~~~~~~
[2026-09-02 07:16:16] /home/t00886357/fia_sink_a5_port_base/vllm-ascend/csrc/utils/inc/log/ops_log.h:22:34: note: in expansion of macro ‘OPS_LOG_STUB_I’
[2026-09-02 07:16:16]    22 | #define OPS_LOG_I(OPS_DESC, ...) OPS_LOG_STUB_I(OPS_DESC, __VA_ARGS__)
[2026-09-02 07:16:16]       |                                  ^~~~~~~~~~~~~~
[2026-09-02 07:16:16] /home/t00886357/fia_sink_a5_port_base/vllm-ascend/csrc/attention/inplace_partial_rotary_mul/op_host/rope_regbase_tiling_ab.cpp:139:5: note: in expansion of macro ‘OPS_LOG_I’
[2026-09-02 07:16:16]   139 |     OPS_LOG_I(context_->GetNodeName(),
[2026-09-02 07:16:16]       |     ^~~~~~~~~
[2026-09-02 07:16:16] [15/66] Building CXX object moe/causal_conv1d/op_host/CMakeFiles/ophost_transformer_tiling_obj.dir/__/__/__/attention/kv_quant_sparse_attn_sharedkv/op_host/kv_quant_sparse_attn_sharedkv_check.cpp.o
[2026-09-02 07:16:16] In file included from /home/t00886357/fia_sink_a5_port_base/vllm-ascend/csrc/attention/kv_quant_sparse_attn_sharedkv/op_host/kv_quant_sparse_attn_sharedkv_check.h:24,
[2026-09-02 07:16:16]                  from /home/t00886357/fia_sink_a5_port_base/vllm-ascend/csrc/attention/kv_quant_sparse_attn_sharedkv/op_host/kv_quant_sparse_attn_sharedkv_check.cpp:16:
[2026-09-02 07:16:16] /usr/local/Ascend/cann-9.1.0/x86_64-linux/include/op_common/log/log.h:45:9: warning: redundant redeclaration of ‘int32_t CheckLogLevel(int32_t, int32_t)’ in same scope [-Wredundant-decls]
[2026-09-02 07:16:16]    45 | int32_t CheckLogLevel(int32_t moduleId, int32_t logLevel);
[2026-09-02 07:16:16]       |         ^~~~~~~~~~~~~
[2026-09-02 07:16:16] In file included from <command-line>:
[2026-09-02 07:16:16] /home/t00886357/fia_sink_a5_port_base/vllm-ascend/csrc/common/include/cann_compat.h:24:9: note: previous declaration of ‘int32_t CheckLogLevel(int32_t, int32_t)’
[2026-09-02 07:16:16]    24 | int32_t CheckLogLevel(int32_t moduleId, int32_t logLevel);
[2026-09-02 07:16:16]       |         ^~~~~~~~~~~~~
[2026-09-02 07:16:16] /usr/local/Ascend/cann-9.1.0/x86_64-linux/include/op_common/log/log.h:46:6: warning: redundant redeclaration of ‘void DlogRecord(int32_t, int32_t, const char*, ...)’ in same scope [-Wredundant-decls]
[2026-09-02 07:16:16]    46 | void DlogRecord(int32_t moduleId, int32_t level, const char* fmt, ...);
[2026-09-02 07:16:16]       |      ^~~~~~~~~~
[2026-09-02 07:16:16] /home/t00886357/fia_sink_a5_port_base/vllm-ascend/csrc/common/include/cann_compat.h:25:6: note: previous declaration of ‘void DlogRecord(int32_t, int32_t, const char*, ...)’
[2026-09-02 07:16:16]    25 | void DlogRecord(int32_t moduleId, int32_t level, const char *fmt, ...);
[2026-09-02 07:16:16]       |      ^~~~~~~~~~
[2026-09-02 07:16:16] /home/t00886357/fia_sink_a5_port_base/vllm-ascend/csrc/attention/kv_quant_sparse_attn_sharedkv/op_host/kv_quant_sparse_attn_sharedkv_check.h:415:7: warning: ‘class optiling::KvQuantSASTilingCheck’ has virtual functions and accessible non-virtual destructor [-Wnon-virtual-dtor]
[2026-09-02 07:16:16]   415 | class KvQuantSASTilingCheck {
[2026-09-02 07:16:16]       |       ^~~~~~~~~~~~~~~~~~~~~
[2026-09-02 07:16:16] [16/66] Building CXX object moe/causal_conv1d/op_host/CMakeFiles/ophost_transformer_tiling_obj.dir/__/__/__/attention/fused_infer_attention_score_v2_sink/op_host/fused_infer_attention_score_v2_sink_tiling_register.cpp.o
[2026-09-02 07:16:16] [17/66] Building CXX object moe/causal_conv1d/op_host/CMakeFiles/ophost_transformer_tiling_obj.dir/__/__/__/attention/fused_infer_attention_score_v2_sink/op_host/fused_infer_attention_score_v2_sink_tiling_check.cpp.o
[2026-09-02 07:16:16] [18/66] Building CXX object moe/causal_conv1d/op_host/CMakeFiles/ophost_transformer_tiling_obj.dir/__/__/swiglu_group_quant/op_host/swiglu_group_quant_tiling.cpp.o
[2026-09-02 07:16:16] /home/t00886357/fia_sink_a5_port_base/vllm-ascend/csrc/moe/swiglu_group_quant/op_host/swiglu_group_quant_tiling.cpp: In member function ‘ge::graphStatus optiling::SwigluGroupQuantTiling::GetAttr()’:
[2026-09-02 07:16:16] /home/t00886357/fia_sink_a5_port_base/vllm-ascend/csrc/moe/swiglu_group_quant/op_host/swiglu_group_quant_tiling.cpp:125:29: warning: comparing floating-point with ‘==’ or ‘!=’ is unsafe [-Wfloat-equal]
[2026-09-02 07:16:16]   125 |         if (*clampValueAttr != 0.0) {
[2026-09-02 07:16:16]       |             ~~~~~~~~~~~~~~~~^~~~~~
[2026-09-02 07:16:16] In file included from /home/t00886357/fia_sink_a5_port_base/vllm-ascend/csrc/utils/inc/log/ops_log.h:18,
[2026-09-02 07:16:16]                  from /home/t00886357/fia_sink_a5_port_base/vllm-ascend/csrc/utils/inc/error/ops_error.h:18,
[2026-09-02 07:16:16]                  from /home/t00886357/fia_sink_a5_port_base/vllm-ascend/csrc/moe/swiglu_group_quant/op_host/swiglu_group_quant_tiling.h:29,
[2026-09-02 07:16:16]                  from /home/t00886357/fia_sink_a5_port_base/vllm-ascend/csrc/moe/swiglu_group_quant/op_host/swiglu_group_quant_tiling.cpp:17:
[2026-09-02 07:16:16] /home/t00886357/fia_sink_a5_port_base/vllm-ascend/csrc/moe/swiglu_group_quant/op_host/swiglu_group_quant_tiling.cpp: In member function ‘ge::graphStatus optiling::SwigluGroupQuantTiling::GetShapeAttrsInfoInner()’:
[2026-09-02 07:16:16] /home/t00886357/fia_sink_a5_port_base/vllm-ascend/csrc/utils/inc/log/inner/dfx_base.h:120:17: warning: format ‘%d’ expects argument of type ‘int’, but argument 12 has type ‘long int’ [-Wformat=]
[2026-09-02 07:16:16]   120 |                 "[%s:%d][%s]%s[%s][%lu] OpName:[%s] " #FMT,                                                     \
[2026-09-02 07:16:16] /home/t00886357/fia_sink_a5_port_base/vllm-ascend/csrc/utils/inc/log/inner/dfx_base.h:131:13: note: in definition of macro ‘OPS_LOG_STUB_IF’
[2026-09-02 07:16:16]   131 |             LOG_FUNC;                                                                                                  \
[2026-09-02 07:16:16]       |             ^~~~~~~~
[2026-09-02 07:16:16] /home/t00886357/fia_sink_a5_port_base/vllm-ascend/csrc/moe/swiglu_group_quant/op_host/swiglu_group_quant_tiling.cpp:181:5: note: in expansion of macro ‘OPS_ERR_IF’
[2026-09-02 07:16:16]   181 |     OPS_ERR_IF((quantMode_ == FP8_QUANT && d_ % 256 != 0),
[2026-09-02 07:16:16]       |     ^~~~~~~~~~
[2026-09-02 07:16:16] /home/t00886357/fia_sink_a5_port_base/vllm-ascend/csrc/utils/inc/log/inner/dfx_base.h:138:9: note: in expansion of macro ‘OPS_LOG_STUB’
[2026-09-02 07:16:16]   138 |         OPS_LOG_STUB(OP, DLOG_ERROR, OPS_DESC, FMT, ##__VA_ARGS__);                                                    \
[2026-09-02 07:16:16]       |         ^~~~~~~~~~~~
[2026-09-02 07:16:16] /home/t00886357/fia_sink_a5_port_base/vllm-ascend/csrc/utils/inc/log/ops_log.h:24:34: note: in expansion of macro ‘OPS_INNER_ERR_STUB’
[2026-09-02 07:16:16]    24 | #define OPS_LOG_E(OPS_DESC, ...) OPS_INNER_ERR_STUB("EZ9999", OPS_DESC, __VA_ARGS__)
[2026-09-02 07:16:16]       |                                  ^~~~~~~~~~~~~~~~~~
[2026-09-02 07:16:16] /home/t00886357/fia_sink_a5_port_base/vllm-ascend/csrc/moe/swiglu_group_quant/op_host/swiglu_group_quant_tiling.cpp:182:19: note: in expansion of macro ‘OPS_LOG_E’
[2026-09-02 07:16:16]   182 |                   OPS_LOG_E(context_->GetNodeName(), "x last Dim must be divisible by 256 when quant_mode == %d.", FP8_QUANT),
[2026-09-02 07:16:16]       |                   ^~~~~~~~~
[2026-09-02 07:16:16] /home/t00886357/fia_sink_a5_port_base/vllm-ascend/csrc/moe/swiglu_group_quant/op_host/swiglu_group_quant_tiling.cpp:182:54: warning: format ‘%d’ expects argument of type ‘int’, but argument 6 has type ‘long int’ [-Wformat=]
[2026-09-02 07:16:16]   182 |                   OPS_LOG_E(context_->GetNodeName(), "x last Dim must be divisible by 256 when quant_mode == %d.", FP8_QUANT),
[2026-09-02 07:16:16]       |                                                                                                                    ~~~~~~~~~
[2026-09-02 07:16:16]       |                                                                                                                    |
[2026-09-02 07:16:16]       |                                                                                                                    long int
[2026-09-02 07:16:16] /home/t00886357/fia_sink_a5_port_base/vllm-ascend/csrc/utils/inc/log/inner/dfx_base.h:131:13: note: in definition of macro ‘OPS_LOG_STUB_IF’
[2026-09-02 07:16:16]   131 |             LOG_FUNC;                                                                                                  \
[2026-09-02 07:16:16]       |             ^~~~~~~~
[2026-09-02 07:16:16] /home/t00886357/fia_sink_a5_port_base/vllm-ascend/csrc/moe/swiglu_group_quant/op_host/swiglu_group_quant_tiling.cpp:181:5: note: in expansion of macro ‘OPS_ERR_IF’
[2026-09-02 07:16:16]   181 |     OPS_ERR_IF((quantMode_ == FP8_QUANT && d_ % 256 != 0),
[2026-09-02 07:16:16]       |     ^~~~~~~~~~
[2026-09-02 07:16:16] /home/t00886357/fia_sink_a5_port_base/vllm-ascend/csrc/utils/inc/log/ops_log.h:24:34: note: in expansion of macro ‘OPS_INNER_ERR_STUB’
[2026-09-02 07:16:16]    24 | #define OPS_LOG_E(OPS_DESC, ...) OPS_INNER_ERR_STUB("EZ9999", OPS_DESC, __VA_ARGS__)
[2026-09-02 07:16:16]       |                                  ^~~~~~~~~~~~~~~~~~
[2026-09-02 07:16:16] /home/t00886357/fia_sink_a5_port_base/vllm-ascend/csrc/moe/swiglu_group_quant/op_host/swiglu_group_quant_tiling.cpp:182:19: note: in expansion of macro ‘OPS_LOG_E’
[2026-09-02 07:16:16]   182 |                   OPS_LOG_E(context_->GetNodeName(), "x last Dim must be divisible by 256 when quant_mode == %d.", FP8_QUANT),
[2026-09-02 07:16:16]       |                   ^~~~~~~~~
[2026-09-02 07:16:16] /home/t00886357/fia_sink_a5_port_base/vllm-ascend/csrc/moe/swiglu_group_quant/op_host/swiglu_group_quant_tiling.cpp: In member function ‘void optiling::SwigluGroupQuantTiling::SetTilingData()’:
[2026-09-02 07:16:16] /home/t00886357/fia_sink_a5_port_base/vllm-ascend/csrc/moe/swiglu_group_quant/op_host/swiglu_group_quant_tiling.cpp:487:32: warning: conversion from ‘double’ to ‘float’ may change value [-Wfloat-conversion]
[2026-09-02 07:16:16]   487 |     tilingData_.set_clampValue(clampValue_);
[2026-09-02 07:16:16]       |                                ^~~~~~~~~~~
[2026-09-02 07:16:16] [19/66] Building CXX object moe/causal_conv1d/op_host/CMakeFiles/ophost_transformer_tiling_obj.dir/__/__/__/attention/inplace_partial_rotary_mul/op_host/rope_regbase_tiling_a_and_b.cpp.o
[2026-09-02 07:16:16] In file included from /home/t00886357/fia_sink_a5_port_base/vllm-ascend/csrc/attention/inplace_partial_rotary_mul/op_host/rope_regbase_tiling_a_and_b.cpp:15:
[2026-09-02 07:16:16] /home/t00886357/fia_sink_a5_port_base/vllm-ascend/csrc/attention/inplace_partial_rotary_mul/op_host/inplace_partial_rotary_mul_tiling.h:220:7: warning: ‘class optiling::RopeRegBaseTilingClass’ has virtual functions and accessible non-virtual destructor [-Wnon-virtual-dtor]
[2026-09-02 07:16:16]   220 | class RopeRegBaseTilingClass {
[2026-09-02 07:16:16]       |       ^~~~~~~~~~~~~~~~~~~~~~
[2026-09-02 07:16:16] /home/t00886357/fia_sink_a5_port_base/vllm-ascend/csrc/attention/inplace_partial_rotary_mul/op_host/inplace_partial_rotary_mul_tiling.h:349:7: warning: base class ‘class optiling::RopeRegBaseTilingClass’ has accessible non-virtual destructor [-Wnon-virtual-dtor]
[2026-09-02 07:16:16]   349 | class RopeRegBaseTilingClassAAndB : public RopeRegBaseTilingClass {
[2026-09-02 07:16:16]       |       ^~~~~~~~~~~~~~~~~~~~~~~~~~~
[2026-09-02 07:16:16] /home/t00886357/fia_sink_a5_port_base/vllm-ascend/csrc/attention/inplace_partial_rotary_mul/op_host/inplace_partial_rotary_mul_tiling.h:349:7: warning: ‘class optiling::RopeRegBaseTilingClassAAndB’ has virtual functions and accessible non-virtual destructor [-Wnon-virtual-dtor]
[2026-09-02 07:16:16] /home/t00886357/fia_sink_a5_port_base/vllm-ascend/csrc/attention/inplace_partial_rotary_mul/op_host/inplace_partial_rotary_mul_tiling.h:384:7: warning: base class ‘class optiling::RopeRegBaseTilingClass’ has accessible non-virtual destructor [-Wnon-virtual-dtor]
[2026-09-02 07:16:16]   384 | class RopeRegBaseTilingClassAB : public RopeRegBaseTilingClass {
[2026-09-02 07:16:16]       |       ^~~~~~~~~~~~~~~~~~~~~~~~
[2026-09-02 07:16:16] /home/t00886357/fia_sink_a5_port_base/vllm-ascend/csrc/attention/inplace_partial_rotary_mul/op_host/inplace_partial_rotary_mul_tiling.h:384:7: warning: ‘class optiling::RopeRegBaseTilingClassAB’ has virtual functions and accessible non-virtual destructor [-Wnon-virtual-dtor]
[2026-09-02 07:16:16] /home/t00886357/fia_sink_a5_port_base/vllm-ascend/csrc/attention/inplace_partial_rotary_mul/op_host/inplace_partial_rotary_mul_tiling.h:408:7: warning: base class ‘class optiling::RopeRegBaseTilingClass’ has accessible non-virtual destructor [-Wnon-virtual-dtor]
[2026-09-02 07:16:16]   408 | class RopeRegBaseTilingClassABAAndBA : public RopeRegBaseTilingClass {
[2026-09-02 07:16:16]       |       ^~~~~~~~~~~~~~~~~~~~~~~~~~~~~~
[2026-09-02 07:16:16] /home/t00886357/fia_sink_a5_port_base/vllm-ascend/csrc/attention/inplace_partial_rotary_mul/op_host/inplace_partial_rotary_mul_tiling.h:408:7: warning: ‘class optiling::RopeRegBaseTilingClassABAAndBA’ has virtual functions and accessible non-virtual destructor [-Wnon-virtual-dtor]
[2026-09-02 07:16:16] /home/t00886357/fia_sink_a5_port_base/vllm-ascend/csrc/attention/inplace_partial_rotary_mul/op_host/inplace_partial_rotary_mul_tiling.h:442:7: warning: base class ‘class optiling::RopeRegBaseTilingClass’ has accessible non-virtual destructor [-Wnon-virtual-dtor]
[2026-09-02 07:16:16]   442 | class RopeRegBaseTilingClassBAB : public RopeRegBaseTilingClass {
[2026-09-02 07:16:16]       |       ^~~~~~~~~~~~~~~~~~~~~~~~~
[2026-09-02 07:16:16] /home/t00886357/fia_sink_a5_port_base/vllm-ascend/csrc/attention/inplace_partial_rotary_mul/op_host/inplace_partial_rotary_mul_tiling.h:442:7: warning: ‘class optiling::RopeRegBaseTilingClassBAB’ has virtual functions and accessible non-virtual destructor [-Wnon-virtual-dtor]
[2026-09-02 07:16:16] /home/t00886357/fia_sink_a5_port_base/vllm-ascend/csrc/attention/inplace_partial_rotary_mul/op_host/inplace_partial_rotary_mul_tiling.h: In constructor ‘optiling::RopeRegBaseTilingClassBAB::RopeRegBaseTilingClassBAB(gert::TilingContext*)’:
[2026-09-02 07:16:16] /home/t00886357/fia_sink_a5_port_base/vllm-ascend/csrc/attention/inplace_partial_rotary_mul/op_host/inplace_partial_rotary_mul_tiling.h:444:61: warning: declaration of ‘context_’ shadows a member of ‘optiling::RopeRegBaseTilingClassBAB’ [-Wshadow]
[2026-09-02 07:16:16]   444 |     explicit RopeRegBaseTilingClassBAB(gert::TilingContext *context_) : RopeRegBaseTilingClass(context_)
[2026-09-02 07:16:16]       |                                        ~~~~~~~~~~~~~~~~~~~~~^~~~~~~~
[2026-09-02 07:16:16] /home/t00886357/fia_sink_a5_port_base/vllm-ascend/csrc/attention/inplace_partial_rotary_mul/op_host/inplace_partial_rotary_mul_tiling.h:336:26: note: shadowed declaration is here
[2026-09-02 07:16:16]   336 |     gert::TilingContext* context_ = nullptr;
[2026-09-02 07:16:16]       |                          ^~~~~~~~
[2026-09-02 07:16:16] /home/t00886357/fia_sink_a5_port_base/vllm-ascend/csrc/attention/inplace_partial_rotary_mul/op_host/inplace_partial_rotary_mul_tiling.h: In constructor ‘optiling::RopeRegBaseTilingClassBAB::RopeRegBaseTilingClassBAB(gert::TilingContext*)’:
[2026-09-02 07:16:16] /home/t00886357/fia_sink_a5_port_base/vllm-ascend/csrc/attention/inplace_partial_rotary_mul/op_host/inplace_partial_rotary_mul_tiling.h:444:61: warning: declaration of ‘context_’ shadows a member of ‘optiling::RopeRegBaseTilingClassBAB’ [-Wshadow]
[2026-09-02 07:16:16]   444 |     explicit RopeRegBaseTilingClassBAB(gert::TilingContext *context_) : RopeRegBaseTilingClass(context_)
[2026-09-02 07:16:16]       |                                        ~~~~~~~~~~~~~~~~~~~~~^~~~~~~~
[2026-09-02 07:16:16] /home/t00886357/fia_sink_a5_port_base/vllm-ascend/csrc/attention/inplace_partial_rotary_mul/op_host/inplace_partial_rotary_mul_tiling.h:336:26: note: shadowed declaration is here
[2026-09-02 07:16:16]   336 |     gert::TilingContext* context_ = nullptr;
[2026-09-02 07:16:16]       |                          ^~~~~~~~
[2026-09-02 07:16:16] /home/t00886357/fia_sink_a5_port_base/vllm-ascend/csrc/attention/inplace_partial_rotary_mul/op_host/inplace_partial_rotary_mul_tiling.h: In constructor ‘optiling::RopeRegBaseTilingClassBAB::RopeRegBaseTilingClassBAB(gert::TilingContext*)’:
[2026-09-02 07:16:16] /home/t00886357/fia_sink_a5_port_base/vllm-ascend/csrc/attention/inplace_partial_rotary_mul/op_host/inplace_partial_rotary_mul_tiling.h:444:61: warning: declaration of ‘context_’ shadows a member of ‘optiling::RopeRegBaseTilingClassBAB’ [-Wshadow]
[2026-09-02 07:16:16]   444 |     explicit RopeRegBaseTilingClassBAB(gert::TilingContext *context_) : RopeRegBaseTilingClass(context_)
[2026-09-02 07:16:16]       |                                        ~~~~~~~~~~~~~~~~~~~~~^~~~~~~~
[2026-09-02 07:16:16] /home/t00886357/fia_sink_a5_port_base/vllm-ascend/csrc/attention/inplace_partial_rotary_mul/op_host/inplace_partial_rotary_mul_tiling.h:336:26: note: shadowed declaration is here
[2026-09-02 07:16:16]   336 |     gert::TilingContext* context_ = nullptr;
[2026-09-02 07:16:16]       |                          ^~~~~~~~
[2026-09-02 07:16:16] In file included from /home/t00886357/fia_sink_a5_port_base/vllm-ascend/csrc/utils/inc/log/ops_log.h:18,
[2026-09-02 07:16:16]                  from /home/t00886357/fia_sink_a5_port_base/vllm-ascend/csrc/utils/inc/error/ops_error.h:18,
[2026-09-02 07:16:16]                  from /home/t00886357/fia_sink_a5_port_base/vllm-ascend/csrc/attention/inplace_partial_rotary_mul/op_host/inplace_partial_rotary_mul_tiling.h:27:
[2026-09-02 07:16:16] /home/t00886357/fia_sink_a5_port_base/vllm-ascend/csrc/attention/inplace_partial_rotary_mul/op_host/rope_regbase_tiling_a_and_b.cpp: In member function ‘void optiling::RopeRegBaseTilingClassAAndB::SetTilingData()’:
[2026-09-02 07:16:16] /home/t00886357/fia_sink_a5_port_base/vllm-ascend/csrc/utils/inc/log/inner/dfx_base.h:120:17: warning: format ‘%ld’ expects argument of type ‘long int’, but argument 31 has type ‘uint64_t’ {aka ‘long unsigned int’} [-Wformat=]
[2026-09-02 07:16:16]   120 |                 "[%s:%d][%s]%s[%s][%lu] OpName:[%s] " #FMT,                                                     \
[2026-09-02 07:16:16] /home/t00886357/fia_sink_a5_port_base/vllm-ascend/csrc/utils/inc/log/inner/dfx_base.h:149:44: note: in expansion of macro ‘OPS_LOG_STUB’
[2026-09-02 07:16:16]   149 | #define OPS_LOG_STUB_I(OPS_DESC, FMT, ...) OPS_LOG_STUB(OP, DLOG_INFO, OPS_DESC, FMT, ##__VA_ARGS__)
[2026-09-02 07:16:16]       |                                            ^~~~~~~~~~~~
[2026-09-02 07:16:16] /home/t00886357/fia_sink_a5_port_base/vllm-ascend/csrc/utils/inc/log/ops_log.h:22:34: note: in expansion of macro ‘OPS_LOG_STUB_I’
[2026-09-02 07:16:16]    22 | #define OPS_LOG_I(OPS_DESC, ...) OPS_LOG_STUB_I(OPS_DESC, __VA_ARGS__)
[2026-09-02 07:16:16]       |                                  ^~~~~~~~~~~~~~
[2026-09-02 07:16:16] /home/t00886357/fia_sink_a5_port_base/vllm-ascend/csrc/attention/inplace_partial_rotary_mul/op_host/rope_regbase_tiling_a_and_b.cpp:155:5: note: in expansion of macro ‘OPS_LOG_I’
[2026-09-02 07:16:16]   155 |     OPS_LOG_I(context_->GetNodeName(),
[2026-09-02 07:16:16]       |     ^~~~~~~~~
[2026-09-02 07:16:16] [20/66] Building CXX object moe/causal_conv1d/op_host/CMakeFiles/ophost_transformer_tiling_obj.dir/__/__/hc_post/op_host/hc_post_tiling.cpp.o
[2026-09-02 07:16:16] /home/t00886357/fia_sink_a5_port_base/vllm-ascend/csrc/moe/hc_post/op_host/hc_post_tiling.cpp: In function ‘ge::graphStatus optiling::TilingPrepare4HcPost(gert::TilingParseContext*)’:
[2026-09-02 07:16:16] /home/t00886357/fia_sink_a5_port_base/vllm-ascend/csrc/moe/hc_post/op_host/hc_post_tiling.cpp:222:64: warning: unused parameter ‘context’ [-Wunused-parameter]
[2026-09-02 07:16:16]   222 | ge::graphStatus TilingPrepare4HcPost(gert::TilingParseContext* context)
[2026-09-02 07:16:16]       |                                      ~~~~~~~~~~~~~~~~~~~~~~~~~~^~~~~~~
[2026-09-02 07:16:16] [21/66] Building CXX object moe/causal_conv1d/op_host/CMakeFiles/ophost_transformer_tiling_obj.dir/__/__/__/attention/inplace_partial_rotary_mul/op_host/rope_regbase_tiling_bab.cpp.o
[2026-09-02 07:16:16] In file included from /home/t00886357/fia_sink_a5_port_base/vllm-ascend/csrc/attention/inplace_partial_rotary_mul/op_host/rope_regbase_tiling_bab.cpp:16:
[2026-09-02 07:16:16] /home/t00886357/fia_sink_a5_port_base/vllm-ascend/csrc/attention/inplace_partial_rotary_mul/op_host/inplace_partial_rotary_mul_tiling.h:220:7: warning: ‘class optiling::RopeRegBaseTilingClass’ has virtual functions and accessible non-virtual destructor [-Wnon-virtual-dtor]
[2026-09-02 07:16:16]   220 | class RopeRegBaseTilingClass {
[2026-09-02 07:16:16]       |       ^~~~~~~~~~~~~~~~~~~~~~
[2026-09-02 07:16:16] /home/t00886357/fia_sink_a5_port_base/vllm-ascend/csrc/attention/inplace_partial_rotary_mul/op_host/inplace_partial_rotary_mul_tiling.h:349:7: warning: base class ‘class optiling::RopeRegBaseTilingClass’ has accessible non-virtual destructor [-Wnon-virtual-dtor]
[2026-09-02 07:16:16]   349 | class RopeRegBaseTilingClassAAndB : public RopeRegBaseTilingClass {
[2026-09-02 07:16:16]       |       ^~~~~~~~~~~~~~~~~~~~~~~~~~~
[2026-09-02 07:16:16] /home/t00886357/fia_sink_a5_port_base/vllm-ascend/csrc/attention/inplace_partial_rotary_mul/op_host/inplace_partial_rotary_mul_tiling.h:349:7: warning: ‘class optiling::RopeRegBaseTilingClassAAndB’ has virtual functions and accessible non-virtual destructor [-Wnon-virtual-dtor]
[2026-09-02 07:16:16] /home/t00886357/fia_sink_a5_port_base/vllm-ascend/csrc/attention/inplace_partial_rotary_mul/op_host/inplace_partial_rotary_mul_tiling.h:384:7: warning: base class ‘class optiling::RopeRegBaseTilingClass’ has accessible non-virtual destructor [-Wnon-virtual-dtor]
[2026-09-02 07:16:16]   384 | class RopeRegBaseTilingClassAB : public RopeRegBaseTilingClass {
[2026-09-02 07:16:16]       |       ^~~~~~~~~~~~~~~~~~~~~~~~
[2026-09-02 07:16:16] /home/t00886357/fia_sink_a5_port_base/vllm-ascend/csrc/attention/inplace_partial_rotary_mul/op_host/inplace_partial_rotary_mul_tiling.h:384:7: warning: ‘class optiling::RopeRegBaseTilingClassAB’ has virtual functions and accessible non-virtual destructor [-Wnon-virtual-dtor]
[2026-09-02 07:16:16] /home/t00886357/fia_sink_a5_port_base/vllm-ascend/csrc/attention/inplace_partial_rotary_mul/op_host/inplace_partial_rotary_mul_tiling.h:408:7: warning: base class ‘class optiling::RopeRegBaseTilingClass’ has accessible non-virtual destructor [-Wnon-virtual-dtor]
[2026-09-02 07:16:16]   408 | class RopeRegBaseTilingClassABAAndBA : public RopeRegBaseTilingClass {
[2026-09-02 07:16:16]       |       ^~~~~~~~~~~~~~~~~~~~~~~~~~~~~~
[2026-09-02 07:16:16] /home/t00886357/fia_sink_a5_port_base/vllm-ascend/csrc/attention/inplace_partial_rotary_mul/op_host/inplace_partial_rotary_mul_tiling.h:408:7: warning: ‘class optiling::RopeRegBaseTilingClassABAAndBA’ has virtual functions and accessible non-virtual destructor [-Wnon-virtual-dtor]
[2026-09-02 07:16:16] /home/t00886357/fia_sink_a5_port_base/vllm-ascend/csrc/attention/inplace_partial_rotary_mul/op_host/inplace_partial_rotary_mul_tiling.h:442:7: warning: base class ‘class optiling::RopeRegBaseTilingClass’ has accessible non-virtual destructor [-Wnon-virtual-dtor]
[2026-09-02 07:16:16]   442 | class RopeRegBaseTilingClassBAB : public RopeRegBaseTilingClass {
[2026-09-02 07:16:16]       |       ^~~~~~~~~~~~~~~~~~~~~~~~~
[2026-09-02 07:16:16] /home/t00886357/fia_sink_a5_port_base/vllm-ascend/csrc/attention/inplace_partial_rotary_mul/op_host/inplace_partial_rotary_mul_tiling.h:442:7: warning: ‘class optiling::RopeRegBaseTilingClassBAB’ has virtual functions and accessible non-virtual destructor [-Wnon-virtual-dtor]
[2026-09-02 07:16:16] /home/t00886357/fia_sink_a5_port_base/vllm-ascend/csrc/attention/inplace_partial_rotary_mul/op_host/inplace_partial_rotary_mul_tiling.h: In constructor ‘optiling::RopeRegBaseTilingClassBAB::RopeRegBaseTilingClassBAB(gert::TilingContext*)’:
[2026-09-02 07:16:16] /home/t00886357/fia_sink_a5_port_base/vllm-ascend/csrc/attention/inplace_partial_rotary_mul/op_host/inplace_partial_rotary_mul_tiling.h:444:61: warning: declaration of ‘context_’ shadows a member of ‘optiling::RopeRegBaseTilingClassBAB’ [-Wshadow]
[2026-09-02 07:16:16]   444 |     explicit RopeRegBaseTilingClassBAB(gert::TilingContext *context_) : RopeRegBaseTilingClass(context_)
[2026-09-02 07:16:16]       |                                        ~~~~~~~~~~~~~~~~~~~~~^~~~~~~~
[2026-09-02 07:16:16] /home/t00886357/fia_sink_a5_port_base/vllm-ascend/csrc/attention/inplace_partial_rotary_mul/op_host/inplace_partial_rotary_mul_tiling.h:336:26: note: shadowed declaration is here
[2026-09-02 07:16:16]   336 |     gert::TilingContext* context_ = nullptr;
[2026-09-02 07:16:16]       |                          ^~~~~~~~
[2026-09-02 07:16:16] /home/t00886357/fia_sink_a5_port_base/vllm-ascend/csrc/attention/inplace_partial_rotary_mul/op_host/inplace_partial_rotary_mul_tiling.h: In constructor ‘optiling::RopeRegBaseTilingClassBAB::RopeRegBaseTilingClassBAB(gert::TilingContext*)’:
[2026-09-02 07:16:16] /home/t00886357/fia_sink_a5_port_base/vllm-ascend/csrc/attention/inplace_partial_rotary_mul/op_host/inplace_partial_rotary_mul_tiling.h:444:61: warning: declaration of ‘context_’ shadows a member of ‘optiling::RopeRegBaseTilingClassBAB’ [-Wshadow]
[2026-09-02 07:16:16]   444 |     explicit RopeRegBaseTilingClassBAB(gert::TilingContext *context_) : RopeRegBaseTilingClass(context_)
[2026-09-02 07:16:16]       |                                        ~~~~~~~~~~~~~~~~~~~~~^~~~~~~~
[2026-09-02 07:16:16] /home/t00886357/fia_sink_a5_port_base/vllm-ascend/csrc/attention/inplace_partial_rotary_mul/op_host/inplace_partial_rotary_mul_tiling.h:336:26: note: shadowed declaration is here
[2026-09-02 07:16:16]   336 |     gert::TilingContext* context_ = nullptr;
[2026-09-02 07:16:16]       |                          ^~~~~~~~
[2026-09-02 07:16:16] /home/t00886357/fia_sink_a5_port_base/vllm-ascend/csrc/attention/inplace_partial_rotary_mul/op_host/inplace_partial_rotary_mul_tiling.h: In constructor ‘optiling::RopeRegBaseTilingClassBAB::RopeRegBaseTilingClassBAB(gert::TilingContext*)’:
[2026-09-02 07:16:16] /home/t00886357/fia_sink_a5_port_base/vllm-ascend/csrc/attention/inplace_partial_rotary_mul/op_host/inplace_partial_rotary_mul_tiling.h:444:61: warning: declaration of ‘context_’ shadows a member of ‘optiling::RopeRegBaseTilingClassBAB’ [-Wshadow]
[2026-09-02 07:16:16]   444 |     explicit RopeRegBaseTilingClassBAB(gert::TilingContext *context_) : RopeRegBaseTilingClass(context_)
[2026-09-02 07:16:16]       |                                        ~~~~~~~~~~~~~~~~~~~~~^~~~~~~~
[2026-09-02 07:16:16] /home/t00886357/fia_sink_a5_port_base/vllm-ascend/csrc/attention/inplace_partial_rotary_mul/op_host/inplace_partial_rotary_mul_tiling.h:336:26: note: shadowed declaration is here
[2026-09-02 07:16:16]   336 |     gert::TilingContext* context_ = nullptr;
[2026-09-02 07:16:16]       |                          ^~~~~~~~
[2026-09-02 07:16:16] In file included from /home/t00886357/fia_sink_a5_port_base/vllm-ascend/csrc/utils/inc/log/ops_log.h:18,
[2026-09-02 07:16:16]                  from /home/t00886357/fia_sink_a5_port_base/vllm-ascend/csrc/utils/inc/error/ops_error.h:18,
[2026-09-02 07:16:16]                  from /home/t00886357/fia_sink_a5_port_base/vllm-ascend/csrc/attention/inplace_partial_rotary_mul/op_host/inplace_partial_rotary_mul_tiling.h:27:
[2026-09-02 07:16:16] /home/t00886357/fia_sink_a5_port_base/vllm-ascend/csrc/attention/inplace_partial_rotary_mul/op_host/rope_regbase_tiling_bab.cpp: In member function ‘void optiling::RopeRegBaseTilingClassBAB::PrintTilingData()’:
[2026-09-02 07:16:16] /home/t00886357/fia_sink_a5_port_base/vllm-ascend/csrc/utils/inc/log/inner/dfx_base.h:120:17: warning: format ‘%ld’ expects argument of type ‘long int’, but argument 32 has type ‘uint64_t’ {aka ‘long unsigned int’} [-Wformat=]
[2026-09-02 07:16:16]   120 |                 "[%s:%d][%s]%s[%s][%lu] OpName:[%s] " #FMT,                                                     \
[2026-09-02 07:16:16] /home/t00886357/fia_sink_a5_port_base/vllm-ascend/csrc/utils/inc/log/inner/dfx_base.h:149:44: note: in expansion of macro ‘OPS_LOG_STUB’
[2026-09-02 07:16:16]   149 | #define OPS_LOG_STUB_I(OPS_DESC, FMT, ...) OPS_LOG_STUB(OP, DLOG_INFO, OPS_DESC, FMT, ##__VA_ARGS__)
[2026-09-02 07:16:16]       |                                            ^~~~~~~~~~~~
[2026-09-02 07:16:16] /home/t00886357/fia_sink_a5_port_base/vllm-ascend/csrc/utils/inc/log/ops_log.h:22:34: note: in expansion of macro ‘OPS_LOG_STUB_I’
[2026-09-02 07:16:16]    22 | #define OPS_LOG_I(OPS_DESC, ...) OPS_LOG_STUB_I(OPS_DESC, __VA_ARGS__)
[2026-09-02 07:16:16]       |                                  ^~~~~~~~~~~~~~
[2026-09-02 07:16:16] /home/t00886357/fia_sink_a5_port_base/vllm-ascend/csrc/attention/inplace_partial_rotary_mul/op_host/rope_regbase_tiling_bab.cpp:133:5: note: in expansion of macro ‘OPS_LOG_I’
[2026-09-02 07:16:16]   133 |     OPS_LOG_I(context_->GetNodeName(),
[2026-09-02 07:16:16]       |     ^~~~~~~~~
[2026-09-02 07:16:16] [22/66] Building CXX object moe/causal_conv1d/op_host/CMakeFiles/ophost_transformer_tiling_obj.dir/__/__/__/attention/indexer_compress_epilog_v2/op_host/indexer_compress_epilog_v2_tiling.cpp.o
[2026-09-02 07:16:16] In file included from /home/t00886357/fia_sink_a5_port_base/vllm-ascend/csrc/utils/inc/log/ops_log.h:18,
[2026-09-02 07:16:16]                  from /home/t00886357/fia_sink_a5_port_base/vllm-ascend/csrc/utils/inc/error/ops_error.h:18,
[2026-09-02 07:16:16]                  from /home/t00886357/fia_sink_a5_port_base/vllm-ascend/csrc/attention/indexer_compress_epilog_v2/op_host/indexer_compress_epilog_v2_tiling.h:29,
[2026-09-02 07:16:16]                  from /home/t00886357/fia_sink_a5_port_base/vllm-ascend/csrc/attention/indexer_compress_epilog_v2/op_host/indexer_compress_epilog_v2_tiling.cpp:17:
[2026-09-02 07:16:16] /home/t00886357/fia_sink_a5_port_base/vllm-ascend/csrc/attention/indexer_compress_epilog_v2/op_host/indexer_compress_epilog_v2_tiling.cpp: In member function ‘ge::graphStatus optiling::IndexerCompressEpilogV2Tiling::GetShapeAttrsInfoInner()’:
[2026-09-02 07:16:16] /home/t00886357/fia_sink_a5_port_base/vllm-ascend/csrc/utils/inc/log/inner/dfx_base.h:120:17: warning: format ‘%d’ expects argument of type ‘int’, but argument 12 has type ‘long int’ [-Wformat=]
[2026-09-02 07:16:16]   120 |                 "[%s:%d][%s]%s[%s][%lu] OpName:[%s] " #FMT,                                                     \
[2026-09-02 07:16:16] /home/t00886357/fia_sink_a5_port_base/vllm-ascend/csrc/utils/inc/log/inner/dfx_base.h:131:13: note: in definition of macro ‘OPS_LOG_STUB_IF’
[2026-09-02 07:16:16]   131 |             LOG_FUNC;                                                                                                  \
[2026-09-02 07:16:16]       |             ^~~~~~~~
[2026-09-02 07:16:16] /home/t00886357/fia_sink_a5_port_base/vllm-ascend/csrc/attention/indexer_compress_epilog_v2/op_host/indexer_compress_epilog_v2_tiling.cpp:99:5: note: in expansion of macro ‘OPS_ERR_IF’
[2026-09-02 07:16:16]    99 |     OPS_ERR_IF(
[2026-09-02 07:16:16]       |     ^~~~~~~~~~
[2026-09-02 07:16:16] /home/t00886357/fia_sink_a5_port_base/vllm-ascend/csrc/utils/inc/log/inner/dfx_base.h:138:9: note: in expansion of macro ‘OPS_LOG_STUB’
[2026-09-02 07:16:16]   138 |         OPS_LOG_STUB(OP, DLOG_ERROR, OPS_DESC, FMT, ##__VA_ARGS__);                                                    \
[2026-09-02 07:16:16]       |         ^~~~~~~~~~~~
[2026-09-02 07:16:16] /home/t00886357/fia_sink_a5_port_base/vllm-ascend/csrc/utils/inc/log/ops_log.h:24:34: note: in expansion of macro ‘OPS_INNER_ERR_STUB’
[2026-09-02 07:16:16]    24 | #define OPS_LOG_E(OPS_DESC, ...) OPS_INNER_ERR_STUB("EZ9999", OPS_DESC, __VA_ARGS__)
[2026-09-02 07:16:16]       |                                  ^~~~~~~~~~~~~~~~~~
[2026-09-02 07:16:16] /home/t00886357/fia_sink_a5_port_base/vllm-ascend/csrc/attention/indexer_compress_epilog_v2/op_host/indexer_compress_epilog_v2_tiling.cpp:101:9: note: in expansion of macro ‘OPS_LOG_E’
[2026-09-02 07:16:16]   101 |         OPS_LOG_E(context_, "the dim of indexer_compress_cache only support %d, please check.", INPUTS_DIM_LIMIT),
[2026-09-02 07:16:16]       |         ^~~~~~~~~
[2026-09-02 07:16:16] /home/t00886357/fia_sink_a5_port_base/vllm-ascend/csrc/attention/indexer_compress_epilog_v2/op_host/indexer_compress_epilog_v2_tiling.cpp:101:29: warning: format ‘%d’ expects argument of type ‘int’, but argument 6 has type ‘long int’ [-Wformat=]
[2026-09-02 07:16:16]   101 |         OPS_LOG_E(context_, "the dim of indexer_compress_cache only support %d, please check.", INPUTS_DIM_LIMIT),
[2026-09-02 07:16:16]       |                                                                                                 ~~~~~~~~~~~~~~~~
[2026-09-02 07:16:16]       |                                                                                                 |
[2026-09-02 07:16:16]       |                                                                                                 long int
[2026-09-02 07:16:16] /home/t00886357/fia_sink_a5_port_base/vllm-ascend/csrc/utils/inc/log/inner/dfx_base.h:131:13: note: in definition of macro ‘OPS_LOG_STUB_IF’
[2026-09-02 07:16:16]   131 |             LOG_FUNC;                                                                                                  \
[2026-09-02 07:16:16]       |             ^~~~~~~~
[2026-09-02 07:16:16] /home/t00886357/fia_sink_a5_port_base/vllm-ascend/csrc/attention/indexer_compress_epilog_v2/op_host/indexer_compress_epilog_v2_tiling.cpp:99:5: note: in expansion of macro ‘OPS_ERR_IF’
[2026-09-02 07:16:16]    99 |     OPS_ERR_IF(
[2026-09-02 07:16:16]       |     ^~~~~~~~~~
[2026-09-02 07:16:16] /home/t00886357/fia_sink_a5_port_base/vllm-ascend/csrc/utils/inc/log/ops_log.h:24:34: note: in expansion of macro ‘OPS_INNER_ERR_STUB’
[2026-09-02 07:16:16]    24 | #define OPS_LOG_E(OPS_DESC, ...) OPS_INNER_ERR_STUB("EZ9999", OPS_DESC, __VA_ARGS__)
[2026-09-02 07:16:16]       |                                  ^~~~~~~~~~~~~~~~~~
[2026-09-02 07:16:16] /home/t00886357/fia_sink_a5_port_base/vllm-ascend/csrc/attention/indexer_compress_epilog_v2/op_host/indexer_compress_epilog_v2_tiling.cpp:101:9: note: in expansion of macro ‘OPS_LOG_E’
[2026-09-02 07:16:16]   101 |         OPS_LOG_E(context_, "the dim of indexer_compress_cache only support %d, please check.", INPUTS_DIM_LIMIT),
[2026-09-02 07:16:16]       |         ^~~~~~~~~
[2026-09-02 07:16:16] /home/t00886357/fia_sink_a5_port_base/vllm-ascend/csrc/attention/indexer_compress_epilog_v2/op_host/indexer_compress_epilog_v2_tiling.cpp: At global scope:
[2026-09-02 07:16:16] /home/t00886357/fia_sink_a5_port_base/vllm-ascend/csrc/attention/indexer_compress_epilog_v2/op_host/indexer_compress_epilog_v2_tiling.cpp:30:9: warning: ‘int64_t optiling::{anonymous}::DownAlign(int64_t, int64_t)’ defined but not used [-Wunused-function]
[2026-09-02 07:16:16]    30 | int64_t DownAlign(int64_t x, int64_t y) {
[2026-09-02 07:16:16]       |         ^~~~~~~~~
[2026-09-02 07:16:16] [23/66] Building CXX object moe/causal_conv1d/op_host/CMakeFiles/ophost_transformer_tiling_obj.dir/__/__/__/attention/fused_infer_attention_score_v2_sink/op_host/fused_infer_attention_score_v2_sink_tiling.cpp.o
[2026-09-02 07:16:16] [24/66] Building CXX object moe/causal_conv1d/op_host/CMakeFiles/ophost_transformer_tiling_obj.dir/__/__/__/attention/fused_infer_attention_score_v2_sink/op_host/fused_infer_attention_score_v2_sink_tiling_check_consistency.cpp.o
[2026-09-02 07:16:16] [25/66] Building CXX object moe/causal_conv1d/op_host/CMakeFiles/ophost_transformer_tiling_obj.dir/__/__/__/attention/inplace_partial_rotary_mul/op_host/rope_regbase_tiling_aba_and_ba.cpp.o
[2026-09-02 07:16:16] In file included from /home/t00886357/fia_sink_a5_port_base/vllm-ascend/csrc/attention/inplace_partial_rotary_mul/op_host/rope_regbase_tiling_aba_and_ba.cpp:15:
[2026-09-02 07:16:16] /home/t00886357/fia_sink_a5_port_base/vllm-ascend/csrc/attention/inplace_partial_rotary_mul/op_host/inplace_partial_rotary_mul_tiling.h:220:7: warning: ‘class optiling::RopeRegBaseTilingClass’ has virtual functions and accessible non-virtual destructor [-Wnon-virtual-dtor]
[2026-09-02 07:16:16]   220 | class RopeRegBaseTilingClass {
[2026-09-02 07:16:16]       |       ^~~~~~~~~~~~~~~~~~~~~~
[2026-09-02 07:16:16] /home/t00886357/fia_sink_a5_port_base/vllm-ascend/csrc/attention/inplace_partial_rotary_mul/op_host/inplace_partial_rotary_mul_tiling.h:349:7: warning: base class ‘class optiling::RopeRegBaseTilingClass’ has accessible non-virtual destructor [-Wnon-virtual-dtor]
[2026-09-02 07:16:16]   349 | class RopeRegBaseTilingClassAAndB : public RopeRegBaseTilingClass {
[2026-09-02 07:16:16]       |       ^~~~~~~~~~~~~~~~~~~~~~~~~~~
[2026-09-02 07:16:16] /home/t00886357/fia_sink_a5_port_base/vllm-ascend/csrc/attention/inplace_partial_rotary_mul/op_host/inplace_partial_rotary_mul_tiling.h:349:7: warning: ‘class optiling::RopeRegBaseTilingClassAAndB’ has virtual functions and accessible non-virtual destructor [-Wnon-virtual-dtor]
[2026-09-02 07:16:16] /home/t00886357/fia_sink_a5_port_base/vllm-ascend/csrc/attention/inplace_partial_rotary_mul/op_host/inplace_partial_rotary_mul_tiling.h:384:7: warning: base class ‘class optiling::RopeRegBaseTilingClass’ has accessible non-virtual destructor [-Wnon-virtual-dtor]
[2026-09-02 07:16:16]   384 | class RopeRegBaseTilingClassAB : public RopeRegBaseTilingClass {
[2026-09-02 07:16:16]       |       ^~~~~~~~~~~~~~~~~~~~~~~~
[2026-09-02 07:16:16] /home/t00886357/fia_sink_a5_port_base/vllm-ascend/csrc/attention/inplace_partial_rotary_mul/op_host/inplace_partial_rotary_mul_tiling.h:384:7: warning: ‘class optiling::RopeRegBaseTilingClassAB’ has virtual functions and accessible non-virtual destructor [-Wnon-virtual-dtor]
[2026-09-02 07:16:16] /home/t00886357/fia_sink_a5_port_base/vllm-ascend/csrc/attention/inplace_partial_rotary_mul/op_host/inplace_partial_rotary_mul_tiling.h:408:7: warning: base class ‘class optiling::RopeRegBaseTilingClass’ has accessible non-virtual destructor [-Wnon-virtual-dtor]
[2026-09-02 07:16:16]   408 | class RopeRegBaseTilingClassABAAndBA : public RopeRegBaseTilingClass {
[2026-09-02 07:16:16]       |       ^~~~~~~~~~~~~~~~~~~~~~~~~~~~~~
[2026-09-02 07:16:16] /home/t00886357/fia_sink_a5_port_base/vllm-ascend/csrc/attention/inplace_partial_rotary_mul/op_host/inplace_partial_rotary_mul_tiling.h:408:7: warning: ‘class optiling::RopeRegBaseTilingClassABAAndBA’ has virtual functions and accessible non-virtual destructor [-Wnon-virtual-dtor]
[2026-09-02 07:16:16] /home/t00886357/fia_sink_a5_port_base/vllm-ascend/csrc/attention/inplace_partial_rotary_mul/op_host/inplace_partial_rotary_mul_tiling.h:442:7: warning: base class ‘class optiling::RopeRegBaseTilingClass’ has accessible non-virtual destructor [-Wnon-virtual-dtor]
[2026-09-02 07:16:16]   442 | class RopeRegBaseTilingClassBAB : public RopeRegBaseTilingClass {
[2026-09-02 07:16:16]       |       ^~~~~~~~~~~~~~~~~~~~~~~~~
[2026-09-02 07:16:16] /home/t00886357/fia_sink_a5_port_base/vllm-ascend/csrc/attention/inplace_partial_rotary_mul/op_host/inplace_partial_rotary_mul_tiling.h:442:7: warning: ‘class optiling::RopeRegBaseTilingClassBAB’ has virtual functions and accessible non-virtual destructor [-Wnon-virtual-dtor]
[2026-09-02 07:16:16] /home/t00886357/fia_sink_a5_port_base/vllm-ascend/csrc/attention/inplace_partial_rotary_mul/op_host/inplace_partial_rotary_mul_tiling.h: In constructor ‘optiling::RopeRegBaseTilingClassBAB::RopeRegBaseTilingClassBAB(gert::TilingContext*)’:
[2026-09-02 07:16:16] /home/t00886357/fia_sink_a5_port_base/vllm-ascend/csrc/attention/inplace_partial_rotary_mul/op_host/inplace_partial_rotary_mul_tiling.h:444:61: warning: declaration of ‘context_’ shadows a member of ‘optiling::RopeRegBaseTilingClassBAB’ [-Wshadow]
[2026-09-02 07:16:16]   444 |     explicit RopeRegBaseTilingClassBAB(gert::TilingContext *context_) : RopeRegBaseTilingClass(context_)
[2026-09-02 07:16:16]       |                                        ~~~~~~~~~~~~~~~~~~~~~^~~~~~~~
[2026-09-02 07:16:16] /home/t00886357/fia_sink_a5_port_base/vllm-ascend/csrc/attention/inplace_partial_rotary_mul/op_host/inplace_partial_rotary_mul_tiling.h:336:26: note: shadowed declaration is here
[2026-09-02 07:16:16]   336 |     gert::TilingContext* context_ = nullptr;
[2026-09-02 07:16:16]       |                          ^~~~~~~~
[2026-09-02 07:16:16] /home/t00886357/fia_sink_a5_port_base/vllm-ascend/csrc/attention/inplace_partial_rotary_mul/op_host/inplace_partial_rotary_mul_tiling.h: In constructor ‘optiling::RopeRegBaseTilingClassBAB::RopeRegBaseTilingClassBAB(gert::TilingContext*)’:
[2026-09-02 07:16:16] /home/t00886357/fia_sink_a5_port_base/vllm-ascend/csrc/attention/inplace_partial_rotary_mul/op_host/inplace_partial_rotary_mul_tiling.h:444:61: warning: declaration of ‘context_’ shadows a member of ‘optiling::RopeRegBaseTilingClassBAB’ [-Wshadow]
[2026-09-02 07:16:16]   444 |     explicit RopeRegBaseTilingClassBAB(gert::TilingContext *context_) : RopeRegBaseTilingClass(context_)
[2026-09-02 07:16:16]       |                                        ~~~~~~~~~~~~~~~~~~~~~^~~~~~~~
[2026-09-02 07:16:16] /home/t00886357/fia_sink_a5_port_base/vllm-ascend/csrc/attention/inplace_partial_rotary_mul/op_host/inplace_partial_rotary_mul_tiling.h:336:26: note: shadowed declaration is here
[2026-09-02 07:16:16]   336 |     gert::TilingContext* context_ = nullptr;
[2026-09-02 07:16:16]       |                          ^~~~~~~~
[2026-09-02 07:16:16] /home/t00886357/fia_sink_a5_port_base/vllm-ascend/csrc/attention/inplace_partial_rotary_mul/op_host/inplace_partial_rotary_mul_tiling.h: In constructor ‘optiling::RopeRegBaseTilingClassBAB::RopeRegBaseTilingClassBAB(gert::TilingContext*)’:
[2026-09-02 07:16:16] /home/t00886357/fia_sink_a5_port_base/vllm-ascend/csrc/attention/inplace_partial_rotary_mul/op_host/inplace_partial_rotary_mul_tiling.h:444:61: warning: declaration of ‘context_’ shadows a member of ‘optiling::RopeRegBaseTilingClassBAB’ [-Wshadow]
[2026-09-02 07:16:16]   444 |     explicit RopeRegBaseTilingClassBAB(gert::TilingContext *context_) : RopeRegBaseTilingClass(context_)
[2026-09-02 07:16:16]       |                                        ~~~~~~~~~~~~~~~~~~~~~^~~~~~~~
[2026-09-02 07:16:16] /home/t00886357/fia_sink_a5_port_base/vllm-ascend/csrc/attention/inplace_partial_rotary_mul/op_host/inplace_partial_rotary_mul_tiling.h:336:26: note: shadowed declaration is here
[2026-09-02 07:16:16]   336 |     gert::TilingContext* context_ = nullptr;
[2026-09-02 07:16:16]       |                          ^~~~~~~~
[2026-09-02 07:16:16] In file included from /home/t00886357/fia_sink_a5_port_base/vllm-ascend/csrc/utils/inc/log/ops_log.h:18,
[2026-09-02 07:16:16]                  from /home/t00886357/fia_sink_a5_port_base/vllm-ascend/csrc/utils/inc/error/ops_error.h:18,
[2026-09-02 07:16:16]                  from /home/t00886357/fia_sink_a5_port_base/vllm-ascend/csrc/attention/inplace_partial_rotary_mul/op_host/inplace_partial_rotary_mul_tiling.h:27:
[2026-09-02 07:16:16] /home/t00886357/fia_sink_a5_port_base/vllm-ascend/csrc/attention/inplace_partial_rotary_mul/op_host/rope_regbase_tiling_aba_and_ba.cpp: In member function ‘void optiling::RopeRegBaseTilingClassABAAndBA::SetTilingData()’:
[2026-09-02 07:16:16] /home/t00886357/fia_sink_a5_port_base/vllm-ascend/csrc/utils/inc/log/inner/dfx_base.h:120:17: warning: format ‘%ld’ expects argument of type ‘long int’, but argument 31 has type ‘uint64_t’ {aka ‘long unsigned int’} [-Wformat=]
[2026-09-02 07:16:16]   120 |                 "[%s:%d][%s]%s[%s][%lu] OpName:[%s] " #FMT,                                                     \
[2026-09-02 07:16:16] /home/t00886357/fia_sink_a5_port_base/vllm-ascend/csrc/utils/inc/log/inner/dfx_base.h:149:44: note: in expansion of macro ‘OPS_LOG_STUB’
[2026-09-02 07:16:16]   149 | #define OPS_LOG_STUB_I(OPS_DESC, FMT, ...) OPS_LOG_STUB(OP, DLOG_INFO, OPS_DESC, FMT, ##__VA_ARGS__)
[2026-09-02 07:16:16]       |                                            ^~~~~~~~~~~~
[2026-09-02 07:16:16] /home/t00886357/fia_sink_a5_port_base/vllm-ascend/csrc/utils/inc/log/ops_log.h:22:34: note: in expansion of macro ‘OPS_LOG_STUB_I’
[2026-09-02 07:16:16]    22 | #define OPS_LOG_I(OPS_DESC, ...) OPS_LOG_STUB_I(OPS_DESC, __VA_ARGS__)
[2026-09-02 07:16:16]       |                                  ^~~~~~~~~~~~~~
[2026-09-02 07:16:16] /home/t00886357/fia_sink_a5_port_base/vllm-ascend/csrc/attention/inplace_partial_rotary_mul/op_host/rope_regbase_tiling_aba_and_ba.cpp:181:5: note: in expansion of macro ‘OPS_LOG_I’
[2026-09-02 07:16:16]   181 |     OPS_LOG_I(context_->GetNodeName(),
[2026-09-02 07:16:16]       |     ^~~~~~~~~
[2026-09-02 07:16:16] [26/66] Building CXX object moe/causal_conv1d/op_host/CMakeFiles/ophost_transformer_tiling_obj.dir/__/__/__/attention/kv_quant_sparse_attn_sharedkv/op_host/kv_quant_sparse_attn_sharedkv_check_existance.cpp.o
[2026-09-02 07:16:16] In file included from /home/t00886357/fia_sink_a5_port_base/vllm-ascend/csrc/attention/kv_quant_sparse_attn_sharedkv/op_host/kv_quant_sparse_attn_sharedkv_check.h:24,
[2026-09-02 07:16:16]                  from /home/t00886357/fia_sink_a5_port_base/vllm-ascend/csrc/attention/kv_quant_sparse_attn_sharedkv/op_host/kv_quant_sparse_attn_sharedkv_check_existance.cpp:16:
[2026-09-02 07:16:16] /usr/local/Ascend/cann-9.1.0/x86_64-linux/include/op_common/log/log.h:45:9: warning: redundant redeclaration of ‘int32_t CheckLogLevel(int32_t, int32_t)’ in same scope [-Wredundant-decls]
[2026-09-02 07:16:16]    45 | int32_t CheckLogLevel(int32_t moduleId, int32_t logLevel);
[2026-09-02 07:16:16]       |         ^~~~~~~~~~~~~
[2026-09-02 07:16:16] In file included from <command-line>:
[2026-09-02 07:16:16] /home/t00886357/fia_sink_a5_port_base/vllm-ascend/csrc/common/include/cann_compat.h:24:9: note: previous declaration of ‘int32_t CheckLogLevel(int32_t, int32_t)’
[2026-09-02 07:16:16]    24 | int32_t CheckLogLevel(int32_t moduleId, int32_t logLevel);
[2026-09-02 07:16:16]       |         ^~~~~~~~~~~~~
[2026-09-02 07:16:16] /usr/local/Ascend/cann-9.1.0/x86_64-linux/include/op_common/log/log.h:46:6: warning: redundant redeclaration of ‘void DlogRecord(int32_t, int32_t, const char*, ...)’ in same scope [-Wredundant-decls]
[2026-09-02 07:16:16]    46 | void DlogRecord(int32_t moduleId, int32_t level, const char* fmt, ...);
[2026-09-02 07:16:16]       |      ^~~~~~~~~~
[2026-09-02 07:16:16] /home/t00886357/fia_sink_a5_port_base/vllm-ascend/csrc/common/include/cann_compat.h:25:6: note: previous declaration of ‘void DlogRecord(int32_t, int32_t, const char*, ...)’
[2026-09-02 07:16:16]    25 | void DlogRecord(int32_t moduleId, int32_t level, const char *fmt, ...);
[2026-09-02 07:16:16]       |      ^~~~~~~~~~
[2026-09-02 07:16:16] /home/t00886357/fia_sink_a5_port_base/vllm-ascend/csrc/attention/kv_quant_sparse_attn_sharedkv/op_host/kv_quant_sparse_attn_sharedkv_check.h:415:7: warning: ‘class optiling::KvQuantSASTilingCheck’ has virtual functions and accessible non-virtual destructor [-Wnon-virtual-dtor]
[2026-09-02 07:16:16]   415 | class KvQuantSASTilingCheck {
[2026-09-02 07:16:16]       |       ^~~~~~~~~~~~~~~~~~~~~
[2026-09-02 07:16:16] /home/t00886357/fia_sink_a5_port_base/vllm-ascend/csrc/attention/kv_quant_sparse_attn_sharedkv/op_host/kv_quant_sparse_attn_sharedkv_check_existance.cpp: In member function ‘ge::graphStatus optiling::KvQuantSASTilingCheck::CheckCmpRatioExistence()’:
[2026-09-02 07:16:16] /home/t00886357/fia_sink_a5_port_base/vllm-ascend/csrc/attention/kv_quant_sparse_attn_sharedkv/op_host/kv_quant_sparse_attn_sharedkv_check_existance.cpp:156:30: warning: format ‘%u’ expects argument of type ‘unsigned int’, but argument 6 has type ‘long int’ [-Wformat=]
[2026-09-02 07:16:16]   156 |             OP_LOGE(opName_, "when SWA mode, cmpRatio must be 1 or 4 or 128, but got %u", *opParamInfo_.cmpRatio),
[2026-09-02 07:16:16]       |                                                                                           ~~~~~~~~~~~~~~~~~~~~~~
[2026-09-02 07:16:16]       |                                                                                           |
[2026-09-02 07:16:16]       |                                                                                           long int
[2026-09-02 07:16:16] /usr/local/Ascend/cann-9.1.0/x86_64-linux/include/op_common/log/log.h:1130:13: note: in definition of macro ‘OP_CHECK_IF’
[2026-09-02 07:16:16]  1130 |             log;                                 \
[2026-09-02 07:16:16]       |             ^~~
[2026-09-02 07:16:16] /home/t00886357/fia_sink_a5_port_base/vllm-ascend/csrc/attention/kv_quant_sparse_attn_sharedkv/op_host/kv_quant_sparse_attn_sharedkv_check_existance.cpp:156:13: note: in expansion of macro ‘OP_LOGE’
[2026-09-02 07:16:16]   156 |             OP_LOGE(opName_, "when SWA mode, cmpRatio must be 1 or 4 or 128, but got %u", *opParamInfo_.cmpRatio),
[2026-09-02 07:16:16]       |             ^~~~~~~
[2026-09-02 07:16:16] /home/t00886357/fia_sink_a5_port_base/vllm-ascend/csrc/attention/kv_quant_sparse_attn_sharedkv/op_host/kv_quant_sparse_attn_sharedkv_check_existance.cpp:160:30: warning: format ‘%u’ expects argument of type ‘unsigned int’, but argument 6 has type ‘long int’ [-Wformat=]
[2026-09-02 07:16:16]   160 |             OP_LOGE(opName_, "when CFA mode, cmpRatio must be 4 or 128, but got %u", *opParamInfo_.cmpRatio),
[2026-09-02 07:16:16]       |                                                                                      ~~~~~~~~~~~~~~~~~~~~~~
[2026-09-02 07:16:16]       |                                                                                      |
[2026-09-02 07:16:16]       |                                                                                      long int
[2026-09-02 07:16:16] /usr/local/Ascend/cann-9.1.0/x86_64-linux/include/op_common/log/log.h:1130:13: note: in definition of macro ‘OP_CHECK_IF’
[2026-09-02 07:16:16]  1130 |             log;                                 \
[2026-09-02 07:16:16]       |             ^~~
[2026-09-02 07:16:16] /home/t00886357/fia_sink_a5_port_base/vllm-ascend/csrc/attention/kv_quant_sparse_attn_sharedkv/op_host/kv_quant_sparse_attn_sharedkv_check_existance.cpp:160:13: note: in expansion of macro ‘OP_LOGE’
[2026-09-02 07:16:16]   160 |             OP_LOGE(opName_, "when CFA mode, cmpRatio must be 4 or 128, but got %u", *opParamInfo_.cmpRatio),
[2026-09-02 07:16:16]       |             ^~~~~~~
[2026-09-02 07:16:16] /home/t00886357/fia_sink_a5_port_base/vllm-ascend/csrc/attention/kv_quant_sparse_attn_sharedkv/op_host/kv_quant_sparse_attn_sharedkv_check_existance.cpp:164:30: warning: format ‘%u’ expects argument of type ‘unsigned int’, but argument 6 has type ‘long int’ [-Wformat=]
[2026-09-02 07:16:16]   164 |             OP_LOGE(opName_, "when SCFA mode, cmpRatio must be 4 or 128, but got %u", *opParamInfo_.cmpRatio),
[2026-09-02 07:16:16]       |                                                                                       ~~~~~~~~~~~~~~~~~~~~~~
[2026-09-02 07:16:16]       |                                                                                       |
[2026-09-02 07:16:16]       |                                                                                       long int
[2026-09-02 07:16:16] /usr/local/Ascend/cann-9.1.0/x86_64-linux/include/op_common/log/log.h:1130:13: note: in definition of macro ‘OP_CHECK_IF’
[2026-09-02 07:16:16]  1130 |             log;                                 \
[2026-09-02 07:16:16]       |             ^~~
[2026-09-02 07:16:16] /home/t00886357/fia_sink_a5_port_base/vllm-ascend/csrc/attention/kv_quant_sparse_attn_sharedkv/op_host/kv_quant_sparse_attn_sharedkv_check_existance.cpp:164:13: note: in expansion of macro ‘OP_LOGE’
[2026-09-02 07:16:16]   164 |             OP_LOGE(opName_, "when SCFA mode, cmpRatio must be 4 or 128, but got %u", *opParamInfo_.cmpRatio),
[2026-09-02 07:16:16]       |             ^~~~~~~
[2026-09-02 07:16:16] [27/66] Building CXX object moe/causal_conv1d/op_host/CMakeFiles/ophost_transformer_tiling_obj.dir/__/__/__/attention/inplace_partial_rotary_mul/op_host/inplace_partial_rotary_mul_a3_tiling.cpp.o
[2026-09-02 07:16:16] In file included from /home/t00886357/fia_sink_a5_port_base/vllm-ascend/csrc/attention/inplace_partial_rotary_mul/op_host/inplace_partial_rotary_mul_a3_tiling.cpp:22:
[2026-09-02 07:16:16] /home/t00886357/fia_sink_a5_port_base/vllm-ascend/csrc/attention/inplace_partial_rotary_mul/op_host/inplace_partial_rotary_mul_tiling.h:220:7: warning: ‘class optiling::RopeRegBaseTilingClass’ has virtual functions and accessible non-virtual destructor [-Wnon-virtual-dtor]
[2026-09-02 07:16:16]   220 | class RopeRegBaseTilingClass {
[2026-09-02 07:16:16]       |       ^~~~~~~~~~~~~~~~~~~~~~
[2026-09-02 07:16:16] /home/t00886357/fia_sink_a5_port_base/vllm-ascend/csrc/attention/inplace_partial_rotary_mul/op_host/inplace_partial_rotary_mul_tiling.h:349:7: warning: base class ‘class optiling::RopeRegBaseTilingClass’ has accessible non-virtual destructor [-Wnon-virtual-dtor]
[2026-09-02 07:16:16]   349 | class RopeRegBaseTilingClassAAndB : public RopeRegBaseTilingClass {
[2026-09-02 07:16:16]       |       ^~~~~~~~~~~~~~~~~~~~~~~~~~~
[2026-09-02 07:16:16] /home/t00886357/fia_sink_a5_port_base/vllm-ascend/csrc/attention/inplace_partial_rotary_mul/op_host/inplace_partial_rotary_mul_tiling.h:349:7: warning: ‘class optiling::RopeRegBaseTilingClassAAndB’ has virtual functions and accessible non-virtual destructor [-Wnon-virtual-dtor]
[2026-09-02 07:16:16] /home/t00886357/fia_sink_a5_port_base/vllm-ascend/csrc/attention/inplace_partial_rotary_mul/op_host/inplace_partial_rotary_mul_tiling.h:384:7: warning: base class ‘class optiling::RopeRegBaseTilingClass’ has accessible non-virtual destructor [-Wnon-virtual-dtor]
[2026-09-02 07:16:16]   384 | class RopeRegBaseTilingClassAB : public RopeRegBaseTilingClass {
[2026-09-02 07:16:16]       |       ^~~~~~~~~~~~~~~~~~~~~~~~
[2026-09-02 07:16:16] /home/t00886357/fia_sink_a5_port_base/vllm-ascend/csrc/attention/inplace_partial_rotary_mul/op_host/inplace_partial_rotary_mul_tiling.h:384:7: warning: ‘class optiling::RopeRegBaseTilingClassAB’ has virtual functions and accessible non-virtual destructor [-Wnon-virtual-dtor]
[2026-09-02 07:16:16] /home/t00886357/fia_sink_a5_port_base/vllm-ascend/csrc/attention/inplace_partial_rotary_mul/op_host/inplace_partial_rotary_mul_tiling.h:408:7: warning: base class ‘class optiling::RopeRegBaseTilingClass’ has accessible non-virtual destructor [-Wnon-virtual-dtor]
[2026-09-02 07:16:16]   408 | class RopeRegBaseTilingClassABAAndBA : public RopeRegBaseTilingClass {
[2026-09-02 07:16:16]       |       ^~~~~~~~~~~~~~~~~~~~~~~~~~~~~~
[2026-09-02 07:16:16] /home/t00886357/fia_sink_a5_port_base/vllm-ascend/csrc/attention/inplace_partial_rotary_mul/op_host/inplace_partial_rotary_mul_tiling.h:408:7: warning: ‘class optiling::RopeRegBaseTilingClassABAAndBA’ has virtual functions and accessible non-virtual destructor [-Wnon-virtual-dtor]
[2026-09-02 07:16:16] /home/t00886357/fia_sink_a5_port_base/vllm-ascend/csrc/attention/inplace_partial_rotary_mul/op_host/inplace_partial_rotary_mul_tiling.h:442:7: warning: base class ‘class optiling::RopeRegBaseTilingClass’ has accessible non-virtual destructor [-Wnon-virtual-dtor]
[2026-09-02 07:16:16]   442 | class RopeRegBaseTilingClassBAB : public RopeRegBaseTilingClass {
[2026-09-02 07:16:16]       |       ^~~~~~~~~~~~~~~~~~~~~~~~~
[2026-09-02 07:16:16] /home/t00886357/fia_sink_a5_port_base/vllm-ascend/csrc/attention/inplace_partial_rotary_mul/op_host/inplace_partial_rotary_mul_tiling.h:442:7: warning: ‘class optiling::RopeRegBaseTilingClassBAB’ has virtual functions and accessible non-virtual destructor [-Wnon-virtual-dtor]
[2026-09-02 07:16:16] /home/t00886357/fia_sink_a5_port_base/vllm-ascend/csrc/attention/inplace_partial_rotary_mul/op_host/inplace_partial_rotary_mul_tiling.h: In constructor ‘optiling::RopeRegBaseTilingClassBAB::RopeRegBaseTilingClassBAB(gert::TilingContext*)’:
[2026-09-02 07:16:16] /home/t00886357/fia_sink_a5_port_base/vllm-ascend/csrc/attention/inplace_partial_rotary_mul/op_host/inplace_partial_rotary_mul_tiling.h:444:61: warning: declaration of ‘context_’ shadows a member of ‘optiling::RopeRegBaseTilingClassBAB’ [-Wshadow]
[2026-09-02 07:16:16]   444 |     explicit RopeRegBaseTilingClassBAB(gert::TilingContext *context_) : RopeRegBaseTilingClass(context_)
[2026-09-02 07:16:16]       |                                        ~~~~~~~~~~~~~~~~~~~~~^~~~~~~~
[2026-09-02 07:16:16] /home/t00886357/fia_sink_a5_port_base/vllm-ascend/csrc/attention/inplace_partial_rotary_mul/op_host/inplace_partial_rotary_mul_tiling.h:336:26: note: shadowed declaration is here
[2026-09-02 07:16:16]   336 |     gert::TilingContext* context_ = nullptr;
[2026-09-02 07:16:16]       |                          ^~~~~~~~
[2026-09-02 07:16:16] /home/t00886357/fia_sink_a5_port_base/vllm-ascend/csrc/attention/inplace_partial_rotary_mul/op_host/inplace_partial_rotary_mul_tiling.h: In constructor ‘optiling::RopeRegBaseTilingClassBAB::RopeRegBaseTilingClassBAB(gert::TilingContext*)’:
[2026-09-02 07:16:16] /home/t00886357/fia_sink_a5_port_base/vllm-ascend/csrc/attention/inplace_partial_rotary_mul/op_host/inplace_partial_rotary_mul_tiling.h:444:61: warning: declaration of ‘context_’ shadows a member of ‘optiling::RopeRegBaseTilingClassBAB’ [-Wshadow]
[2026-09-02 07:16:16]   444 |     explicit RopeRegBaseTilingClassBAB(gert::TilingContext *context_) : RopeRegBaseTilingClass(context_)
[2026-09-02 07:16:16]       |                                        ~~~~~~~~~~~~~~~~~~~~~^~~~~~~~
[2026-09-02 07:16:16] /home/t00886357/fia_sink_a5_port_base/vllm-ascend/csrc/attention/inplace_partial_rotary_mul/op_host/inplace_partial_rotary_mul_tiling.h:336:26: note: shadowed declaration is here
[2026-09-02 07:16:16]   336 |     gert::TilingContext* context_ = nullptr;
[2026-09-02 07:16:16]       |                          ^~~~~~~~
[2026-09-02 07:16:16] /home/t00886357/fia_sink_a5_port_base/vllm-ascend/csrc/attention/inplace_partial_rotary_mul/op_host/inplace_partial_rotary_mul_tiling.h: In constructor ‘optiling::RopeRegBaseTilingClassBAB::RopeRegBaseTilingClassBAB(gert::TilingContext*)’:
[2026-09-02 07:16:16] /home/t00886357/fia_sink_a5_port_base/vllm-ascend/csrc/attention/inplace_partial_rotary_mul/op_host/inplace_partial_rotary_mul_tiling.h:444:61: warning: declaration of ‘context_’ shadows a member of ‘optiling::RopeRegBaseTilingClassBAB’ [-Wshadow]
[2026-09-02 07:16:16]   444 |     explicit RopeRegBaseTilingClassBAB(gert::TilingContext *context_) : RopeRegBaseTilingClass(context_)
[2026-09-02 07:16:16]       |                                        ~~~~~~~~~~~~~~~~~~~~~^~~~~~~~
[2026-09-02 07:16:16] /home/t00886357/fia_sink_a5_port_base/vllm-ascend/csrc/attention/inplace_partial_rotary_mul/op_host/inplace_partial_rotary_mul_tiling.h:336:26: note: shadowed declaration is here
[2026-09-02 07:16:16]   336 |     gert::TilingContext* context_ = nullptr;
[2026-09-02 07:16:16]       |                          ^~~~~~~~
[2026-09-02 07:16:16] In file included from /home/t00886357/fia_sink_a5_port_base/vllm-ascend/csrc/utils/inc/log/ops_log.h:18,
[2026-09-02 07:16:16]                  from /home/t00886357/fia_sink_a5_port_base/vllm-ascend/csrc/utils/inc/error/ops_error.h:18,
[2026-09-02 07:16:16]                  from /home/t00886357/fia_sink_a5_port_base/vllm-ascend/csrc/attention/inplace_partial_rotary_mul/op_host/inplace_partial_rotary_mul_tiling.h:27:
[2026-09-02 07:16:16] /home/t00886357/fia_sink_a5_port_base/vllm-ascend/csrc/attention/inplace_partial_rotary_mul/op_host/inplace_partial_rotary_mul_a3_tiling.cpp: In member function ‘ge::graphStatus optiling::InplacePartialRotaryMulTiling::CheckInput()’:
[2026-09-02 07:16:16] /home/t00886357/fia_sink_a5_port_base/vllm-ascend/csrc/utils/inc/log/inner/dfx_base.h:120:17: warning: format ‘%d’ expects argument of type ‘int’, but argument 12 has type ‘int64_t’ {aka ‘long int’} [-Wformat=]
[2026-09-02 07:16:16]   120 |                 "[%s:%d][%s]%s[%s][%lu] OpName:[%s] " #FMT,                                                     \
[2026-09-02 07:16:16] /home/t00886357/fia_sink_a5_port_base/vllm-ascend/csrc/utils/inc/log/inner/dfx_base.h:138:9: note: in expansion of macro ‘OPS_LOG_STUB’
[2026-09-02 07:16:16]   138 |         OPS_LOG_STUB(OP, DLOG_ERROR, OPS_DESC, FMT, ##__VA_ARGS__);                                                    \
[2026-09-02 07:16:16]       |         ^~~~~~~~~~~~
[2026-09-02 07:16:16] /home/t00886357/fia_sink_a5_port_base/vllm-ascend/csrc/utils/inc/log/ops_log.h:24:34: note: in expansion of macro ‘OPS_INNER_ERR_STUB’
[2026-09-02 07:16:16]    24 | #define OPS_LOG_E(OPS_DESC, ...) OPS_INNER_ERR_STUB("EZ9999", OPS_DESC, __VA_ARGS__)
[2026-09-02 07:16:16]       |                                  ^~~~~~~~~~~~~~~~~~
[2026-09-02 07:16:16] /home/t00886357/fia_sink_a5_port_base/vllm-ascend/csrc/attention/inplace_partial_rotary_mul/op_host/inplace_partial_rotary_mul_a3_tiling.cpp:289:13: note: in expansion of macro ‘OPS_LOG_E’
[2026-09-02 07:16:16]   289 |             OPS_LOG_E(context_->GetNodeName(), "i is %d r1dim is %ld, r2dim is %ld, not equal",i,r1dim,r2dim);
[2026-09-02 07:16:16]       |             ^~~~~~~~~
[2026-09-02 07:16:16] In file included from /home/t00886357/fia_sink_a5_port_base/vllm-ascend/csrc/utils/inc/log/inner/dfx_base.h:25:
[2026-09-02 07:16:16] /home/t00886357/fia_sink_a5_port_base/vllm-ascend/csrc/attention/inplace_partial_rotary_mul/op_host/inplace_partial_rotary_mul_a3_tiling.cpp:289:48: warning: format ‘%d’ expects argument of type ‘int’, but argument 6 has type ‘int64_t’ {aka ‘long int’} [-Wformat=]
[2026-09-02 07:16:16]   289 |             OPS_LOG_E(context_->GetNodeName(), "i is %d r1dim is %ld, r2dim is %ld, not equal",i,r1dim,r2dim);
[2026-09-02 07:16:16]       |                                                                                                ~
[2026-09-02 07:16:16]       |                                                                                                |
[2026-09-02 07:16:16]       |                                                                                                int64_t {aka long int}
[2026-09-02 07:16:16] /home/t00886357/fia_sink_a5_port_base/vllm-ascend/csrc/utils/inc/log/ops_log.h:24:34: note: in expansion of macro ‘OPS_INNER_ERR_STUB’
[2026-09-02 07:16:16]    24 | #define OPS_LOG_E(OPS_DESC, ...) OPS_INNER_ERR_STUB("EZ9999", OPS_DESC, __VA_ARGS__)
[2026-09-02 07:16:16]       |                                  ^~~~~~~~~~~~~~~~~~
[2026-09-02 07:16:16] /home/t00886357/fia_sink_a5_port_base/vllm-ascend/csrc/attention/inplace_partial_rotary_mul/op_host/inplace_partial_rotary_mul_a3_tiling.cpp:289:13: note: in expansion of macro ‘OPS_LOG_E’
[2026-09-02 07:16:16]   289 |             OPS_LOG_E(context_->GetNodeName(), "i is %d r1dim is %ld, r2dim is %ld, not equal",i,r1dim,r2dim);
[2026-09-02 07:16:16]       |             ^~~~~~~~~
[2026-09-02 07:16:16] /home/t00886357/fia_sink_a5_port_base/vllm-ascend/csrc/attention/inplace_partial_rotary_mul/op_host/inplace_partial_rotary_mul_a3_tiling.cpp:278:10: warning: variable ‘inputShape’ set but not used [-Wunused-but-set-variable]
[2026-09-02 07:16:16]   278 |     auto inputShape = xInput->GetStorageShape();
[2026-09-02 07:16:16]       |          ^~~~~~~~~~
[2026-09-02 07:16:16] /home/t00886357/fia_sink_a5_port_base/vllm-ascend/csrc/attention/inplace_partial_rotary_mul/op_host/inplace_partial_rotary_mul_a3_tiling.cpp:321:13: warning: unused variable ‘r1Dim2’ [-Wunused-variable]
[2026-09-02 07:16:16]   321 |     int64_t r1Dim2 = inputR1Shape.GetDim(2);
[2026-09-02 07:16:16]       |             ^~~~~~
[2026-09-02 07:16:16] /home/t00886357/fia_sink_a5_port_base/vllm-ascend/csrc/attention/inplace_partial_rotary_mul/op_host/inplace_partial_rotary_mul_a3_tiling.cpp:322:13: warning: unused variable ‘xDim1’ [-Wunused-variable]
[2026-09-02 07:16:16]   322 |     int64_t xDim1 = xShape.GetDim(1);
[2026-09-02 07:16:16]       |             ^~~~~
[2026-09-02 07:16:16] /home/t00886357/fia_sink_a5_port_base/vllm-ascend/csrc/attention/inplace_partial_rotary_mul/op_host/inplace_partial_rotary_mul_a3_tiling.cpp:323:13: warning: unused variable ‘xDim2’ [-Wunused-variable]
[2026-09-02 07:16:16]   323 |     int64_t xDim2 = xShape.GetDim(2);
[2026-09-02 07:16:16]       |             ^~~~~
[2026-09-02 07:16:16] /home/t00886357/fia_sink_a5_port_base/vllm-ascend/csrc/attention/inplace_partial_rotary_mul/op_host/inplace_partial_rotary_mul_a3_tiling.cpp: In member function ‘ge::graphStatus optiling::InplacePartialRotaryMulTiling::TilingSplitN(int64_t, int64_t, int64_t, ge::DataType)’:
[2026-09-02 07:16:16] /home/t00886357/fia_sink_a5_port_base/vllm-ascend/csrc/attention/inplace_partial_rotary_mul/op_host/inplace_partial_rotary_mul_a3_tiling.cpp:361:41: warning: narrowing conversion of ‘numHeads’ from ‘int64_t’ {aka ‘long int’} to ‘uint32_t’ {aka ‘unsigned int’} [-Wnarrowing]
[2026-09-02 07:16:16]   361 |     uint32_t ubCalcNNum{1}, ubCalcNLoop{numHeads}, ubCalcNTail{0};
[2026-09-02 07:16:16]       |                                         ^~~~~~~~
[2026-09-02 07:16:16] [28/66] Building CXX object moe/causal_conv1d/op_host/CMakeFiles/ophost_transformer_tiling_obj.dir/__/__/__/attention/kv_compress_epilog/op_host/kv_compress_epilog_tiling_arch35.cpp.o
[2026-09-02 07:16:16] [29/66] Building CXX object moe/causal_conv1d/op_host/CMakeFiles/ophost_transformer_tiling_obj.dir/__/__/__/attention/inplace_partial_rotary_mul/op_host/inplace_partial_rotary_mul_tiling.cpp.o
[2026-09-02 07:16:16] In file included from /home/t00886357/fia_sink_a5_port_base/vllm-ascend/csrc/attention/inplace_partial_rotary_mul/op_host/inplace_partial_rotary_mul_tiling.cpp:15:
[2026-09-02 07:16:16] /home/t00886357/fia_sink_a5_port_base/vllm-ascend/csrc/attention/inplace_partial_rotary_mul/op_host/inplace_partial_rotary_mul_tiling.h:220:7: warning: ‘class optiling::RopeRegBaseTilingClass’ has virtual functions and accessible non-virtual destructor [-Wnon-virtual-dtor]
[2026-09-02 07:16:16]   220 | class RopeRegBaseTilingClass {
[2026-09-02 07:16:16]       |       ^~~~~~~~~~~~~~~~~~~~~~
[2026-09-02 07:16:16] /home/t00886357/fia_sink_a5_port_base/vllm-ascend/csrc/attention/inplace_partial_rotary_mul/op_host/inplace_partial_rotary_mul_tiling.h:349:7: warning: base class ‘class optiling::RopeRegBaseTilingClass’ has accessible non-virtual destructor [-Wnon-virtual-dtor]
[2026-09-02 07:16:16]   349 | class RopeRegBaseTilingClassAAndB : public RopeRegBaseTilingClass {
[2026-09-02 07:16:16]       |       ^~~~~~~~~~~~~~~~~~~~~~~~~~~
[2026-09-02 07:16:16] /home/t00886357/fia_sink_a5_port_base/vllm-ascend/csrc/attention/inplace_partial_rotary_mul/op_host/inplace_partial_rotary_mul_tiling.h:349:7: warning: ‘class optiling::RopeRegBaseTilingClassAAndB’ has virtual functions and accessible non-virtual destructor [-Wnon-virtual-dtor]
[2026-09-02 07:16:16] /home/t00886357/fia_sink_a5_port_base/vllm-ascend/csrc/attention/inplace_partial_rotary_mul/op_host/inplace_partial_rotary_mul_tiling.h:384:7: warning: base class ‘class optiling::RopeRegBaseTilingClass’ has accessible non-virtual destructor [-Wnon-virtual-dtor]
[2026-09-02 07:16:16]   384 | class RopeRegBaseTilingClassAB : public RopeRegBaseTilingClass {
[2026-09-02 07:16:16]       |       ^~~~~~~~~~~~~~~~~~~~~~~~
[2026-09-02 07:16:16] /home/t00886357/fia_sink_a5_port_base/vllm-ascend/csrc/attention/inplace_partial_rotary_mul/op_host/inplace_partial_rotary_mul_tiling.h:384:7: warning: ‘class optiling::RopeRegBaseTilingClassAB’ has virtual functions and accessible non-virtual destructor [-Wnon-virtual-dtor]
[2026-09-02 07:16:16] /home/t00886357/fia_sink_a5_port_base/vllm-ascend/csrc/attention/inplace_partial_rotary_mul/op_host/inplace_partial_rotary_mul_tiling.h:408:7: warning: base class ‘class optiling::RopeRegBaseTilingClass’ has accessible non-virtual destructor [-Wnon-virtual-dtor]
[2026-09-02 07:16:16]   408 | class RopeRegBaseTilingClassABAAndBA : public RopeRegBaseTilingClass {
[2026-09-02 07:16:16]       |       ^~~~~~~~~~~~~~~~~~~~~~~~~~~~~~
[2026-09-02 07:16:16] /home/t00886357/fia_sink_a5_port_base/vllm-ascend/csrc/attention/inplace_partial_rotary_mul/op_host/inplace_partial_rotary_mul_tiling.h:408:7: warning: ‘class optiling::RopeRegBaseTilingClassABAAndBA’ has virtual functions and accessible non-virtual destructor [-Wnon-virtual-dtor]
[2026-09-02 07:16:16] /home/t00886357/fia_sink_a5_port_base/vllm-ascend/csrc/attention/inplace_partial_rotary_mul/op_host/inplace_partial_rotary_mul_tiling.h:442:7: warning: base class ‘class optiling::RopeRegBaseTilingClass’ has accessible non-virtual destructor [-Wnon-virtual-dtor]
[2026-09-02 07:16:16]   442 | class RopeRegBaseTilingClassBAB : public RopeRegBaseTilingClass {
[2026-09-02 07:16:16]       |       ^~~~~~~~~~~~~~~~~~~~~~~~~
[2026-09-02 07:16:16] /home/t00886357/fia_sink_a5_port_base/vllm-ascend/csrc/attention/inplace_partial_rotary_mul/op_host/inplace_partial_rotary_mul_tiling.h:442:7: warning: ‘class optiling::RopeRegBaseTilingClassBAB’ has virtual functions and accessible non-virtual destructor [-Wnon-virtual-dtor]
[2026-09-02 07:16:16] /home/t00886357/fia_sink_a5_port_base/vllm-ascend/csrc/attention/inplace_partial_rotary_mul/op_host/inplace_partial_rotary_mul_tiling.h: In constructor ‘optiling::RopeRegBaseTilingClassBAB::RopeRegBaseTilingClassBAB(gert::TilingContext*)’:
[2026-09-02 07:16:16] /home/t00886357/fia_sink_a5_port_base/vllm-ascend/csrc/attention/inplace_partial_rotary_mul/op_host/inplace_partial_rotary_mul_tiling.h:444:61: warning: declaration of ‘context_’ shadows a member of ‘optiling::RopeRegBaseTilingClassBAB’ [-Wshadow]
[2026-09-02 07:16:16]   444 |     explicit RopeRegBaseTilingClassBAB(gert::TilingContext *context_) : RopeRegBaseTilingClass(context_)
[2026-09-02 07:16:16]       |                                        ~~~~~~~~~~~~~~~~~~~~~^~~~~~~~
[2026-09-02 07:16:16] /home/t00886357/fia_sink_a5_port_base/vllm-ascend/csrc/attention/inplace_partial_rotary_mul/op_host/inplace_partial_rotary_mul_tiling.h:336:26: note: shadowed declaration is here
[2026-09-02 07:16:16]   336 |     gert::TilingContext* context_ = nullptr;
[2026-09-02 07:16:16]       |                          ^~~~~~~~
[2026-09-02 07:16:16] /home/t00886357/fia_sink_a5_port_base/vllm-ascend/csrc/attention/inplace_partial_rotary_mul/op_host/inplace_partial_rotary_mul_tiling.h: In constructor ‘optiling::RopeRegBaseTilingClassBAB::RopeRegBaseTilingClassBAB(gert::TilingContext*)’:
[2026-09-02 07:16:16] /home/t00886357/fia_sink_a5_port_base/vllm-ascend/csrc/attention/inplace_partial_rotary_mul/op_host/inplace_partial_rotary_mul_tiling.h:444:61: warning: declaration of ‘context_’ shadows a member of ‘optiling::RopeRegBaseTilingClassBAB’ [-Wshadow]
[2026-09-02 07:16:16]   444 |     explicit RopeRegBaseTilingClassBAB(gert::TilingContext *context_) : RopeRegBaseTilingClass(context_)
[2026-09-02 07:16:16]       |                                        ~~~~~~~~~~~~~~~~~~~~~^~~~~~~~
[2026-09-02 07:16:16] /home/t00886357/fia_sink_a5_port_base/vllm-ascend/csrc/attention/inplace_partial_rotary_mul/op_host/inplace_partial_rotary_mul_tiling.h:336:26: note: shadowed declaration is here
[2026-09-02 07:16:16]   336 |     gert::TilingContext* context_ = nullptr;
[2026-09-02 07:16:16]       |                          ^~~~~~~~
[2026-09-02 07:16:16] /home/t00886357/fia_sink_a5_port_base/vllm-ascend/csrc/attention/inplace_partial_rotary_mul/op_host/inplace_partial_rotary_mul_tiling.h: In constructor ‘optiling::RopeRegBaseTilingClassBAB::RopeRegBaseTilingClassBAB(gert::TilingContext*)’:
[2026-09-02 07:16:16] /home/t00886357/fia_sink_a5_port_base/vllm-ascend/csrc/attention/inplace_partial_rotary_mul/op_host/inplace_partial_rotary_mul_tiling.h:444:61: warning: declaration of ‘context_’ shadows a member of ‘optiling::RopeRegBaseTilingClassBAB’ [-Wshadow]
[2026-09-02 07:16:16]   444 |     explicit RopeRegBaseTilingClassBAB(gert::TilingContext *context_) : RopeRegBaseTilingClass(context_)
[2026-09-02 07:16:16]       |                                        ~~~~~~~~~~~~~~~~~~~~~^~~~~~~~
[2026-09-02 07:16:16] /home/t00886357/fia_sink_a5_port_base/vllm-ascend/csrc/attention/inplace_partial_rotary_mul/op_host/inplace_partial_rotary_mul_tiling.h:336:26: note: shadowed declaration is here
[2026-09-02 07:16:16]   336 |     gert::TilingContext* context_ = nullptr;
[2026-09-02 07:16:16]       |                          ^~~~~~~~
[2026-09-02 07:16:16] In file included from /home/t00886357/fia_sink_a5_port_base/vllm-ascend/csrc/utils/inc/log/ops_log.h:18,
[2026-09-02 07:16:16]                  from /home/t00886357/fia_sink_a5_port_base/vllm-ascend/csrc/utils/inc/error/ops_error.h:18,
[2026-09-02 07:16:16]                  from /home/t00886357/fia_sink_a5_port_base/vllm-ascend/csrc/attention/inplace_partial_rotary_mul/op_host/inplace_partial_rotary_mul_tiling.h:27:
[2026-09-02 07:16:16] /home/t00886357/fia_sink_a5_port_base/vllm-ascend/csrc/attention/inplace_partial_rotary_mul/op_host/inplace_partial_rotary_mul_tiling.cpp: In member function ‘ge::graphStatus optiling::RotaryPosEmbeddingMembaseTilingClass::GetShapeAttrsInfo()’:
[2026-09-02 07:16:16] /home/t00886357/fia_sink_a5_port_base/vllm-ascend/csrc/utils/inc/log/inner/dfx_base.h:120:17: warning: format ‘%d’ expects argument of type ‘int’, but argument 12 has type ‘unsigned int’ [-Wformat=]
[2026-09-02 07:16:16]   120 |                 "[%s:%d][%s]%s[%s][%lu] OpName:[%s] " #FMT,                                                     \
[2026-09-02 07:16:16] /home/t00886357/fia_sink_a5_port_base/vllm-ascend/csrc/utils/inc/log/inner/dfx_base.h:149:44: note: in expansion of macro ‘OPS_LOG_STUB’
[2026-09-02 07:16:16]   149 | #define OPS_LOG_STUB_I(OPS_DESC, FMT, ...) OPS_LOG_STUB(OP, DLOG_INFO, OPS_DESC, FMT, ##__VA_ARGS__)
[2026-09-02 07:16:16]       |                                            ^~~~~~~~~~~~
[2026-09-02 07:16:16] /home/t00886357/fia_sink_a5_port_base/vllm-ascend/csrc/utils/inc/log/ops_log.h:22:34: note: in expansion of macro ‘OPS_LOG_STUB_I’
[2026-09-02 07:16:16]    22 | #define OPS_LOG_I(OPS_DESC, ...) OPS_LOG_STUB_I(OPS_DESC, __VA_ARGS__)
[2026-09-02 07:16:16]       |                                  ^~~~~~~~~~~~~~
[2026-09-02 07:16:16] /home/t00886357/fia_sink_a5_port_base/vllm-ascend/csrc/attention/inplace_partial_rotary_mul/op_host/inplace_partial_rotary_mul_tiling.cpp:49:5: note: in expansion of macro ‘OPS_LOG_I’
[2026-09-02 07:16:16]    49 |     OPS_LOG_I(context_->GetNodeName(), "[mode]: %d", inputMode);
[2026-09-02 07:16:16]       |     ^~~~~~~~~
[2026-09-02 07:16:16] [30/66] Building CXX object moe/causal_conv1d/op_host/CMakeFiles/ophost_transformer_tiling_obj.dir/__/__/situ_mx_quant/op_host/arch35/situ_mx_quant_tiling_arch35.cpp.o
[2026-09-02 07:16:16] In file included from /home/t00886357/fia_sink_a5_port_base/vllm-ascend/csrc/moe/situ_mx_quant/op_host/arch35/situ_mx_quant_tiling_arch35.cpp:22:
[2026-09-02 07:16:16] /usr/local/Ascend/cann-9.1.0/x86_64-linux/include/op_common/log/log.h:45:9: warning: redundant redeclaration of ‘int32_t CheckLogLevel(int32_t, int32_t)’ in same scope [-Wredundant-decls]
[2026-09-02 07:16:16]    45 | int32_t CheckLogLevel(int32_t moduleId, int32_t logLevel);
[2026-09-02 07:16:16]       |         ^~~~~~~~~~~~~
[2026-09-02 07:16:16] In file included from <command-line>:
[2026-09-02 07:16:16] /home/t00886357/fia_sink_a5_port_base/vllm-ascend/csrc/common/include/cann_compat.h:24:9: note: previous declaration of ‘int32_t CheckLogLevel(int32_t, int32_t)’
[2026-09-02 07:16:16]    24 | int32_t CheckLogLevel(int32_t moduleId, int32_t logLevel);
[2026-09-02 07:16:16]       |         ^~~~~~~~~~~~~
[2026-09-02 07:16:16] /usr/local/Ascend/cann-9.1.0/x86_64-linux/include/op_common/log/log.h:46:6: warning: redundant redeclaration of ‘void DlogRecord(int32_t, int32_t, const char*, ...)’ in same scope [-Wredundant-decls]
[2026-09-02 07:16:16]    46 | void DlogRecord(int32_t moduleId, int32_t level, const char* fmt, ...);
[2026-09-02 07:16:16]       |      ^~~~~~~~~~
[2026-09-02 07:16:16] /home/t00886357/fia_sink_a5_port_base/vllm-ascend/csrc/common/include/cann_compat.h:25:6: note: previous declaration of ‘void DlogRecord(int32_t, int32_t, const char*, ...)’
[2026-09-02 07:16:16]    25 | void DlogRecord(int32_t moduleId, int32_t level, const char *fmt, ...);
[2026-09-02 07:16:16]       |      ^~~~~~~~~~
[2026-09-02 07:16:16] /home/t00886357/fia_sink_a5_port_base/vllm-ascend/csrc/moe/situ_mx_quant/op_host/arch35/situ_mx_quant_tiling_arch35.cpp: In function ‘ge::graphStatus optiling::TilingPrepare4SituMxQuant(gert::TilingParseContext*)’:
[2026-09-02 07:16:16] /home/t00886357/fia_sink_a5_port_base/vllm-ascend/csrc/moe/situ_mx_quant/op_host/arch35/situ_mx_quant_tiling_arch35.cpp:329:69: warning: unused parameter ‘context’ [-Wunused-parameter]
[2026-09-02 07:16:16]   329 | ge::graphStatus TilingPrepare4SituMxQuant(gert::TilingParseContext* context)
[2026-09-02 07:16:16]       |                                           ~~~~~~~~~~~~~~~~~~~~~~~~~~^~~~~~~
[2026-09-02 07:16:16] [31/66] Building CXX object moe/causal_conv1d/op_host/CMakeFiles/ophost_transformer_tiling_obj.dir/__/__/hc_pre/op_host/hc_pre_tiling.cpp.o
[2026-09-02 07:16:16] In file included from /home/t00886357/fia_sink_a5_port_base/vllm-ascend/csrc/moe/hc_pre/op_host/hc_pre_tiling.cpp:18:
[2026-09-02 07:16:16] /home/t00886357/fia_sink_a5_port_base/vllm-ascend/csrc/moe/hc_pre/op_host/hc_pre_tiling_arch35.h: In member function ‘ge::graphStatus optiling::HcPreTilingRegbase::HcPreTilingRegbase::CalcRegbaseOpTiling()’:
[2026-09-02 07:16:16] /home/t00886357/fia_sink_a5_port_base/vllm-ascend/csrc/moe/hc_pre/op_host/hc_pre_tiling_arch35.h:280:27: warning: conversion from ‘double’ to ‘float’ may change value [-Wfloat-conversion]
[2026-09-02 07:16:16]   280 |     tilingData_.set_hcEps(hcEps_);
[2026-09-02 07:16:16]       |                           ^~~~~~
[2026-09-02 07:16:16] /home/t00886357/fia_sink_a5_port_base/vllm-ascend/csrc/moe/hc_pre/op_host/hc_pre_tiling_arch35.h:281:29: warning: conversion from ‘double’ to ‘float’ may change value [-Wfloat-conversion]
[2026-09-02 07:16:16]   281 |     tilingData_.set_normEps(normEps_);
[2026-09-02 07:16:16]       |                             ^~~~~~~~
[2026-09-02 07:16:16] /home/t00886357/fia_sink_a5_port_base/vllm-ascend/csrc/moe/hc_pre/op_host/hc_pre_tiling_arch35.h: In member function ‘ge::graphStatus optiling::HcPreTilingRegbase::HcPreTilingRegbase::CalcMKSplitCorePart2Tiling()’:
[2026-09-02 07:16:16] /home/t00886357/fia_sink_a5_port_base/vllm-ascend/csrc/moe/hc_pre/op_host/hc_pre_tiling_arch35.h:396:27: warning: conversion from ‘double’ to ‘float’ may change value [-Wfloat-conversion]
[2026-09-02 07:16:16]   396 |     tilingData_.set_hcEps(hcEps_);
[2026-09-02 07:16:16]       |                           ^~~~~~
[2026-09-02 07:16:16] /home/t00886357/fia_sink_a5_port_base/vllm-ascend/csrc/moe/hc_pre/op_host/hc_pre_tiling_arch35.h:397:29: warning: conversion from ‘double’ to ‘float’ may change value [-Wfloat-conversion]
[2026-09-02 07:16:16]   397 |     tilingData_.set_normEps(normEps_);
[2026-09-02 07:16:16]       |                             ^~~~~~~~
[2026-09-02 07:16:16] /home/t00886357/fia_sink_a5_port_base/vllm-ascend/csrc/moe/hc_pre/op_host/hc_pre_tiling.cpp: In member function ‘ge::graphStatus optiling::HcPreTiling::CalcMKSplitCoreMembasePart2Tiling()’:
[2026-09-02 07:16:16] /home/t00886357/fia_sink_a5_port_base/vllm-ascend/csrc/moe/hc_pre/op_host/hc_pre_tiling.cpp:272:27: warning: conversion from ‘double’ to ‘float’ may change value [-Wfloat-conversion]
[2026-09-02 07:16:16]   272 |     tilingData_.set_hcEps(hcEps_);
[2026-09-02 07:16:16]       |                           ^~~~~~
[2026-09-02 07:16:16] /home/t00886357/fia_sink_a5_port_base/vllm-ascend/csrc/moe/hc_pre/op_host/hc_pre_tiling.cpp:273:29: warning: conversion from ‘double’ to ‘float’ may change value [-Wfloat-conversion]
[2026-09-02 07:16:16]   273 |     tilingData_.set_normEps(normEps_);
[2026-09-02 07:16:16]       |                             ^~~~~~~~
[2026-09-02 07:16:16] [32/66] Building CXX object moe/causal_conv1d/op_host/CMakeFiles/ophost_transformer_tiling_obj.dir/__/__/__/attention/inplace_partial_rotary_mul/op_host/rope_regbase_tiling_base.cpp.o
[2026-09-02 07:16:16] In file included from /home/t00886357/fia_sink_a5_port_base/vllm-ascend/csrc/attention/inplace_partial_rotary_mul/op_host/rope_regbase_tiling_base.cpp:20:
[2026-09-02 07:16:16] /home/t00886357/fia_sink_a5_port_base/vllm-ascend/csrc/attention/inplace_partial_rotary_mul/op_host/inplace_partial_rotary_mul_tiling.h:220:7: warning: ‘class optiling::RopeRegBaseTilingClass’ has virtual functions and accessible non-virtual destructor [-Wnon-virtual-dtor]
[2026-09-02 07:16:16]   220 | class RopeRegBaseTilingClass {
[2026-09-02 07:16:16]       |       ^~~~~~~~~~~~~~~~~~~~~~
[2026-09-02 07:16:16] /home/t00886357/fia_sink_a5_port_base/vllm-ascend/csrc/attention/inplace_partial_rotary_mul/op_host/inplace_partial_rotary_mul_tiling.h:349:7: warning: base class ‘class optiling::RopeRegBaseTilingClass’ has accessible non-virtual destructor [-Wnon-virtual-dtor]
[2026-09-02 07:16:16]   349 | class RopeRegBaseTilingClassAAndB : public RopeRegBaseTilingClass {
[2026-09-02 07:16:16]       |       ^~~~~~~~~~~~~~~~~~~~~~~~~~~
[2026-09-02 07:16:16] /home/t00886357/fia_sink_a5_port_base/vllm-ascend/csrc/attention/inplace_partial_rotary_mul/op_host/inplace_partial_rotary_mul_tiling.h:349:7: warning: ‘class optiling::RopeRegBaseTilingClassAAndB’ has virtual functions and accessible non-virtual destructor [-Wnon-virtual-dtor]
[2026-09-02 07:16:16] /home/t00886357/fia_sink_a5_port_base/vllm-ascend/csrc/attention/inplace_partial_rotary_mul/op_host/inplace_partial_rotary_mul_tiling.h:384:7: warning: base class ‘class optiling::RopeRegBaseTilingClass’ has accessible non-virtual destructor [-Wnon-virtual-dtor]
[2026-09-02 07:16:16]   384 | class RopeRegBaseTilingClassAB : public RopeRegBaseTilingClass {
[2026-09-02 07:16:16]       |       ^~~~~~~~~~~~~~~~~~~~~~~~
[2026-09-02 07:16:16] /home/t00886357/fia_sink_a5_port_base/vllm-ascend/csrc/attention/inplace_partial_rotary_mul/op_host/inplace_partial_rotary_mul_tiling.h:384:7: warning: ‘class optiling::RopeRegBaseTilingClassAB’ has virtual functions and accessible non-virtual destructor [-Wnon-virtual-dtor]
[2026-09-02 07:16:16] /home/t00886357/fia_sink_a5_port_base/vllm-ascend/csrc/attention/inplace_partial_rotary_mul/op_host/inplace_partial_rotary_mul_tiling.h:408:7: warning: base class ‘class optiling::RopeRegBaseTilingClass’ has accessible non-virtual destructor [-Wnon-virtual-dtor]
[2026-09-02 07:16:16]   408 | class RopeRegBaseTilingClassABAAndBA : public RopeRegBaseTilingClass {
[2026-09-02 07:16:16]       |       ^~~~~~~~~~~~~~~~~~~~~~~~~~~~~~
[2026-09-02 07:16:16] /home/t00886357/fia_sink_a5_port_base/vllm-ascend/csrc/attention/inplace_partial_rotary_mul/op_host/inplace_partial_rotary_mul_tiling.h:408:7: warning: ‘class optiling::RopeRegBaseTilingClassABAAndBA’ has virtual functions and accessible non-virtual destructor [-Wnon-virtual-dtor]
[2026-09-02 07:16:16] /home/t00886357/fia_sink_a5_port_base/vllm-ascend/csrc/attention/inplace_partial_rotary_mul/op_host/inplace_partial_rotary_mul_tiling.h:442:7: warning: base class ‘class optiling::RopeRegBaseTilingClass’ has accessible non-virtual destructor [-Wnon-virtual-dtor]
[2026-09-02 07:16:16]   442 | class RopeRegBaseTilingClassBAB : public RopeRegBaseTilingClass {
[2026-09-02 07:16:16]       |       ^~~~~~~~~~~~~~~~~~~~~~~~~
[2026-09-02 07:16:16] /home/t00886357/fia_sink_a5_port_base/vllm-ascend/csrc/attention/inplace_partial_rotary_mul/op_host/inplace_partial_rotary_mul_tiling.h:442:7: warning: ‘class optiling::RopeRegBaseTilingClassBAB’ has virtual functions and accessible non-virtual destructor [-Wnon-virtual-dtor]
[2026-09-02 07:16:16] /home/t00886357/fia_sink_a5_port_base/vllm-ascend/csrc/attention/inplace_partial_rotary_mul/op_host/inplace_partial_rotary_mul_tiling.h: In constructor ‘optiling::RopeRegBaseTilingClassBAB::RopeRegBaseTilingClassBAB(gert::TilingContext*)’:
[2026-09-02 07:16:16] /home/t00886357/fia_sink_a5_port_base/vllm-ascend/csrc/attention/inplace_partial_rotary_mul/op_host/inplace_partial_rotary_mul_tiling.h:444:61: warning: declaration of ‘context_’ shadows a member of ‘optiling::RopeRegBaseTilingClassBAB’ [-Wshadow]
[2026-09-02 07:16:16]   444 |     explicit RopeRegBaseTilingClassBAB(gert::TilingContext *context_) : RopeRegBaseTilingClass(context_)
[2026-09-02 07:16:16]       |                                        ~~~~~~~~~~~~~~~~~~~~~^~~~~~~~
[2026-09-02 07:16:16] /home/t00886357/fia_sink_a5_port_base/vllm-ascend/csrc/attention/inplace_partial_rotary_mul/op_host/inplace_partial_rotary_mul_tiling.h:336:26: note: shadowed declaration is here
[2026-09-02 07:16:16]   336 |     gert::TilingContext* context_ = nullptr;
[2026-09-02 07:16:16]       |                          ^~~~~~~~
[2026-09-02 07:16:16] /home/t00886357/fia_sink_a5_port_base/vllm-ascend/csrc/attention/inplace_partial_rotary_mul/op_host/inplace_partial_rotary_mul_tiling.h: In constructor ‘optiling::RopeRegBaseTilingClassBAB::RopeRegBaseTilingClassBAB(gert::TilingContext*)’:
[2026-09-02 07:16:16] /home/t00886357/fia_sink_a5_port_base/vllm-ascend/csrc/attention/inplace_partial_rotary_mul/op_host/inplace_partial_rotary_mul_tiling.h:444:61: warning: declaration of ‘context_’ shadows a member of ‘optiling::RopeRegBaseTilingClassBAB’ [-Wshadow]
[2026-09-02 07:16:16]   444 |     explicit RopeRegBaseTilingClassBAB(gert::TilingContext *context_) : RopeRegBaseTilingClass(context_)
[2026-09-02 07:16:16]       |                                        ~~~~~~~~~~~~~~~~~~~~~^~~~~~~~
[2026-09-02 07:16:16] /home/t00886357/fia_sink_a5_port_base/vllm-ascend/csrc/attention/inplace_partial_rotary_mul/op_host/inplace_partial_rotary_mul_tiling.h:336:26: note: shadowed declaration is here
[2026-09-02 07:16:16]   336 |     gert::TilingContext* context_ = nullptr;
[2026-09-02 07:16:16]       |                          ^~~~~~~~
[2026-09-02 07:16:16] /home/t00886357/fia_sink_a5_port_base/vllm-ascend/csrc/attention/inplace_partial_rotary_mul/op_host/inplace_partial_rotary_mul_tiling.h: In constructor ‘optiling::RopeRegBaseTilingClassBAB::RopeRegBaseTilingClassBAB(gert::TilingContext*)’:
[2026-09-02 07:16:16] /home/t00886357/fia_sink_a5_port_base/vllm-ascend/csrc/attention/inplace_partial_rotary_mul/op_host/inplace_partial_rotary_mul_tiling.h:444:61: warning: declaration of ‘context_’ shadows a member of ‘optiling::RopeRegBaseTilingClassBAB’ [-Wshadow]
[2026-09-02 07:16:16]   444 |     explicit RopeRegBaseTilingClassBAB(gert::TilingContext *context_) : RopeRegBaseTilingClass(context_)
[2026-09-02 07:16:16]       |                                        ~~~~~~~~~~~~~~~~~~~~~^~~~~~~~
[2026-09-02 07:16:16] /home/t00886357/fia_sink_a5_port_base/vllm-ascend/csrc/attention/inplace_partial_rotary_mul/op_host/inplace_partial_rotary_mul_tiling.h:336:26: note: shadowed declaration is here
[2026-09-02 07:16:16]   336 |     gert::TilingContext* context_ = nullptr;
[2026-09-02 07:16:16]       |                          ^~~~~~~~
[2026-09-02 07:16:16] [33/66] Building CXX object moe/causal_conv1d/op_host/CMakeFiles/ophost_transformer_tiling_obj.dir/__/__/__/attention/kv_quant_sparse_attn_sharedkv/op_host/kv_quant_sparse_attn_sharedkv_check_consistancy.cpp.o
[2026-09-02 07:16:16] In file included from /home/t00886357/fia_sink_a5_port_base/vllm-ascend/csrc/attention/kv_quant_sparse_attn_sharedkv/op_host/kv_quant_sparse_attn_sharedkv_check.h:24,
[2026-09-02 07:16:16]                  from /home/t00886357/fia_sink_a5_port_base/vllm-ascend/csrc/attention/kv_quant_sparse_attn_sharedkv/op_host/kv_quant_sparse_attn_sharedkv_check_consistancy.cpp:16:
[2026-09-02 07:16:16] /usr/local/Ascend/cann-9.1.0/x86_64-linux/include/op_common/log/log.h:45:9: warning: redundant redeclaration of ‘int32_t CheckLogLevel(int32_t, int32_t)’ in same scope [-Wredundant-decls]
[2026-09-02 07:16:16]    45 | int32_t CheckLogLevel(int32_t moduleId, int32_t logLevel);
[2026-09-02 07:16:16]       |         ^~~~~~~~~~~~~
[2026-09-02 07:16:16] In file included from <command-line>:
[2026-09-02 07:16:16] /home/t00886357/fia_sink_a5_port_base/vllm-ascend/csrc/common/include/cann_compat.h:24:9: note: previous declaration of ‘int32_t CheckLogLevel(int32_t, int32_t)’
[2026-09-02 07:16:16]    24 | int32_t CheckLogLevel(int32_t moduleId, int32_t logLevel);
[2026-09-02 07:16:16]       |         ^~~~~~~~~~~~~
[2026-09-02 07:16:16] /usr/local/Ascend/cann-9.1.0/x86_64-linux/include/op_common/log/log.h:46:6: warning: redundant redeclaration of ‘void DlogRecord(int32_t, int32_t, const char*, ...)’ in same scope [-Wredundant-decls]
[2026-09-02 07:16:16]    46 | void DlogRecord(int32_t moduleId, int32_t level, const char* fmt, ...);
[2026-09-02 07:16:16]       |      ^~~~~~~~~~
[2026-09-02 07:16:16] /home/t00886357/fia_sink_a5_port_base/vllm-ascend/csrc/common/include/cann_compat.h:25:6: note: previous declaration of ‘void DlogRecord(int32_t, int32_t, const char*, ...)’
[2026-09-02 07:16:16]    25 | void DlogRecord(int32_t moduleId, int32_t level, const char *fmt, ...);
[2026-09-02 07:16:16]       |      ^~~~~~~~~~
[2026-09-02 07:16:16] /home/t00886357/fia_sink_a5_port_base/vllm-ascend/csrc/attention/kv_quant_sparse_attn_sharedkv/op_host/kv_quant_sparse_attn_sharedkv_check.h:415:7: warning: ‘class optiling::KvQuantSASTilingCheck’ has virtual functions and accessible non-virtual destructor [-Wnon-virtual-dtor]
[2026-09-02 07:16:16]   415 | class KvQuantSASTilingCheck {
[2026-09-02 07:16:16]       |       ^~~~~~~~~~~~~~~~~~~~~
[2026-09-02 07:16:16] [34/66] Building CXX object moe/causal_conv1d/op_host/CMakeFiles/ophost_transformer_tiling_obj.dir/__/__/__/attention/fused_infer_attention_score_v2_sink/op_host/fused_infer_attention_score_v2_sink_tiling_check_feature.cpp.o
[2026-09-02 07:16:16] [35/66] Building CXX object moe/causal_conv1d/op_host/CMakeFiles/ophost_transformer_tiling_obj.dir/__/__/__/attention/fused_infer_attention_score_v2_sink/op_host/fused_infer_attention_score_v2_sink_tiling_check_existence.cpp.o
[2026-09-02 07:16:16] In file included from /home/t00886357/fia_sink_a5_port_base/vllm-ascend/csrc/utils/inc/log/ops_log.h:18,
[2026-09-02 07:16:16]                  from /home/t00886357/fia_sink_a5_port_base/vllm-ascend/csrc/utils/inc/error/ops_error.h:18,
[2026-09-02 07:16:16]                  from /home/t00886357/fia_sink_a5_port_base/vllm-ascend/csrc/attention/fused_infer_attention_score_v2_sink_common/attention_common/op_host/fia_tiling_base.h:24,
[2026-09-02 07:16:16]                  from /home/t00886357/fia_sink_a5_port_base/vllm-ascend/csrc/attention/fused_infer_attention_score_v2_sink_common/attention_common/op_host/fia_tiling_info.h:20,
[2026-09-02 07:16:16]                  from /home/t00886357/fia_sink_a5_port_base/vllm-ascend/csrc/attention/fused_infer_attention_score_v2_sink/op_host/fused_infer_attention_score_v2_sink_tiling_check.h:18,
[2026-09-02 07:16:16]                  from /home/t00886357/fia_sink_a5_port_base/vllm-ascend/csrc/attention/fused_infer_attention_score_v2_sink/op_host/fused_infer_attention_score_v2_sink_tiling_check_existence.cpp:24:
[2026-09-02 07:16:16] /home/t00886357/fia_sink_a5_port_base/vllm-ascend/csrc/attention/fused_infer_attention_score_v2_sink/op_host/fused_infer_attention_score_v2_sink_tiling_check_existence.cpp: In member function ‘ge::graphStatus optiling::FiaTilingCheck::CheckDtypeAndSetQuantFlagGqa()’:
[2026-09-02 07:16:16] /home/t00886357/fia_sink_a5_port_base/vllm-ascend/csrc/utils/inc/log/inner/dfx_base.h:120:17: warning: format ‘%s’ expects a matching ‘char*’ argument [-Wformat=]
[2026-09-02 07:16:16]   120 |                 "[%s:%d][%s]%s[%s][%lu] OpName:[%s] " #FMT,                                                     \
[2026-09-02 07:16:16] /home/t00886357/fia_sink_a5_port_base/vllm-ascend/csrc/utils/inc/log/inner/dfx_base.h:138:9: note: in expansion of macro ‘OPS_LOG_STUB’
[2026-09-02 07:16:16]   138 |         OPS_LOG_STUB(OP, DLOG_ERROR, OPS_DESC, FMT, ##__VA_ARGS__);                                                    \
[2026-09-02 07:16:16]       |         ^~~~~~~~~~~~
[2026-09-02 07:16:16] /home/t00886357/fia_sink_a5_port_base/vllm-ascend/csrc/utils/inc/log/ops_log.h:24:34: note: in expansion of macro ‘OPS_INNER_ERR_STUB’
[2026-09-02 07:16:16]    24 | #define OPS_LOG_E(OPS_DESC, ...) OPS_INNER_ERR_STUB("EZ9999", OPS_DESC, __VA_ARGS__)
[2026-09-02 07:16:16]       |                                  ^~~~~~~~~~~~~~~~~~
[2026-09-02 07:16:16] /home/t00886357/fia_sink_a5_port_base/vllm-ascend/csrc/attention/fused_infer_attention_score_v2_sink/op_host/fused_infer_attention_score_v2_sink_tiling_check_existence.cpp:138:9: note: in expansion of macro ‘OPS_LOG_E’
[2026-09-02 07:16:16]   138 |         OPS_LOG_E(opName_,
[2026-09-02 07:16:16]       |         ^~~~~~~~~
[2026-09-02 07:16:16] /home/t00886357/fia_sink_a5_port_base/vllm-ascend/csrc/utils/inc/log/inner/dfx_base.h:120:17: warning: format ‘%s’ expects a matching ‘char*’ argument [-Wformat=]
[2026-09-02 07:16:16]   120 |                 "[%s:%d][%s]%s[%s][%lu] OpName:[%s] " #FMT,                                                     \
[2026-09-02 07:16:16] /home/t00886357/fia_sink_a5_port_base/vllm-ascend/csrc/utils/inc/log/inner/dfx_base.h:138:9: note: in expansion of macro ‘OPS_LOG_STUB’
[2026-09-02 07:16:16]   138 |         OPS_LOG_STUB(OP, DLOG_ERROR, OPS_DESC, FMT, ##__VA_ARGS__);                                                    \
[2026-09-02 07:16:16]       |         ^~~~~~~~~~~~
[2026-09-02 07:16:16] /home/t00886357/fia_sink_a5_port_base/vllm-ascend/csrc/utils/inc/log/ops_log.h:24:34: note: in expansion of macro ‘OPS_INNER_ERR_STUB’
[2026-09-02 07:16:16]    24 | #define OPS_LOG_E(OPS_DESC, ...) OPS_INNER_ERR_STUB("EZ9999", OPS_DESC, __VA_ARGS__)
[2026-09-02 07:16:16]       |                                  ^~~~~~~~~~~~~~~~~~
[2026-09-02 07:16:16] /home/t00886357/fia_sink_a5_port_base/vllm-ascend/csrc/attention/fused_infer_attention_score_v2_sink/op_host/fused_infer_attention_score_v2_sink_tiling_check_existence.cpp:138:9: note: in expansion of macro ‘OPS_LOG_E’
[2026-09-02 07:16:16]   138 |         OPS_LOG_E(opName_,
[2026-09-02 07:16:16]       |         ^~~~~~~~~
[2026-09-02 07:16:16] In file included from /home/t00886357/fia_sink_a5_port_base/vllm-ascend/csrc/utils/inc/log/inner/dfx_base.h:25:
[2026-09-02 07:16:16] /home/t00886357/fia_sink_a5_port_base/vllm-ascend/csrc/attention/fused_infer_attention_score_v2_sink/op_host/fused_infer_attention_score_v2_sink_tiling_check_existence.cpp:139:19: warning: format ‘%s’ expects a matching ‘char*’ argument [-Wformat=]
[2026-09-02 07:16:16]   139 |                   "In %s situation, only supports [query_dtype, kv_dtype] as %s, %s, %s, but got %s",
[2026-09-02 07:16:16] /home/t00886357/fia_sink_a5_port_base/vllm-ascend/csrc/utils/inc/log/ops_log.h:24:34: note: in expansion of macro ‘OPS_INNER_ERR_STUB’
[2026-09-02 07:16:16]    24 | #define OPS_LOG_E(OPS_DESC, ...) OPS_INNER_ERR_STUB("EZ9999", OPS_DESC, __VA_ARGS__)
[2026-09-02 07:16:16]       |                                  ^~~~~~~~~~~~~~~~~~
[2026-09-02 07:16:16] /home/t00886357/fia_sink_a5_port_base/vllm-ascend/csrc/attention/fused_infer_attention_score_v2_sink/op_host/fused_infer_attention_score_v2_sink_tiling_check_existence.cpp:138:9: note: in expansion of macro ‘OPS_LOG_E’
[2026-09-02 07:16:16]   138 |         OPS_LOG_E(opName_,
[2026-09-02 07:16:16]       |         ^~~~~~~~~
[2026-09-02 07:16:16] /home/t00886357/fia_sink_a5_port_base/vllm-ascend/csrc/attention/fused_infer_attention_score_v2_sink/op_host/fused_infer_attention_score_v2_sink_tiling_check_existence.cpp:139:19: warning: format ‘%s’ expects a matching ‘char*’ argument [-Wformat=]
[2026-09-02 07:16:16]   139 |                   "In %s situation, only supports [query_dtype, kv_dtype] as %s, %s, %s, but got %s",
[2026-09-02 07:16:16] /home/t00886357/fia_sink_a5_port_base/vllm-ascend/csrc/utils/inc/log/ops_log.h:24:34: note: in expansion of macro ‘OPS_INNER_ERR_STUB’
[2026-09-02 07:16:16]    24 | #define OPS_LOG_E(OPS_DESC, ...) OPS_INNER_ERR_STUB("EZ9999", OPS_DESC, __VA_ARGS__)
[2026-09-02 07:16:16]       |                                  ^~~~~~~~~~~~~~~~~~
[2026-09-02 07:16:16] /home/t00886357/fia_sink_a5_port_base/vllm-ascend/csrc/attention/fused_infer_attention_score_v2_sink/op_host/fused_infer_attention_score_v2_sink_tiling_check_existence.cpp:138:9: note: in expansion of macro ‘OPS_LOG_E’
[2026-09-02 07:16:16]   138 |         OPS_LOG_E(opName_,
[2026-09-02 07:16:16]       |         ^~~~~~~~~
[2026-09-02 07:16:16] [36/66] Building CXX object moe/causal_conv1d/op_host/CMakeFiles/ophost_transformer_tiling_obj.dir/__/__/__/attention/kv_quant_sparse_attn_sharedkv/op_host/kv_quant_sparse_attn_sharedkv_check_feature.cpp.o
[2026-09-02 07:16:16] In file included from /home/t00886357/fia_sink_a5_port_base/vllm-ascend/csrc/attention/kv_quant_sparse_attn_sharedkv/op_host/kv_quant_sparse_attn_sharedkv_check.h:24,
[2026-09-02 07:16:16]                  from /home/t00886357/fia_sink_a5_port_base/vllm-ascend/csrc/attention/kv_quant_sparse_attn_sharedkv/op_host/kv_quant_sparse_attn_sharedkv_check_feature.cpp:16:
[2026-09-02 07:16:16] /usr/local/Ascend/cann-9.1.0/x86_64-linux/include/op_common/log/log.h:45:9: warning: redundant redeclaration of ‘int32_t CheckLogLevel(int32_t, int32_t)’ in same scope [-Wredundant-decls]
[2026-09-02 07:16:16]    45 | int32_t CheckLogLevel(int32_t moduleId, int32_t logLevel);
[2026-09-02 07:16:16]       |         ^~~~~~~~~~~~~
[2026-09-02 07:16:16] In file included from <command-line>:
[2026-09-02 07:16:16] /home/t00886357/fia_sink_a5_port_base/vllm-ascend/csrc/common/include/cann_compat.h:24:9: note: previous declaration of ‘int32_t CheckLogLevel(int32_t, int32_t)’
[2026-09-02 07:16:16]    24 | int32_t CheckLogLevel(int32_t moduleId, int32_t logLevel);
[2026-09-02 07:16:16]       |         ^~~~~~~~~~~~~
[2026-09-02 07:16:16] /usr/local/Ascend/cann-9.1.0/x86_64-linux/include/op_common/log/log.h:46:6: warning: redundant redeclaration of ‘void DlogRecord(int32_t, int32_t, const char*, ...)’ in same scope [-Wredundant-decls]
[2026-09-02 07:16:16]    46 | void DlogRecord(int32_t moduleId, int32_t level, const char* fmt, ...);
[2026-09-02 07:16:16]       |      ^~~~~~~~~~
[2026-09-02 07:16:16] /home/t00886357/fia_sink_a5_port_base/vllm-ascend/csrc/common/include/cann_compat.h:25:6: note: previous declaration of ‘void DlogRecord(int32_t, int32_t, const char*, ...)’
[2026-09-02 07:16:16]    25 | void DlogRecord(int32_t moduleId, int32_t level, const char *fmt, ...);
[2026-09-02 07:16:16]       |      ^~~~~~~~~~
[2026-09-02 07:16:16] /home/t00886357/fia_sink_a5_port_base/vllm-ascend/csrc/attention/kv_quant_sparse_attn_sharedkv/op_host/kv_quant_sparse_attn_sharedkv_check.h:415:7: warning: ‘class optiling::KvQuantSASTilingCheck’ has virtual functions and accessible non-virtual destructor [-Wnon-virtual-dtor]
[2026-09-02 07:16:16]   415 | class KvQuantSASTilingCheck {
[2026-09-02 07:16:16]       |       ^~~~~~~~~~~~~~~~~~~~~
[2026-09-02 07:16:16] /home/t00886357/fia_sink_a5_port_base/vllm-ascend/csrc/attention/kv_quant_sparse_attn_sharedkv/op_host/kv_quant_sparse_attn_sharedkv_check_feature.cpp: In member function ‘ge::graphStatus optiling::KvQuantSASTilingCheck::CheckFeatureAntiquantPa() const’:
[2026-09-02 07:16:16] /home/t00886357/fia_sink_a5_port_base/vllm-ascend/csrc/attention/kv_quant_sparse_attn_sharedkv/op_host/kv_quant_sparse_attn_sharedkv_check_feature.cpp:128:26: warning: format ‘%ld’ expects argument of type ‘long int’, but argument 6 has type ‘unsigned int’ [-Wformat=]
[2026-09-02 07:16:16]   128 |         OP_LOGE(opName_, "when page attention is enabled, oriBlockSize_(%ld) should be in range (0, %u].",
[2026-09-02 07:16:16]   129 |         oriBlockSize_, MAX_BLOCK_SIZE), return ge::GRAPH_FAILED);
[2026-09-02 07:16:16]       |         ~~~~~~~~~~~~~     
[2026-09-02 07:16:16]       |         |
[2026-09-02 07:16:16]       |         unsigned int
[2026-09-02 07:16:16] /usr/local/Ascend/cann-9.1.0/x86_64-linux/include/op_common/log/log.h:1130:13: note: in definition of macro ‘OP_CHECK_IF’
[2026-09-02 07:16:16]  1130 |             log;                                 \
[2026-09-02 07:16:16]       |             ^~~
[2026-09-02 07:16:16] /home/t00886357/fia_sink_a5_port_base/vllm-ascend/csrc/attention/kv_quant_sparse_attn_sharedkv/op_host/kv_quant_sparse_attn_sharedkv_check_feature.cpp:128:9: note: in expansion of macro ‘OP_LOGE’
[2026-09-02 07:16:16]   128 |         OP_LOGE(opName_, "when page attention is enabled, oriBlockSize_(%ld) should be in range (0, %u].",
[2026-09-02 07:16:16]       |         ^~~~~~~
[2026-09-02 07:16:16] /home/t00886357/fia_sink_a5_port_base/vllm-ascend/csrc/attention/kv_quant_sparse_attn_sharedkv/op_host/kv_quant_sparse_attn_sharedkv_check_feature.cpp:133:30: warning: format ‘%ld’ expects argument of type ‘long int’, but argument 6 has type ‘unsigned int’ [-Wformat=]
[2026-09-02 07:16:16]   133 |             OP_LOGE(opName_, "when page attention is enabled, cmpBlockSize_(%ld) should be in range (0, %u].",
[2026-09-02 07:16:16]   134 |             cmpBlockSize_, MAX_BLOCK_SIZE), return ge::GRAPH_FAILED);
[2026-09-02 07:16:16]       |             ~~~~~~~~~~~~~     
[2026-09-02 07:16:16]       |             |
[2026-09-02 07:16:16]       |             unsigned int
[2026-09-02 07:16:16] /usr/local/Ascend/cann-9.1.0/x86_64-linux/include/op_common/log/log.h:1130:13: note: in definition of macro ‘OP_CHECK_IF’
[2026-09-02 07:16:16]  1130 |             log;                                 \
[2026-09-02 07:16:16]       |             ^~~
[2026-09-02 07:16:16] /home/t00886357/fia_sink_a5_port_base/vllm-ascend/csrc/attention/kv_quant_sparse_attn_sharedkv/op_host/kv_quant_sparse_attn_sharedkv_check_feature.cpp:133:13: note: in expansion of macro ‘OP_LOGE’
[2026-09-02 07:16:16]   133 |             OP_LOGE(opName_, "when page attention is enabled, cmpBlockSize_(%ld) should be in range (0, %u].",
[2026-09-02 07:16:16]       |             ^~~~~~~
[2026-09-02 07:16:16] [37/66] Building CXX object moe/causal_conv1d/op_host/CMakeFiles/ophost_transformer_tiling_obj.dir/__/__/__/attention/fused_infer_attention_score_v2_sink/op_host/fused_infer_attention_score_v2_sink_tiling_info_parser.cpp.o
[2026-09-02 07:16:16] In file included from /home/t00886357/fia_sink_a5_port_base/vllm-ascend/csrc/utils/inc/log/ops_log.h:18,
[2026-09-02 07:16:16]                  from /home/t00886357/fia_sink_a5_port_base/vllm-ascend/csrc/utils/inc/error/ops_error.h:18,
[2026-09-02 07:16:16]                  from /home/t00886357/fia_sink_a5_port_base/vllm-ascend/csrc/attention/fused_infer_attention_score_v2_sink/op_host/fused_infer_attention_score_v2_sink_tiling_info_parser.cpp:22:
[2026-09-02 07:16:16] /home/t00886357/fia_sink_a5_port_base/vllm-ascend/csrc/attention/fused_infer_attention_score_v2_sink/op_host/fused_infer_attention_score_v2_sink_tiling_info_parser.cpp: In member function ‘ge::graphStatus optiling::FiaInfoParser::GetEmptyTensorFlag()’:
[2026-09-02 07:16:16] /home/t00886357/fia_sink_a5_port_base/vllm-ascend/csrc/utils/inc/log/inner/dfx_base.h:120:17: warning: format ‘%llu’ expects argument of type ‘long long unsigned int’, but argument 12 has type ‘int64_t’ {aka ‘long int’} [-Wformat=]
[2026-09-02 07:16:16]   120 |                 "[%s:%d][%s]%s[%s][%lu] OpName:[%s] " #FMT,                                                     \
[2026-09-02 07:16:16] /home/t00886357/fia_sink_a5_port_base/vllm-ascend/csrc/utils/inc/log/inner/dfx_base.h:138:9: note: in expansion of macro ‘OPS_LOG_STUB’
[2026-09-02 07:16:16]   138 |         OPS_LOG_STUB(OP, DLOG_ERROR, OPS_DESC, FMT, ##__VA_ARGS__);                                                    \
[2026-09-02 07:16:16]       |         ^~~~~~~~~~~~
[2026-09-02 07:16:16] /home/t00886357/fia_sink_a5_port_base/vllm-ascend/csrc/utils/inc/log/ops_log.h:24:34: note: in expansion of macro ‘OPS_INNER_ERR_STUB’
[2026-09-02 07:16:16]    24 | #define OPS_LOG_E(OPS_DESC, ...) OPS_INNER_ERR_STUB("EZ9999", OPS_DESC, __VA_ARGS__)
[2026-09-02 07:16:16]       |                                  ^~~~~~~~~~~~~~~~~~
[2026-09-02 07:16:16] /home/t00886357/fia_sink_a5_port_base/vllm-ascend/csrc/attention/fused_infer_attention_score_v2_sink/op_host/fused_infer_attention_score_v2_sink_tiling_info_parser.cpp:115:9: note: in expansion of macro ‘OPS_LOG_E’
[2026-09-02 07:16:16]   115 |         OPS_LOG_E(opName_,
[2026-09-02 07:16:16]       |         ^~~~~~~~~
[2026-09-02 07:16:16] /home/t00886357/fia_sink_a5_port_base/vllm-ascend/csrc/utils/inc/log/inner/dfx_base.h:120:17: warning: format ‘%llu’ expects argument of type ‘long long unsigned int’, but argument 13 has type ‘int64_t’ {aka ‘long int’} [-Wformat=]
[2026-09-02 07:16:16]   120 |                 "[%s:%d][%s]%s[%s][%lu] OpName:[%s] " #FMT,                                                     \
[2026-09-02 07:16:16] /home/t00886357/fia_sink_a5_port_base/vllm-ascend/csrc/utils/inc/log/inner/dfx_base.h:138:9: note: in expansion of macro ‘OPS_LOG_STUB’
[2026-09-02 07:16:16]   138 |         OPS_LOG_STUB(OP, DLOG_ERROR, OPS_DESC, FMT, ##__VA_ARGS__);                                                    \
[2026-09-02 07:16:16]       |         ^~~~~~~~~~~~
[2026-09-02 07:16:16] /home/t00886357/fia_sink_a5_port_base/vllm-ascend/csrc/utils/inc/log/ops_log.h:24:34: note: in expansion of macro ‘OPS_INNER_ERR_STUB’
[2026-09-02 07:16:16]    24 | #define OPS_LOG_E(OPS_DESC, ...) OPS_INNER_ERR_STUB("EZ9999", OPS_DESC, __VA_ARGS__)
[2026-09-02 07:16:16]       |                                  ^~~~~~~~~~~~~~~~~~
[2026-09-02 07:16:16] /home/t00886357/fia_sink_a5_port_base/vllm-ascend/csrc/attention/fused_infer_attention_score_v2_sink/op_host/fused_infer_attention_score_v2_sink_tiling_info_parser.cpp:115:9: note: in expansion of macro ‘OPS_LOG_E’
[2026-09-02 07:16:16]   115 |         OPS_LOG_E(opName_,
[2026-09-02 07:16:16]       |         ^~~~~~~~~
[2026-09-02 07:16:16] In file included from /home/t00886357/fia_sink_a5_port_base/vllm-ascend/csrc/utils/inc/log/inner/dfx_base.h:25:
[2026-09-02 07:16:16] /home/t00886357/fia_sink_a5_port_base/vllm-ascend/csrc/attention/fused_infer_attention_score_v2_sink/op_host/fused_infer_attention_score_v2_sink_tiling_info_parser.cpp:116:19: warning: format ‘%llu’ expects argument of type ‘long long unsigned int’, but argument 6 has type ‘int64_t’ {aka ‘long int’} [-Wformat=]
[2026-09-02 07:16:16]   116 |                   "query shape size is %llu byte, but attention Out shape size is %llu byte, they cannot be empty "
[2026-09-02 07:16:16]   117 |                   "while the other is not",
[2026-09-02 07:16:16]   118 |                   opParamInfo_.query.shape->GetStorageShape().GetShapeSize(),
[2026-09-02 07:16:16]       |                   ~~~~~~~~~~~~~~~~~~~~~~~~~~~~~~~~~~~~~~~~~~~~~~~~~~~~~~~~~~
[2026-09-02 07:16:16]       |                                                                           |
[2026-09-02 07:16:16]       |                                                                           int64_t {aka long int}
[2026-09-02 07:16:16] /home/t00886357/fia_sink_a5_port_base/vllm-ascend/csrc/utils/inc/log/ops_log.h:24:34: note: in expansion of macro ‘OPS_INNER_ERR_STUB’
[2026-09-02 07:16:16]    24 | #define OPS_LOG_E(OPS_DESC, ...) OPS_INNER_ERR_STUB("EZ9999", OPS_DESC, __VA_ARGS__)
[2026-09-02 07:16:16]       |                                  ^~~~~~~~~~~~~~~~~~
[2026-09-02 07:16:16] /home/t00886357/fia_sink_a5_port_base/vllm-ascend/csrc/attention/fused_infer_attention_score_v2_sink/op_host/fused_infer_attention_score_v2_sink_tiling_info_parser.cpp:115:9: note: in expansion of macro ‘OPS_LOG_E’
[2026-09-02 07:16:16]   115 |         OPS_LOG_E(opName_,
[2026-09-02 07:16:16]       |         ^~~~~~~~~
[2026-09-02 07:16:16] /home/t00886357/fia_sink_a5_port_base/vllm-ascend/csrc/attention/fused_infer_attention_score_v2_sink/op_host/fused_infer_attention_score_v2_sink_tiling_info_parser.cpp:116:43: note: format string is defined here
[2026-09-02 07:16:16]   116 |                   "query shape size is %llu byte, but attention Out shape size is %llu byte, they cannot be empty "
[2026-09-02 07:16:16]       |                                        ~~~^
[2026-09-02 07:16:16]       |                                           |
[2026-09-02 07:16:16]       |                                           long long unsigned int
[2026-09-02 07:16:16]       |                                        %lu
[2026-09-02 07:16:16] /home/t00886357/fia_sink_a5_port_base/vllm-ascend/csrc/attention/fused_infer_attention_score_v2_sink/op_host/fused_infer_attention_score_v2_sink_tiling_info_parser.cpp:116:19: warning: format ‘%llu’ expects argument of type ‘long long unsigned int’, but argument 7 has type ‘int64_t’ {aka ‘long int’} [-Wformat=]
[2026-09-02 07:16:16]   116 |                   "query shape size is %llu byte, but attention Out shape size is %llu byte, they cannot be empty "
[2026-09-02 07:16:16] ......
[2026-09-02 07:16:16]   119 |                   opParamInfo_.attenOut.shape->GetStorageShape().GetShapeSize());
[2026-09-02 07:16:16]       |                   ~~~~~~~~~~~~~~~~~~~~~~~~~~~~~~~~~~~~~~~~~~~~~~~~~~~~~~~~~~~~~
[2026-09-02 07:16:16]       |                                                                              |
[2026-09-02 07:16:16]       |                                                                              int64_t {aka long int}
[2026-09-02 07:16:16] /home/t00886357/fia_sink_a5_port_base/vllm-ascend/csrc/utils/inc/log/ops_log.h:24:34: note: in expansion of macro ‘OPS_INNER_ERR_STUB’
[2026-09-02 07:16:16]    24 | #define OPS_LOG_E(OPS_DESC, ...) OPS_INNER_ERR_STUB("EZ9999", OPS_DESC, __VA_ARGS__)
[2026-09-02 07:16:16]       |                                  ^~~~~~~~~~~~~~~~~~
[2026-09-02 07:16:16] /home/t00886357/fia_sink_a5_port_base/vllm-ascend/csrc/attention/fused_infer_attention_score_v2_sink/op_host/fused_infer_attention_score_v2_sink_tiling_info_parser.cpp:115:9: note: in expansion of macro ‘OPS_LOG_E’
[2026-09-02 07:16:16]   115 |         OPS_LOG_E(opName_,
[2026-09-02 07:16:16]       |         ^~~~~~~~~
[2026-09-02 07:16:16] /home/t00886357/fia_sink_a5_port_base/vllm-ascend/csrc/attention/fused_infer_attention_score_v2_sink/op_host/fused_infer_attention_score_v2_sink_tiling_info_parser.cpp:116:86: note: format string is defined here
[2026-09-02 07:16:16]   116 |                   "query shape size is %llu byte, but attention Out shape size is %llu byte, they cannot be empty "
[2026-09-02 07:16:16]       |                                                                                   ~~~^
[2026-09-02 07:16:16]       |                                                                                      |
[2026-09-02 07:16:16]       |                                                                                      long long unsigned int
[2026-09-02 07:16:16]       |                                                                                   %lu
[2026-09-02 07:16:16] /home/t00886357/fia_sink_a5_port_base/vllm-ascend/csrc/utils/inc/log/inner/dfx_base.h:120:17: warning: format ‘%u’ expects argument of type ‘unsigned int’, but argument 12 has type ‘int’ [-Wformat=]
[2026-09-02 07:16:16]   120 |                 "[%s:%d][%s]%s[%s][%lu] OpName:[%s] " #FMT,                                                     \
[2026-09-02 07:16:16] /home/t00886357/fia_sink_a5_port_base/vllm-ascend/csrc/utils/inc/log/inner/dfx_base.h:138:9: note: in expansion of macro ‘OPS_LOG_STUB’
[2026-09-02 07:16:16]   138 |         OPS_LOG_STUB(OP, DLOG_ERROR, OPS_DESC, FMT, ##__VA_ARGS__);                                                    \
[2026-09-02 07:16:16]       |         ^~~~~~~~~~~~
[2026-09-02 07:16:16] /home/t00886357/fia_sink_a5_port_base/vllm-ascend/csrc/utils/inc/log/ops_log.h:24:34: note: in expansion of macro ‘OPS_INNER_ERR_STUB’
[2026-09-02 07:16:16]    24 | #define OPS_LOG_E(OPS_DESC, ...) OPS_INNER_ERR_STUB("EZ9999", OPS_DESC, __VA_ARGS__)
[2026-09-02 07:16:16]       |                                  ^~~~~~~~~~~~~~~~~~
[2026-09-02 07:16:16] /home/t00886357/fia_sink_a5_port_base/vllm-ascend/csrc/attention/fused_infer_attention_score_v2_sink/op_host/fused_infer_attention_score_v2_sink_tiling_info_parser.cpp:130:13: note: in expansion of macro ‘OPS_LOG_E’
[2026-09-02 07:16:16]   130 |             OPS_LOG_E(opName_, "lse Flag is %u, but lse shape size is 0 byte", *opParamInfo_.softmaxLseFlag);
[2026-09-02 07:16:16]       |             ^~~~~~~~~
[2026-09-02 07:16:16] /home/t00886357/fia_sink_a5_port_base/vllm-ascend/csrc/attention/fused_infer_attention_score_v2_sink/op_host/fused_infer_attention_score_v2_sink_tiling_info_parser.cpp:130:32: warning: format ‘%u’ expects argument of type ‘unsigned int’, but argument 6 has type ‘int’ [-Wformat=]
[2026-09-02 07:16:16]   130 |             OPS_LOG_E(opName_, "lse Flag is %u, but lse shape size is 0 byte", *opParamInfo_.softmaxLseFlag);
[2026-09-02 07:16:16]       |                                                                                ~~~~~~~~~~~~~~~~~~~~~~~~~~~~
[2026-09-02 07:16:16]       |                                                                                |
[2026-09-02 07:16:16]       |                                                                                int
[2026-09-02 07:16:16] /home/t00886357/fia_sink_a5_port_base/vllm-ascend/csrc/utils/inc/log/ops_log.h:24:34: note: in expansion of macro ‘OPS_INNER_ERR_STUB’
[2026-09-02 07:16:16]    24 | #define OPS_LOG_E(OPS_DESC, ...) OPS_INNER_ERR_STUB("EZ9999", OPS_DESC, __VA_ARGS__)
[2026-09-02 07:16:16]       |                                  ^~~~~~~~~~~~~~~~~~
[2026-09-02 07:16:16] /home/t00886357/fia_sink_a5_port_base/vllm-ascend/csrc/attention/fused_infer_attention_score_v2_sink/op_host/fused_infer_attention_score_v2_sink_tiling_info_parser.cpp:130:13: note: in expansion of macro ‘OPS_LOG_E’
[2026-09-02 07:16:16]   130 |             OPS_LOG_E(opName_, "lse Flag is %u, but lse shape size is 0 byte", *opParamInfo_.softmaxLseFlag);
[2026-09-02 07:16:16]       |             ^~~~~~~~~
[2026-09-02 07:16:16] /home/t00886357/fia_sink_a5_port_base/vllm-ascend/csrc/attention/fused_infer_attention_score_v2_sink/op_host/fused_infer_attention_score_v2_sink_tiling_info_parser.cpp: In member function ‘ge::graphStatus optiling::FiaInfoParser::GetMaxActualSeq(const gert::Tensor*, optiling::FiaLayout, int64_t&)’:
[2026-09-02 07:16:16] /home/t00886357/fia_sink_a5_port_base/vllm-ascend/csrc/attention/fused_infer_attention_score_v2_sink/op_host/fused_infer_attention_score_v2_sink_tiling_info_parser.cpp:564:25: warning: unused parameter ‘actualSeqLensTensor’ [-Wunused-parameter]
[2026-09-02 07:16:16]   564 |     const gert::Tensor *actualSeqLensTensor, FiaLayout layout, int64_t &maxActualSeqLen)
[2026-09-02 07:16:16]       |     ~~~~~~~~~~~~~~~~~~~~^~~~~~~~~~~~~~~~~~~
[2026-09-02 07:16:16] /home/t00886357/fia_sink_a5_port_base/vllm-ascend/csrc/attention/fused_infer_attention_score_v2_sink/op_host/fused_infer_attention_score_v2_sink_tiling_info_parser.cpp:564:56: warning: unused parameter ‘layout’ [-Wunused-parameter]
[2026-09-02 07:16:16]   564 |     const gert::Tensor *actualSeqLensTensor, FiaLayout layout, int64_t &maxActualSeqLen)
[2026-09-02 07:16:16]       |                                              ~~~~~~~~~~^~~~~~
[2026-09-02 07:16:16] /home/t00886357/fia_sink_a5_port_base/vllm-ascend/csrc/attention/fused_infer_attention_score_v2_sink/op_host/fused_infer_attention_score_v2_sink_tiling_info_parser.cpp: In member function ‘ge::graphStatus optiling::FiaInfoParser::GetKVAndKRopeStride()’:
[2026-09-02 07:16:16] /home/t00886357/fia_sink_a5_port_base/vllm-ascend/csrc/utils/inc/log/inner/dfx_base.h:120:17: warning: format ‘%u’ expects argument of type ‘unsigned int’, but argument 12 has type ‘size_t’ {aka ‘long unsigned int’} [-Wformat=]
[2026-09-02 07:16:16]   120 |                 "[%s:%d][%s]%s[%s][%lu] OpName:[%s] " #FMT,                                                     \
[2026-09-02 07:16:16] /home/t00886357/fia_sink_a5_port_base/vllm-ascend/csrc/utils/inc/log/ops_log.h:51:9: note: in definition of macro ‘OPS_CHECK’
[2026-09-02 07:16:16]    51 |         LOG_FUNC;                                                                                                      \
[2026-09-02 07:16:16]       |         ^~~~~~~~
[2026-09-02 07:16:16] /home/t00886357/fia_sink_a5_port_base/vllm-ascend/csrc/utils/inc/log/inner/dfx_base.h:138:9: note: in expansion of macro ‘OPS_LOG_STUB’
[2026-09-02 07:16:16]   138 |         OPS_LOG_STUB(OP, DLOG_ERROR, OPS_DESC, FMT, ##__VA_ARGS__);                                                    \
[2026-09-02 07:16:16]       |         ^~~~~~~~~~~~
[2026-09-02 07:16:16] /home/t00886357/fia_sink_a5_port_base/vllm-ascend/csrc/utils/inc/log/ops_log.h:24:34: note: in expansion of macro ‘OPS_INNER_ERR_STUB’
[2026-09-02 07:16:16]    24 | #define OPS_LOG_E(OPS_DESC, ...) OPS_INNER_ERR_STUB("EZ9999", OPS_DESC, __VA_ARGS__)
[2026-09-02 07:16:16]       |                                  ^~~~~~~~~~~~~~~~~~
[2026-09-02 07:16:16] /home/t00886357/fia_sink_a5_port_base/vllm-ascend/csrc/attention/fused_infer_attention_score_v2_sink/op_host/fused_infer_attention_score_v2_sink_tiling_info_parser.cpp:754:15: note: in expansion of macro ‘OPS_LOG_E’
[2026-09-02 07:16:16]   754 |               OPS_LOG_E(opName_, "keyStride dimension %u exceeds max %u", strideKeyPtr->GetDimNum(), MAX_STRIDE_NUM),
[2026-09-02 07:16:16]       |               ^~~~~~~~~
[2026-09-02 07:16:16] /home/t00886357/fia_sink_a5_port_base/vllm-ascend/csrc/attention/fused_infer_attention_score_v2_sink/op_host/fused_infer_attention_score_v2_sink_tiling_info_parser.cpp:754:34: warning: format ‘%u’ expects argument of type ‘unsigned int’, but argument 6 has type ‘size_t’ {aka ‘long unsigned int’} [-Wformat=]
[2026-09-02 07:16:16]   754 |               OPS_LOG_E(opName_, "keyStride dimension %u exceeds max %u", strideKeyPtr->GetDimNum(), MAX_STRIDE_NUM),
[2026-09-02 07:16:16]       |                                                                           ~~~~~~~~~~~~~~~~~~~~~~~~~
[2026-09-02 07:16:16]       |                                                                                                  |
[2026-09-02 07:16:16]       |                                                                                                  size_t {aka long unsigned int}
[2026-09-02 07:16:16] /home/t00886357/fia_sink_a5_port_base/vllm-ascend/csrc/utils/inc/log/ops_log.h:51:9: note: in definition of macro ‘OPS_CHECK’
[2026-09-02 07:16:16]    51 |         LOG_FUNC;                                                                                                      \
[2026-09-02 07:16:16]       |         ^~~~~~~~
[2026-09-02 07:16:16] /home/t00886357/fia_sink_a5_port_base/vllm-ascend/csrc/utils/inc/log/ops_log.h:24:34: note: in expansion of macro ‘OPS_INNER_ERR_STUB’
[2026-09-02 07:16:16]    24 | #define OPS_LOG_E(OPS_DESC, ...) OPS_INNER_ERR_STUB("EZ9999", OPS_DESC, __VA_ARGS__)
[2026-09-02 07:16:16]       |                                  ^~~~~~~~~~~~~~~~~~
[2026-09-02 07:16:16] /home/t00886357/fia_sink_a5_port_base/vllm-ascend/csrc/attention/fused_infer_attention_score_v2_sink/op_host/fused_infer_attention_score_v2_sink_tiling_info_parser.cpp:754:15: note: in expansion of macro ‘OPS_LOG_E’
[2026-09-02 07:16:16]   754 |               OPS_LOG_E(opName_, "keyStride dimension %u exceeds max %u", strideKeyPtr->GetDimNum(), MAX_STRIDE_NUM),
[2026-09-02 07:16:16]       |               ^~~~~~~~~
[2026-09-02 07:16:16] /home/t00886357/fia_sink_a5_port_base/vllm-ascend/csrc/utils/inc/log/inner/dfx_base.h:120:17: warning: format ‘%u’ expects argument of type ‘unsigned int’, but argument 12 has type ‘size_t’ {aka ‘long unsigned int’} [-Wformat=]
[2026-09-02 07:16:16]   120 |                 "[%s:%d][%s]%s[%s][%lu] OpName:[%s] " #FMT,                                                     \
[2026-09-02 07:16:16] /home/t00886357/fia_sink_a5_port_base/vllm-ascend/csrc/utils/inc/log/ops_log.h:51:9: note: in definition of macro ‘OPS_CHECK’
[2026-09-02 07:16:16]    51 |         LOG_FUNC;                                                                                                      \
[2026-09-02 07:16:16]       |         ^~~~~~~~
[2026-09-02 07:16:16] /home/t00886357/fia_sink_a5_port_base/vllm-ascend/csrc/utils/inc/log/inner/dfx_base.h:138:9: note: in expansion of macro ‘OPS_LOG_STUB’
[2026-09-02 07:16:16]   138 |         OPS_LOG_STUB(OP, DLOG_ERROR, OPS_DESC, FMT, ##__VA_ARGS__);                                                    \
[2026-09-02 07:16:16]       |         ^~~~~~~~~~~~
[2026-09-02 07:16:16] /home/t00886357/fia_sink_a5_port_base/vllm-ascend/csrc/utils/inc/log/ops_log.h:24:34: note: in expansion of macro ‘OPS_INNER_ERR_STUB’
[2026-09-02 07:16:16]    24 | #define OPS_LOG_E(OPS_DESC, ...) OPS_INNER_ERR_STUB("EZ9999", OPS_DESC, __VA_ARGS__)
[2026-09-02 07:16:16]       |                                  ^~~~~~~~~~~~~~~~~~
[2026-09-02 07:16:16] /home/t00886357/fia_sink_a5_port_base/vllm-ascend/csrc/attention/fused_infer_attention_score_v2_sink/op_host/fused_infer_attention_score_v2_sink_tiling_info_parser.cpp:758:9: note: in expansion of macro ‘OPS_LOG_E’
[2026-09-02 07:16:16]   758 |         OPS_LOG_E(opName_, "valueStride dimension %u exceeds max %u", strideValuePtr->GetDimNum(), MAX_STRIDE_NUM),
[2026-09-02 07:16:16]       |         ^~~~~~~~~
[2026-09-02 07:16:16] /home/t00886357/fia_sink_a5_port_base/vllm-ascend/csrc/attention/fused_infer_attention_score_v2_sink/op_host/fused_infer_attention_score_v2_sink_tiling_info_parser.cpp:758:28: warning: format ‘%u’ expects argument of type ‘unsigned int’, but argument 6 has type ‘size_t’ {aka ‘long unsigned int’} [-Wformat=]
[2026-09-02 07:16:16]   758 |         OPS_LOG_E(opName_, "valueStride dimension %u exceeds max %u", strideValuePtr->GetDimNum(), MAX_STRIDE_NUM),
[2026-09-02 07:16:16]       |                                                                       ~~~~~~~~~~~~~~~~~~~~~~~~~~~
[2026-09-02 07:16:16]       |                                                                                                |
[2026-09-02 07:16:16]       |                                                                                                size_t {aka long unsigned int}
[2026-09-02 07:16:16] /home/t00886357/fia_sink_a5_port_base/vllm-ascend/csrc/utils/inc/log/ops_log.h:51:9: note: in definition of macro ‘OPS_CHECK’
[2026-09-02 07:16:16]    51 |         LOG_FUNC;                                                                                                      \
[2026-09-02 07:16:16]       |         ^~~~~~~~
[2026-09-02 07:16:16] /home/t00886357/fia_sink_a5_port_base/vllm-ascend/csrc/utils/inc/log/ops_log.h:24:34: note: in expansion of macro ‘OPS_INNER_ERR_STUB’
[2026-09-02 07:16:16]    24 | #define OPS_LOG_E(OPS_DESC, ...) OPS_INNER_ERR_STUB("EZ9999", OPS_DESC, __VA_ARGS__)
[2026-09-02 07:16:16]       |                                  ^~~~~~~~~~~~~~~~~~
[2026-09-02 07:16:16] /home/t00886357/fia_sink_a5_port_base/vllm-ascend/csrc/attention/fused_infer_attention_score_v2_sink/op_host/fused_infer_attention_score_v2_sink_tiling_info_parser.cpp:758:9: note: in expansion of macro ‘OPS_LOG_E’
[2026-09-02 07:16:16]   758 |         OPS_LOG_E(opName_, "valueStride dimension %u exceeds max %u", strideValuePtr->GetDimNum(), MAX_STRIDE_NUM),
[2026-09-02 07:16:16]       |         ^~~~~~~~~
[2026-09-02 07:16:16] /home/t00886357/fia_sink_a5_port_base/vllm-ascend/csrc/utils/inc/log/inner/dfx_base.h:120:17: warning: format ‘%u’ expects argument of type ‘unsigned int’, but argument 12 has type ‘size_t’ {aka ‘long unsigned int’} [-Wformat=]
[2026-09-02 07:16:16]   120 |                 "[%s:%d][%s]%s[%s][%lu] OpName:[%s] " #FMT,                                                     \
[2026-09-02 07:16:16] /home/t00886357/fia_sink_a5_port_base/vllm-ascend/csrc/utils/inc/log/ops_log.h:51:9: note: in definition of macro ‘OPS_CHECK’
[2026-09-02 07:16:16]    51 |         LOG_FUNC;                                                                                                      \
[2026-09-02 07:16:16]       |         ^~~~~~~~
[2026-09-02 07:16:16] /home/t00886357/fia_sink_a5_port_base/vllm-ascend/csrc/utils/inc/log/inner/dfx_base.h:138:9: note: in expansion of macro ‘OPS_LOG_STUB’
[2026-09-02 07:16:16]   138 |         OPS_LOG_STUB(OP, DLOG_ERROR, OPS_DESC, FMT, ##__VA_ARGS__);                                                    \
[2026-09-02 07:16:16]       |         ^~~~~~~~~~~~
[2026-09-02 07:16:16] /home/t00886357/fia_sink_a5_port_base/vllm-ascend/csrc/utils/inc/log/ops_log.h:24:34: note: in expansion of macro ‘OPS_INNER_ERR_STUB’
[2026-09-02 07:16:16]    24 | #define OPS_LOG_E(OPS_DESC, ...) OPS_INNER_ERR_STUB("EZ9999", OPS_DESC, __VA_ARGS__)
[2026-09-02 07:16:16]       |                                  ^~~~~~~~~~~~~~~~~~
[2026-09-02 07:16:16] /home/t00886357/fia_sink_a5_port_base/vllm-ascend/csrc/attention/fused_infer_attention_score_v2_sink/op_host/fused_infer_attention_score_v2_sink_tiling_info_parser.cpp:763:9: note: in expansion of macro ‘OPS_LOG_E’
[2026-09-02 07:16:16]   763 |         OPS_LOG_E(opName_, "keyRopeStride dimension %u exceeds max %u", strideKeyRopePtr->GetDimNum(), MAX_STRIDE_NUM),
[2026-09-02 07:16:16]       |         ^~~~~~~~~
[2026-09-02 07:16:16] /home/t00886357/fia_sink_a5_port_base/vllm-ascend/csrc/attention/fused_infer_attention_score_v2_sink/op_host/fused_infer_attention_score_v2_sink_tiling_info_parser.cpp:763:28: warning: format ‘%u’ expects argument of type ‘unsigned int’, but argument 6 has type ‘size_t’ {aka ‘long unsigned int’} [-Wformat=]
[2026-09-02 07:16:16]   763 |         OPS_LOG_E(opName_, "keyRopeStride dimension %u exceeds max %u", strideKeyRopePtr->GetDimNum(), MAX_STRIDE_NUM),
[2026-09-02 07:16:16]       |                                                                         ~~~~~~~~~~~~~~~~~~~~~~~~~~~~~
[2026-09-02 07:16:16]       |                                                                                                    |
[2026-09-02 07:16:16]       |                                                                                                    size_t {aka long unsigned int}
[2026-09-02 07:16:16] /home/t00886357/fia_sink_a5_port_base/vllm-ascend/csrc/utils/inc/log/ops_log.h:51:9: note: in definition of macro ‘OPS_CHECK’
[2026-09-02 07:16:16]    51 |         LOG_FUNC;                                                                                                      \
[2026-09-02 07:16:16]       |         ^~~~~~~~
[2026-09-02 07:16:16] /home/t00886357/fia_sink_a5_port_base/vllm-ascend/csrc/utils/inc/log/ops_log.h:24:34: note: in expansion of macro ‘OPS_INNER_ERR_STUB’
[2026-09-02 07:16:16]    24 | #define OPS_LOG_E(OPS_DESC, ...) OPS_INNER_ERR_STUB("EZ9999", OPS_DESC, __VA_ARGS__)
[2026-09-02 07:16:16]       |                                  ^~~~~~~~~~~~~~~~~~
[2026-09-02 07:16:16] /home/t00886357/fia_sink_a5_port_base/vllm-ascend/csrc/attention/fused_infer_attention_score_v2_sink/op_host/fused_infer_attention_score_v2_sink_tiling_info_parser.cpp:763:9: note: in expansion of macro ‘OPS_LOG_E’
[2026-09-02 07:16:16]   763 |         OPS_LOG_E(opName_, "keyRopeStride dimension %u exceeds max %u", strideKeyRopePtr->GetDimNum(), MAX_STRIDE_NUM),
[2026-09-02 07:16:16]       |         ^~~~~~~~~
[2026-09-02 07:16:16] [38/66] Building CXX object moe/causal_conv1d/op_host/CMakeFiles/ophost_transformer_tiling_obj.dir/__/__/__/attention/sparse_attention_score/op_host/sparse_attention_score_tiling.cpp.o
[2026-09-02 07:16:16] In file included from /home/t00886357/fia_sink_a5_port_base/vllm-ascend/csrc/utils/inc/log/ops_log.h:18,
[2026-09-02 07:16:16]                  from /home/t00886357/fia_sink_a5_port_base/vllm-ascend/csrc/utils/inc/tiling/tiling_base.h:22,
[2026-09-02 07:16:16]                  from /home/t00886357/fia_sink_a5_port_base/vllm-ascend/csrc/attention/sparse_attention_score/op_host/sparse_attention_score_tiling.cpp:23:
[2026-09-02 07:16:16] /home/t00886357/fia_sink_a5_port_base/vllm-ascend/csrc/utils/inc/log/inner/dfx_base.h:136: warning: "OPS_INNER_ERR_STUB" redefined
[2026-09-02 07:16:16]   136 | #define OPS_INNER_ERR_STUB(ERR_CODE_STR, OPS_DESC, FMT, ...)                                                           \
[2026-09-02 07:16:16]       | 
[2026-09-02 07:16:16] In file included from /home/t00886357/fia_sink_a5_port_base/vllm-ascend/csrc/attention/sparse_attention_score/op_host/sparse_attention_score_tiling.cpp:19:
[2026-09-02 07:16:16] /home/t00886357/fia_sink_a5_port_base/vllm-ascend/csrc/common/include/err/ops_err.h:21: note: this is the location of the previous definition
[2026-09-02 07:16:16]    21 | #define OPS_INNER_ERR_STUB(ERR_CODE_STR, OPS_DESC, FMT, ...)                                                           \
[2026-09-02 07:16:16]       | 
[2026-09-02 07:16:16] In file included from /home/t00886357/fia_sink_a5_port_base/vllm-ascend/csrc/attention/sparse_attention_score/op_host/sparse_attention_score_tiling.cpp:18:
[2026-09-02 07:16:16] /usr/local/Ascend/cann-9.1.0/x86_64-linux/include/op_common/log/log.h:45:9: warning: redundant redeclaration of ‘int32_t CheckLogLevel(int32_t, int32_t)’ in same scope [-Wredundant-decls]
[2026-09-02 07:16:16]    45 | int32_t CheckLogLevel(int32_t moduleId, int32_t logLevel);
[2026-09-02 07:16:16]       |         ^~~~~~~~~~~~~
[2026-09-02 07:16:16] In file included from <command-line>:
[2026-09-02 07:16:16] /home/t00886357/fia_sink_a5_port_base/vllm-ascend/csrc/common/include/cann_compat.h:24:9: note: previous declaration of ‘int32_t CheckLogLevel(int32_t, int32_t)’
[2026-09-02 07:16:16]    24 | int32_t CheckLogLevel(int32_t moduleId, int32_t logLevel);
[2026-09-02 07:16:16]       |         ^~~~~~~~~~~~~
[2026-09-02 07:16:16] /usr/local/Ascend/cann-9.1.0/x86_64-linux/include/op_common/log/log.h:46:6: warning: redundant redeclaration of ‘void DlogRecord(int32_t, int32_t, const char*, ...)’ in same scope [-Wredundant-decls]
[2026-09-02 07:16:16]    46 | void DlogRecord(int32_t moduleId, int32_t level, const char* fmt, ...);
[2026-09-02 07:16:16]       |      ^~~~~~~~~~
[2026-09-02 07:16:16] /home/t00886357/fia_sink_a5_port_base/vllm-ascend/csrc/common/include/cann_compat.h:25:6: note: previous declaration of ‘void DlogRecord(int32_t, int32_t, const char*, ...)’
[2026-09-02 07:16:16]    25 | void DlogRecord(int32_t moduleId, int32_t level, const char *fmt, ...);
[2026-09-02 07:16:16]       |      ^~~~~~~~~~
[2026-09-02 07:16:16] [39/66] Building CXX object moe/causal_conv1d/op_host/CMakeFiles/ophost_transformer_tiling_obj.dir/__/__/__/attention/fused_infer_attention_score_v2_sink/op_host/fused_infer_attention_score_v2_sink_tiling_check_single_para.cpp.o
[2026-09-02 07:16:16] In file included from /home/t00886357/fia_sink_a5_port_base/vllm-ascend/csrc/utils/inc/log/ops_log.h:18,
[2026-09-02 07:16:16]                  from /home/t00886357/fia_sink_a5_port_base/vllm-ascend/csrc/utils/inc/error/ops_error.h:18,
[2026-09-02 07:16:16]                  from /home/t00886357/fia_sink_a5_port_base/vllm-ascend/csrc/attention/fused_infer_attention_score_v2_sink_common/attention_common/op_host/fia_tiling_base.h:24,
[2026-09-02 07:16:16]                  from /home/t00886357/fia_sink_a5_port_base/vllm-ascend/csrc/attention/fused_infer_attention_score_v2_sink_common/attention_common/op_host/fia_tiling_info.h:20,
[2026-09-02 07:16:16]                  from /home/t00886357/fia_sink_a5_port_base/vllm-ascend/csrc/attention/fused_infer_attention_score_v2_sink/op_host/fused_infer_attention_score_v2_sink_tiling_check.h:18,
[2026-09-02 07:16:16]                  from /home/t00886357/fia_sink_a5_port_base/vllm-ascend/csrc/attention/fused_infer_attention_score_v2_sink/op_host/fused_infer_attention_score_v2_sink_tiling_check_single_para.cpp:24:
[2026-09-02 07:16:16] /home/t00886357/fia_sink_a5_port_base/vllm-ascend/csrc/attention/fused_infer_attention_score_v2_sink/op_host/fused_infer_attention_score_v2_sink_tiling_check_single_para.cpp: In member function ‘ge::graphStatus optiling::FiaTilingCheck::CheckSingleParaSparseMode() const’:
[2026-09-02 07:16:16] /home/t00886357/fia_sink_a5_port_base/vllm-ascend/csrc/utils/inc/log/inner/dfx_base.h:120:17: warning: format ‘%u’ expects argument of type ‘unsigned int’, but argument 12 has type ‘int’ [-Wformat=]
[2026-09-02 07:16:16]   120 |                 "[%s:%d][%s]%s[%s][%lu] OpName:[%s] " #FMT,                                                     \
[2026-09-02 07:16:16] /home/t00886357/fia_sink_a5_port_base/vllm-ascend/csrc/utils/inc/log/inner/dfx_base.h:138:9: note: in expansion of macro ‘OPS_LOG_STUB’
[2026-09-02 07:16:16]   138 |         OPS_LOG_STUB(OP, DLOG_ERROR, OPS_DESC, FMT, ##__VA_ARGS__);                                                    \
[2026-09-02 07:16:16]       |         ^~~~~~~~~~~~
[2026-09-02 07:16:16] /home/t00886357/fia_sink_a5_port_base/vllm-ascend/csrc/utils/inc/log/ops_log.h:24:34: note: in expansion of macro ‘OPS_INNER_ERR_STUB’
[2026-09-02 07:16:16]    24 | #define OPS_LOG_E(OPS_DESC, ...) OPS_INNER_ERR_STUB("EZ9999", OPS_DESC, __VA_ARGS__)
[2026-09-02 07:16:16]       |                                  ^~~~~~~~~~~~~~~~~~
[2026-09-02 07:16:16] /home/t00886357/fia_sink_a5_port_base/vllm-ascend/csrc/attention/fused_infer_attention_score_v2_sink/op_host/fused_infer_attention_score_v2_sink_tiling_check_single_para.cpp:601:9: note: in expansion of macro ‘OPS_LOG_E’
[2026-09-02 07:16:16]   601 |         OPS_LOG_E(opName_, "sparseMode only supports 0/1/2/3/4, but got %u", *opParamInfo_.sparseMode);
[2026-09-02 07:16:16]       |         ^~~~~~~~~
[2026-09-02 07:16:16] In file included from /home/t00886357/fia_sink_a5_port_base/vllm-ascend/csrc/utils/inc/log/inner/dfx_base.h:25:
[2026-09-02 07:16:16] /home/t00886357/fia_sink_a5_port_base/vllm-ascend/csrc/attention/fused_infer_attention_score_v2_sink/op_host/fused_infer_attention_score_v2_sink_tiling_check_single_para.cpp:601:28: warning: format ‘%u’ expects argument of type ‘unsigned int’, but argument 6 has type ‘int’ [-Wformat=]
[2026-09-02 07:16:16]   601 |         OPS_LOG_E(opName_, "sparseMode only supports 0/1/2/3/4, but got %u", *opParamInfo_.sparseMode);
[2026-09-02 07:16:16]       |                                                                              ~~~~~~~~~~~~~~~~~~~~~~~~
[2026-09-02 07:16:16]       |                                                                              |
[2026-09-02 07:16:16]       |                                                                              int
[2026-09-02 07:16:16] /home/t00886357/fia_sink_a5_port_base/vllm-ascend/csrc/utils/inc/log/ops_log.h:24:34: note: in expansion of macro ‘OPS_INNER_ERR_STUB’
[2026-09-02 07:16:16]    24 | #define OPS_LOG_E(OPS_DESC, ...) OPS_INNER_ERR_STUB("EZ9999", OPS_DESC, __VA_ARGS__)
[2026-09-02 07:16:16]       |                                  ^~~~~~~~~~~~~~~~~~
[2026-09-02 07:16:16] /home/t00886357/fia_sink_a5_port_base/vllm-ascend/csrc/attention/fused_infer_attention_score_v2_sink/op_host/fused_infer_attention_score_v2_sink_tiling_check_single_para.cpp:601:9: note: in expansion of macro ‘OPS_LOG_E’
[2026-09-02 07:16:16]   601 |         OPS_LOG_E(opName_, "sparseMode only supports 0/1/2/3/4, but got %u", *opParamInfo_.sparseMode);
[2026-09-02 07:16:16]       |         ^~~~~~~~~
[2026-09-02 07:16:16] [40/66] Building CXX object moe/causal_conv1d/op_host/CMakeFiles/ophost_transformer_tiling_obj.dir/__/__/__/attention/vllm_quant_lightning_indexer/op_host/vllm_quant_lightning_indexer_tiling.cpp.o
[2026-09-02 07:16:16] In file included from /home/t00886357/fia_sink_a5_port_base/vllm-ascend/csrc/attention/vllm_quant_lightning_indexer/op_host/vllm_quant_lightning_indexer_tiling.cpp:18:
[2026-09-02 07:16:16] /home/t00886357/fia_sink_a5_port_base/vllm-ascend/csrc/attention/vllm_quant_lightning_indexer/op_host/../op_kernel/vllm_quant_lightning_indexer_template_tiling_key.h:31:6: warning: "__CCE_AICORE__" is not defined, evaluates to 0 [-Wundef]
[2026-09-02 07:16:16]    31 | #if (__CCE_AICORE__ == 310)
[2026-09-02 07:16:16]       |      ^~~~~~~~~~~~~~
[2026-09-02 07:16:16] In file included from /home/t00886357/fia_sink_a5_port_base/vllm-ascend/csrc/common/include/err/ops_err.h:19,
[2026-09-02 07:16:16]                  from /home/t00886357/fia_sink_a5_port_base/vllm-ascend/csrc/attention/vllm_quant_lightning_indexer/op_host/vllm_quant_lightning_indexer_tiling.h:19,
[2026-09-02 07:16:16]                  from /home/t00886357/fia_sink_a5_port_base/vllm-ascend/csrc/attention/vllm_quant_lightning_indexer/op_host/vllm_quant_lightning_indexer_tiling.cpp:16:
[2026-09-02 07:16:16] /usr/local/Ascend/cann-9.1.0/x86_64-linux/include/op_common/log/log.h:45:9: warning: redundant redeclaration of ‘int32_t CheckLogLevel(int32_t, int32_t)’ in same scope [-Wredundant-decls]
[2026-09-02 07:16:16]    45 | int32_t CheckLogLevel(int32_t moduleId, int32_t logLevel);
[2026-09-02 07:16:16]       |         ^~~~~~~~~~~~~
[2026-09-02 07:16:16] In file included from <command-line>:
[2026-09-02 07:16:16] /home/t00886357/fia_sink_a5_port_base/vllm-ascend/csrc/common/include/cann_compat.h:24:9: note: previous declaration of ‘int32_t CheckLogLevel(int32_t, int32_t)’
[2026-09-02 07:16:16]    24 | int32_t CheckLogLevel(int32_t moduleId, int32_t logLevel);
[2026-09-02 07:16:16]       |         ^~~~~~~~~~~~~
[2026-09-02 07:16:16] /usr/local/Ascend/cann-9.1.0/x86_64-linux/include/op_common/log/log.h:46:6: warning: redundant redeclaration of ‘void DlogRecord(int32_t, int32_t, const char*, ...)’ in same scope [-Wredundant-decls]
[2026-09-02 07:16:16]    46 | void DlogRecord(int32_t moduleId, int32_t level, const char* fmt, ...);
[2026-09-02 07:16:16]       |      ^~~~~~~~~~
[2026-09-02 07:16:16] /home/t00886357/fia_sink_a5_port_base/vllm-ascend/csrc/common/include/cann_compat.h:25:6: note: previous declaration of ‘void DlogRecord(int32_t, int32_t, const char*, ...)’
[2026-09-02 07:16:16]    25 | void DlogRecord(int32_t moduleId, int32_t level, const char *fmt, ...);
[2026-09-02 07:16:16]       |      ^~~~~~~~~~
[2026-09-02 07:16:16] /home/t00886357/fia_sink_a5_port_base/vllm-ascend/csrc/attention/vllm_quant_lightning_indexer/op_host/vllm_quant_lightning_indexer_tiling.cpp: In member function ‘ge::graphStatus optiling::QLIInfoParser::CheckAttrParaInfo()’:
[2026-09-02 07:16:16] /home/t00886357/fia_sink_a5_port_base/vllm-ascend/csrc/attention/vllm_quant_lightning_indexer/op_host/vllm_quant_lightning_indexer_tiling.cpp:226:34: warning: format ‘%d’ expects argument of type ‘int’, but argument 6 has type ‘unsigned int’ [-Wformat=]
[2026-09-02 07:16:16]   226 |                 OP_LOGE(opName_, "input attr sparse_count must > 0 and <= %d, but now sparse_count is %d",
[2026-09-02 07:16:16]   227 |                        SPARSE_LIMIT, *opParamInfo_.sparseCount),return ge::GRAPH_FAILED);
[2026-09-02 07:16:16]       |                        ~~~~~~~~~~~~
[2026-09-02 07:16:16]       |                        |
[2026-09-02 07:16:16]       |                        unsigned int
[2026-09-02 07:16:16] /usr/local/Ascend/cann-9.1.0/x86_64-linux/include/op_common/log/log.h:1130:13: note: in definition of macro ‘OP_CHECK_IF’
[2026-09-02 07:16:16]  1130 |             log;                                 \
[2026-09-02 07:16:16]       |             ^~~
[2026-09-02 07:16:16] /home/t00886357/fia_sink_a5_port_base/vllm-ascend/csrc/attention/vllm_quant_lightning_indexer/op_host/vllm_quant_lightning_indexer_tiling.cpp:226:17: note: in expansion of macro ‘OP_LOGE’
[2026-09-02 07:16:16]   226 |                 OP_LOGE(opName_, "input attr sparse_count must > 0 and <= %d, but now sparse_count is %d",
[2026-09-02 07:16:16]       |                 ^~~~~~~
[2026-09-02 07:16:16] /home/t00886357/fia_sink_a5_port_base/vllm-ascend/csrc/attention/vllm_quant_lightning_indexer/op_host/vllm_quant_lightning_indexer_tiling.cpp:226:34: warning: format ‘%d’ expects argument of type ‘int’, but argument 7 has type ‘long int’ [-Wformat=]
[2026-09-02 07:16:16]   226 |                 OP_LOGE(opName_, "input attr sparse_count must > 0 and <= %d, but now sparse_count is %d",
[2026-09-02 07:16:16]   227 |                        SPARSE_LIMIT, *opParamInfo_.sparseCount),return ge::GRAPH_FAILED);
[2026-09-02 07:16:16]       |                                      ~~~~~~~~~~~~~~~~~~~~~~~~~
[2026-09-02 07:16:16]       |                                      |
[2026-09-02 07:16:16]       |                                      long int
[2026-09-02 07:16:16] /usr/local/Ascend/cann-9.1.0/x86_64-linux/include/op_common/log/log.h:1130:13: note: in definition of macro ‘OP_CHECK_IF’
[2026-09-02 07:16:16]  1130 |             log;                                 \
[2026-09-02 07:16:16]       |             ^~~
[2026-09-02 07:16:16] /home/t00886357/fia_sink_a5_port_base/vllm-ascend/csrc/attention/vllm_quant_lightning_indexer/op_host/vllm_quant_lightning_indexer_tiling.cpp:226:17: note: in expansion of macro ‘OP_LOGE’
[2026-09-02 07:16:16]   226 |                 OP_LOGE(opName_, "input attr sparse_count must > 0 and <= %d, but now sparse_count is %d",
[2026-09-02 07:16:16]       |                 ^~~~~~~
[2026-09-02 07:16:16] /home/t00886357/fia_sink_a5_port_base/vllm-ascend/csrc/attention/vllm_quant_lightning_indexer/op_host/vllm_quant_lightning_indexer_tiling.cpp:234:34: warning: format ‘%d’ expects argument of type ‘int’, but argument 6 has type ‘unsigned int’ [-Wformat=]
[2026-09-02 07:16:16]   234 |                 OP_LOGE(opName_, "input attr sparse_count must > 0 and <= %d, but now sparse_count is %d",
[2026-09-02 07:16:16]   235 |                        SPARSE_LIMIT, *opParamInfo_.sparseCount),return ge::GRAPH_FAILED);
[2026-09-02 07:16:16]       |                        ~~~~~~~~~~~~
[2026-09-02 07:16:16]       |                        |
[2026-09-02 07:16:16]       |                        unsigned int
[2026-09-02 07:16:16] /usr/local/Ascend/cann-9.1.0/x86_64-linux/include/op_common/log/log.h:1130:13: note: in definition of macro ‘OP_CHECK_IF’
[2026-09-02 07:16:16]  1130 |             log;                                 \
[2026-09-02 07:16:16]       |             ^~~
[2026-09-02 07:16:16] /home/t00886357/fia_sink_a5_port_base/vllm-ascend/csrc/attention/vllm_quant_lightning_indexer/op_host/vllm_quant_lightning_indexer_tiling.cpp:234:17: note: in expansion of macro ‘OP_LOGE’
[2026-09-02 07:16:16]   234 |                 OP_LOGE(opName_, "input attr sparse_count must > 0 and <= %d, but now sparse_count is %d",
[2026-09-02 07:16:16]       |                 ^~~~~~~
[2026-09-02 07:16:16] /home/t00886357/fia_sink_a5_port_base/vllm-ascend/csrc/attention/vllm_quant_lightning_indexer/op_host/vllm_quant_lightning_indexer_tiling.cpp:234:34: warning: format ‘%d’ expects argument of type ‘int’, but argument 7 has type ‘long int’ [-Wformat=]
[2026-09-02 07:16:16]   234 |                 OP_LOGE(opName_, "input attr sparse_count must > 0 and <= %d, but now sparse_count is %d",
[2026-09-02 07:16:16]   235 |                        SPARSE_LIMIT, *opParamInfo_.sparseCount),return ge::GRAPH_FAILED);
[2026-09-02 07:16:16]       |                                      ~~~~~~~~~~~~~~~~~~~~~~~~~
[2026-09-02 07:16:16]       |                                      |
[2026-09-02 07:16:16]       |                                      long int
[2026-09-02 07:16:16] /usr/local/Ascend/cann-9.1.0/x86_64-linux/include/op_common/log/log.h:1130:13: note: in definition of macro ‘OP_CHECK_IF’
[2026-09-02 07:16:16]  1130 |             log;                                 \
[2026-09-02 07:16:16]       |             ^~~
[2026-09-02 07:16:16] /home/t00886357/fia_sink_a5_port_base/vllm-ascend/csrc/attention/vllm_quant_lightning_indexer/op_host/vllm_quant_lightning_indexer_tiling.cpp:234:17: note: in expansion of macro ‘OP_LOGE’
[2026-09-02 07:16:16]   234 |                 OP_LOGE(opName_, "input attr sparse_count must > 0 and <= %d, but now sparse_count is %d",
[2026-09-02 07:16:16]       |                 ^~~~~~~
[2026-09-02 07:16:16] /home/t00886357/fia_sink_a5_port_base/vllm-ascend/csrc/attention/vllm_quant_lightning_indexer/op_host/vllm_quant_lightning_indexer_tiling.cpp:250:34: warning: format ‘%d’ expects argument of type ‘int’, but argument 6 has type ‘long int’ [-Wformat=]
[2026-09-02 07:16:16]   250 |                 OP_LOGE(opName_, "input attr sparse_mode only supported 0 or 3, but now sparseMode is %d.",
[2026-09-02 07:16:16]   251 |                        *opParamInfo_.sparseMode), return ge::GRAPH_FAILED);
[2026-09-02 07:16:16]       |                        ~~~~~~~~~~~~~~~~~~~~~~~~
[2026-09-02 07:16:16]       |                        |
[2026-09-02 07:16:16]       |                        long int
[2026-09-02 07:16:16] /usr/local/Ascend/cann-9.1.0/x86_64-linux/include/op_common/log/log.h:1130:13: note: in definition of macro ‘OP_CHECK_IF’
[2026-09-02 07:16:16]  1130 |             log;                                 \
[2026-09-02 07:16:16]       |             ^~~
[2026-09-02 07:16:16] /home/t00886357/fia_sink_a5_port_base/vllm-ascend/csrc/attention/vllm_quant_lightning_indexer/op_host/vllm_quant_lightning_indexer_tiling.cpp:250:17: note: in expansion of macro ‘OP_LOGE’
[2026-09-02 07:16:16]   250 |                 OP_LOGE(opName_, "input attr sparse_mode only supported 0 or 3, but now sparseMode is %d.",
[2026-09-02 07:16:16]       |                 ^~~~~~~
[2026-09-02 07:16:16] /home/t00886357/fia_sink_a5_port_base/vllm-ascend/csrc/attention/vllm_quant_lightning_indexer/op_host/vllm_quant_lightning_indexer_tiling.cpp: In member function ‘ge::graphStatus optiling::QLIInfoParser::CheckShapeDim()’:
[2026-09-02 07:16:16] /home/t00886357/fia_sink_a5_port_base/vllm-ascend/csrc/attention/vllm_quant_lightning_indexer/op_host/vllm_quant_lightning_indexer_tiling.cpp:405:34: warning: format ‘%u’ expects argument of type ‘unsigned int’, but argument 6 has type ‘size_t’ {aka ‘long unsigned int’} [-Wformat=]
[2026-09-02 07:16:16]   405 |                 OP_LOGE(opName_, "the dim num of block_table's shape should be 2, but now is %u",
[2026-09-02 07:16:16]   406 |                 opParamInfo_.blockTable.tensor->GetStorageShape().GetDimNum()), return ge::GRAPH_FAILED);
[2026-09-02 07:16:16]       |                 ~~~~~~~~~~~~~~~~~~~~~~~~~~~~~~~~~~~~~~~~~~~~~~~~~~~~~~~~~~~~~
[2026-09-02 07:16:16]       |                                                                            |
[2026-09-02 07:16:16]       |                                                                            size_t {aka long unsigned int}
[2026-09-02 07:16:16] /usr/local/Ascend/cann-9.1.0/x86_64-linux/include/op_common/log/log.h:1130:13: note: in definition of macro ‘OP_CHECK_IF’
[2026-09-02 07:16:16]  1130 |             log;                                 \
[2026-09-02 07:16:16]       |             ^~~
[2026-09-02 07:16:16] /home/t00886357/fia_sink_a5_port_base/vllm-ascend/csrc/attention/vllm_quant_lightning_indexer/op_host/vllm_quant_lightning_indexer_tiling.cpp:405:17: note: in expansion of macro ‘OP_LOGE’
[2026-09-02 07:16:16]   405 |                 OP_LOGE(opName_, "the dim num of block_table's shape should be 2, but now is %u",
[2026-09-02 07:16:16]       |                 ^~~~~~~
[2026-09-02 07:16:16] /home/t00886357/fia_sink_a5_port_base/vllm-ascend/csrc/attention/vllm_quant_lightning_indexer/op_host/vllm_quant_lightning_indexer_tiling.cpp:410:26: warning: format ‘%u’ expects argument of type ‘unsigned int’, but argument 6 has type ‘size_t’ {aka ‘long unsigned int’} [-Wformat=]
[2026-09-02 07:16:16]   410 |         OP_LOGE(opName_, "the dim num of key's shape should be 4, but now is %u",
[2026-09-02 07:16:16]   411 |                 opParamInfo_.key.shape->GetStorageShape().GetDimNum()), return ge::GRAPH_FAILED);
[2026-09-02 07:16:16]       |                 ~~~~~~~~~~~~~~~~~~~~~~~~~~~~~~~~~~~~~~~~~~~~~~~~~~~~~
[2026-09-02 07:16:16]       |                                                                    |
[2026-09-02 07:16:16]       |                                                                    size_t {aka long unsigned int}
[2026-09-02 07:16:16] /usr/local/Ascend/cann-9.1.0/x86_64-linux/include/op_common/log/log.h:1130:13: note: in definition of macro ‘OP_CHECK_IF’
[2026-09-02 07:16:16]  1130 |             log;                                 \
[2026-09-02 07:16:16]       |             ^~~
[2026-09-02 07:16:16] /home/t00886357/fia_sink_a5_port_base/vllm-ascend/csrc/attention/vllm_quant_lightning_indexer/op_host/vllm_quant_lightning_indexer_tiling.cpp:410:9: note: in expansion of macro ‘OP_LOGE’
[2026-09-02 07:16:16]   410 |         OP_LOGE(opName_, "the dim num of key's shape should be 4, but now is %u",
[2026-09-02 07:16:16]       |         ^~~~~~~
[2026-09-02 07:16:16] /home/t00886357/fia_sink_a5_port_base/vllm-ascend/csrc/attention/vllm_quant_lightning_indexer/op_host/vllm_quant_lightning_indexer_tiling.cpp:414:26: warning: format ‘%u’ expects argument of type ‘unsigned int’, but argument 6 has type ‘size_t’ {aka ‘long unsigned int’} [-Wformat=]
[2026-09-02 07:16:16]   414 |         OP_LOGE(opName_, "the dim num of key's shape should be 3, but now is %u",
[2026-09-02 07:16:16]   415 |                 opParamInfo_.key.shape->GetStorageShape().GetDimNum()), return ge::GRAPH_FAILED);
[2026-09-02 07:16:16]       |                 ~~~~~~~~~~~~~~~~~~~~~~~~~~~~~~~~~~~~~~~~~~~~~~~~~~~~~
[2026-09-02 07:16:16]       |                                                                    |
[2026-09-02 07:16:16]       |                                                                    size_t {aka long unsigned int}
[2026-09-02 07:16:16] /usr/local/Ascend/cann-9.1.0/x86_64-linux/include/op_common/log/log.h:1130:13: note: in definition of macro ‘OP_CHECK_IF’
[2026-09-02 07:16:16]  1130 |             log;                                 \
[2026-09-02 07:16:16]       |             ^~~
[2026-09-02 07:16:16] /home/t00886357/fia_sink_a5_port_base/vllm-ascend/csrc/attention/vllm_quant_lightning_indexer/op_host/vllm_quant_lightning_indexer_tiling.cpp:414:9: note: in expansion of macro ‘OP_LOGE’
[2026-09-02 07:16:16]   414 |         OP_LOGE(opName_, "the dim num of key's shape should be 3, but now is %u",
[2026-09-02 07:16:16]       |         ^~~~~~~
[2026-09-02 07:16:16] /home/t00886357/fia_sink_a5_port_base/vllm-ascend/csrc/attention/vllm_quant_lightning_indexer/op_host/vllm_quant_lightning_indexer_tiling.cpp: In member function ‘ge::graphStatus optiling::QLIInfoParser::ValidateInputShapesMatch()’:
[2026-09-02 07:16:16] /home/t00886357/fia_sink_a5_port_base/vllm-ascend/csrc/attention/vllm_quant_lightning_indexer/op_host/vllm_quant_lightning_indexer_tiling.cpp:650:17: warning: format ‘%u’ expects argument of type ‘unsigned int’, but argument 7 has type ‘int64_t’ {aka ‘long int’} [-Wformat=]
[2026-09-02 07:16:16]   650 |                 "TND case input actual_seq_lengths_query, actual_seq_lengths_key, block_table dim 0 are %u, %u, %u "
[2026-09-02 07:16:16]   651 |                 "respectively, they must be same.",
[2026-09-02 07:16:16]   652 |                 bSize_, opParamInfo_.actualSeqLengthsK.tensor->GetShapeSize(),
[2026-09-02 07:16:16]       |                         ~~~~~~~~~~~~~~~~~~~~~~~~~~~~~~~~~~~~~~~~~~~~~~~~~~~~~
[2026-09-02 07:16:16]       |                                                                            |
[2026-09-02 07:16:16]       |                                                                            int64_t {aka long int}
[2026-09-02 07:16:16] /usr/local/Ascend/cann-9.1.0/x86_64-linux/include/op_common/log/log.h:1130:13: note: in definition of macro ‘OP_CHECK_IF’
[2026-09-02 07:16:16]  1130 |             log;                                 \
[2026-09-02 07:16:16]       |             ^~~
[2026-09-02 07:16:16] /home/t00886357/fia_sink_a5_port_base/vllm-ascend/csrc/attention/vllm_quant_lightning_indexer/op_host/vllm_quant_lightning_indexer_tiling.cpp:648:13: note: in expansion of macro ‘OP_LOGE’
[2026-09-02 07:16:16]   648 |             OP_LOGE(
[2026-09-02 07:16:16]       |             ^~~~~~~
[2026-09-02 07:16:16] /home/t00886357/fia_sink_a5_port_base/vllm-ascend/csrc/attention/vllm_quant_lightning_indexer/op_host/vllm_quant_lightning_indexer_tiling.cpp:650:110: note: format string is defined here
[2026-09-02 07:16:16]   650 |                 "TND case input actual_seq_lengths_query, actual_seq_lengths_key, block_table dim 0 are %u, %u, %u "
[2026-09-02 07:16:16]       |                                                                                                             ~^
[2026-09-02 07:16:16]       |                                                                                                              |
[2026-09-02 07:16:16]       |                                                                                                              unsigned int
[2026-09-02 07:16:16]       |                                                                                                             %lu
[2026-09-02 07:16:16] /home/t00886357/fia_sink_a5_port_base/vllm-ascend/csrc/attention/vllm_quant_lightning_indexer/op_host/vllm_quant_lightning_indexer_tiling.cpp:650:17: warning: format ‘%u’ expects argument of type ‘unsigned int’, but argument 8 has type ‘int64_t’ {aka ‘long int’} [-Wformat=]
[2026-09-02 07:16:16]   650 |                 "TND case input actual_seq_lengths_query, actual_seq_lengths_key, block_table dim 0 are %u, %u, %u "
[2026-09-02 07:16:16] ......
[2026-09-02 07:16:16]   653 |                 opParamInfo_.blockTable.tensor->GetStorageShape().GetDim(0)),
[2026-09-02 07:16:16]       |                 ~~~~~~~~~~~~~~~~~~~~~~~~~~~~~~~~~~~~~~~~~~~~~~~~~~~~~~~~~~~
[2026-09-02 07:16:16]       |                                                                         |
[2026-09-02 07:16:16]       |                                                                         int64_t {aka long int}
[2026-09-02 07:16:16] /usr/local/Ascend/cann-9.1.0/x86_64-linux/include/op_common/log/log.h:1130:13: note: in definition of macro ‘OP_CHECK_IF’
[2026-09-02 07:16:16]  1130 |             log;                                 \
[2026-09-02 07:16:16]       |             ^~~
[2026-09-02 07:16:16] /home/t00886357/fia_sink_a5_port_base/vllm-ascend/csrc/attention/vllm_quant_lightning_indexer/op_host/vllm_quant_lightning_indexer_tiling.cpp:648:13: note: in expansion of macro ‘OP_LOGE’
[2026-09-02 07:16:16]   648 |             OP_LOGE(
[2026-09-02 07:16:16]       |             ^~~~~~~
[2026-09-02 07:16:16] /home/t00886357/fia_sink_a5_port_base/vllm-ascend/csrc/attention/vllm_quant_lightning_indexer/op_host/vllm_quant_lightning_indexer_tiling.cpp:650:114: note: format string is defined here
[2026-09-02 07:16:16]   650 |                 "TND case input actual_seq_lengths_query, actual_seq_lengths_key, block_table dim 0 are %u, %u, %u "
[2026-09-02 07:16:16]       |                                                                                                                 ~^
[2026-09-02 07:16:16]       |                                                                                                                  |
[2026-09-02 07:16:16]       |                                                                                                                  unsigned int
[2026-09-02 07:16:16]       |                                                                                                                 %lu
[2026-09-02 07:16:16] /home/t00886357/fia_sink_a5_port_base/vllm-ascend/csrc/attention/vllm_quant_lightning_indexer/op_host/vllm_quant_lightning_indexer_tiling.cpp:659:17: warning: format ‘%u’ expects argument of type ‘unsigned int’, but argument 7 has type ‘int64_t’ {aka ‘long int’} [-Wformat=]
[2026-09-02 07:16:16]   659 |                 "TND case input actual_seq_lengths_query, actual_seq_lengths_key, are %u, %u "
[2026-09-02 07:16:16]   660 |                 "respectively, they must be same.",
[2026-09-02 07:16:16]   661 |                 bSize_, opParamInfo_.actualSeqLengthsK.tensor->GetShapeSize()),
[2026-09-02 07:16:16]       |                         ~~~~~~~~~~~~~~~~~~~~~~~~~~~~~~~~~~~~~~~~~~~~~~~~~~~~~
[2026-09-02 07:16:16]       |                                                                            |
[2026-09-02 07:16:16]       |                                                                            int64_t {aka long int}
[2026-09-02 07:16:16] /usr/local/Ascend/cann-9.1.0/x86_64-linux/include/op_common/log/log.h:1130:13: note: in definition of macro ‘OP_CHECK_IF’
[2026-09-02 07:16:16]  1130 |             log;                                 \
[2026-09-02 07:16:16]       |             ^~~
[2026-09-02 07:16:16] /home/t00886357/fia_sink_a5_port_base/vllm-ascend/csrc/attention/vllm_quant_lightning_indexer/op_host/vllm_quant_lightning_indexer_tiling.cpp:657:13: note: in expansion of macro ‘OP_LOGE’
[2026-09-02 07:16:16]   657 |             OP_LOGE(
[2026-09-02 07:16:16]       |             ^~~~~~~
[2026-09-02 07:16:16] /home/t00886357/fia_sink_a5_port_base/vllm-ascend/csrc/attention/vllm_quant_lightning_indexer/op_host/vllm_quant_lightning_indexer_tiling.cpp:659:92: note: format string is defined here
[2026-09-02 07:16:16]   659 |                 "TND case input actual_seq_lengths_query, actual_seq_lengths_key, are %u, %u "
[2026-09-02 07:16:16]       |                                                                                           ~^
[2026-09-02 07:16:16]       |                                                                                            |
[2026-09-02 07:16:16]       |                                                                                            unsigned int
[2026-09-02 07:16:16]       |                                                                                           %lu
[2026-09-02 07:16:16] /home/t00886357/fia_sink_a5_port_base/vllm-ascend/csrc/attention/vllm_quant_lightning_indexer/op_host/vllm_quant_lightning_indexer_tiling.cpp:668:30: warning: format ‘%u’ expects argument of type ‘unsigned int’, but argument 7 has type ‘int64_t’ {aka ‘long int’} [-Wformat=]
[2026-09-02 07:16:16]   668 |                              "TND case input query, weights, sparse_indices dim 0 are %u, %u, %u "
[2026-09-02 07:16:16]   669 |                              "respectively, they must be same.",
[2026-09-02 07:16:16]   670 |                              qTsize, opParamInfo_.weights.shape->GetStorageShape().GetDim(0),
[2026-09-02 07:16:16]       |                                      ~~~~~~~~~~~~~~~~~~~~~~~~~~~~~~~~~~~~~~~~~~~~~~~~~~~~~~~
[2026-09-02 07:16:16]       |                                                                                          |
[2026-09-02 07:16:16]       |                                                                                          int64_t {aka long int}
[2026-09-02 07:16:16] /usr/local/Ascend/cann-9.1.0/x86_64-linux/include/op_common/log/log.h:1130:13: note: in definition of macro ‘OP_CHECK_IF’
[2026-09-02 07:16:16]  1130 |             log;                                 \
[2026-09-02 07:16:16]       |             ^~~
[2026-09-02 07:16:16] /home/t00886357/fia_sink_a5_port_base/vllm-ascend/csrc/attention/vllm_quant_lightning_indexer/op_host/vllm_quant_lightning_indexer_tiling.cpp:667:20: note: in expansion of macro ‘OP_LOGE’
[2026-09-02 07:16:16]   667 |                    OP_LOGE(opName_,
[2026-09-02 07:16:16]       |                    ^~~~~~~
[2026-09-02 07:16:16] /home/t00886357/fia_sink_a5_port_base/vllm-ascend/csrc/attention/vllm_quant_lightning_indexer/op_host/vllm_quant_lightning_indexer_tiling.cpp:668:92: note: format string is defined here
[2026-09-02 07:16:16]   668 |                              "TND case input query, weights, sparse_indices dim 0 are %u, %u, %u "
[2026-09-02 07:16:16]       |                                                                                           ~^
[2026-09-02 07:16:16]       |                                                                                            |
[2026-09-02 07:16:16]       |                                                                                            unsigned int
[2026-09-02 07:16:16]       |                                                                                           %lu
[2026-09-02 07:16:16] /home/t00886357/fia_sink_a5_port_base/vllm-ascend/csrc/attention/vllm_quant_lightning_indexer/op_host/vllm_quant_lightning_indexer_tiling.cpp:668:30: warning: format ‘%u’ expects argument of type ‘unsigned int’, but argument 8 has type ‘int64_t’ {aka ‘long int’} [-Wformat=]
[2026-09-02 07:16:16]   668 |                              "TND case input query, weights, sparse_indices dim 0 are %u, %u, %u "
[2026-09-02 07:16:16] ......
[2026-09-02 07:16:16]   671 |                              opParamInfo_.attenOut.shape->GetStorageShape().GetDim(0)),
[2026-09-02 07:16:16]       |                              ~~~~~~~~~~~~~~~~~~~~~~~~~~~~~~~~~~~~~~~~~~~~~~~~~~~~~~~~
[2026-09-02 07:16:16]       |                                                                                   |
[2026-09-02 07:16:16]       |                                                                                   int64_t {aka long int}
[2026-09-02 07:16:16] /usr/local/Ascend/cann-9.1.0/x86_64-linux/include/op_common/log/log.h:1130:13: note: in definition of macro ‘OP_CHECK_IF’
[2026-09-02 07:16:16]  1130 |             log;                                 \
[2026-09-02 07:16:16]       |             ^~~
[2026-09-02 07:16:16] /home/t00886357/fia_sink_a5_port_base/vllm-ascend/csrc/attention/vllm_quant_lightning_indexer/op_host/vllm_quant_lightning_indexer_tiling.cpp:667:20: note: in expansion of macro ‘OP_LOGE’
[2026-09-02 07:16:16]   667 |                    OP_LOGE(opName_,
[2026-09-02 07:16:16]       |                    ^~~~~~~
[2026-09-02 07:16:16] /home/t00886357/fia_sink_a5_port_base/vllm-ascend/csrc/attention/vllm_quant_lightning_indexer/op_host/vllm_quant_lightning_indexer_tiling.cpp:668:96: note: format string is defined here
[2026-09-02 07:16:16]   668 |                              "TND case input query, weights, sparse_indices dim 0 are %u, %u, %u "
[2026-09-02 07:16:16]       |                                                                                               ~^
[2026-09-02 07:16:16]       |                                                                                                |
[2026-09-02 07:16:16]       |                                                                                                unsigned int
[2026-09-02 07:16:16]       |                                                                                               %lu
[2026-09-02 07:16:16] /home/t00886357/fia_sink_a5_port_base/vllm-ascend/csrc/attention/vllm_quant_lightning_indexer/op_host/vllm_quant_lightning_indexer_tiling.cpp:683:30: warning: format ‘%u’ expects argument of type ‘unsigned int’, but argument 7 has type ‘int64_t’ {aka ‘long int’} [-Wformat=]
[2026-09-02 07:16:16]   683 |                              "BSND case input query, weight, actual_seq_lengths_key, block_table, sparse_indices dim 0 are %u, %u, %u, %u, %u respectively, they must be same.",
[2026-09-02 07:16:16]   684 |                               bSize_, opParamInfo_.weights.shape->GetStorageShape().GetDim(0),
[2026-09-02 07:16:16]       |                                       ~~~~~~~~~~~~~~~~~~~~~~~~~~~~~~~~~~~~~~~~~~~~~~~~~~~~~~~
[2026-09-02 07:16:16]       |                                                                                           |
[2026-09-02 07:16:16]       |                                                                                           int64_t {aka long int}
[2026-09-02 07:16:16] /usr/local/Ascend/cann-9.1.0/x86_64-linux/include/op_common/log/log.h:1130:13: note: in definition of macro ‘OP_CHECK_IF’
[2026-09-02 07:16:16]  1130 |             log;                                 \
[2026-09-02 07:16:16]       |             ^~~
[2026-09-02 07:16:16] /home/t00886357/fia_sink_a5_port_base/vllm-ascend/csrc/attention/vllm_quant_lightning_indexer/op_host/vllm_quant_lightning_indexer_tiling.cpp:682:20: note: in expansion of macro ‘OP_LOGE’
[2026-09-02 07:16:16]   682 |                    OP_LOGE(opName_,
[2026-09-02 07:16:16]       |                    ^~~~~~~
[2026-09-02 07:16:16] /home/t00886357/fia_sink_a5_port_base/vllm-ascend/csrc/attention/vllm_quant_lightning_indexer/op_host/vllm_quant_lightning_indexer_tiling.cpp:683:30: warning: format ‘%u’ expects argument of type ‘unsigned int’, but argument 8 has type ‘int64_t’ {aka ‘long int’} [-Wformat=]
[2026-09-02 07:16:16]   683 |                              "BSND case input query, weight, actual_seq_lengths_key, block_table, sparse_indices dim 0 are %u, %u, %u, %u, %u respectively, they must be same.",
[2026-09-02 07:16:16]   684 |                               bSize_, opParamInfo_.weights.shape->GetStorageShape().GetDim(0),
[2026-09-02 07:16:16]   685 |                               opParamInfo_.actualSeqLengthsK.tensor->GetShapeSize(),
[2026-09-02 07:16:16]       |                               ~~~~~~~~~~~~~~~~~~~~~~~~~~~~~~~~~~~~~~~~~~~~~~~~~~~~~
[2026-09-02 07:16:16]       |                                                                                  |
[2026-09-02 07:16:16]       |                                                                                  int64_t {aka long int}
[2026-09-02 07:16:16] /usr/local/Ascend/cann-9.1.0/x86_64-linux/include/op_common/log/log.h:1130:13: note: in definition of macro ‘OP_CHECK_IF’
[2026-09-02 07:16:16]  1130 |             log;                                 \
[2026-09-02 07:16:16]       |             ^~~
[2026-09-02 07:16:16] /home/t00886357/fia_sink_a5_port_base/vllm-ascend/csrc/attention/vllm_quant_lightning_indexer/op_host/vllm_quant_lightning_indexer_tiling.cpp:682:20: note: in expansion of macro ‘OP_LOGE’
[2026-09-02 07:16:16]   682 |                    OP_LOGE(opName_,
[2026-09-02 07:16:16]       |                    ^~~~~~~
[2026-09-02 07:16:16] /home/t00886357/fia_sink_a5_port_base/vllm-ascend/csrc/attention/vllm_quant_lightning_indexer/op_host/vllm_quant_lightning_indexer_tiling.cpp:683:30: warning: format ‘%u’ expects argument of type ‘unsigned int’, but argument 9 has type ‘int64_t’ {aka ‘long int’} [-Wformat=]
[2026-09-02 07:16:16]   683 |                              "BSND case input query, weight, actual_seq_lengths_key, block_table, sparse_indices dim 0 are %u, %u, %u, %u, %u respectively, they must be same.",
[2026-09-02 07:16:16] ......
[2026-09-02 07:16:16]   686 |                               opParamInfo_.blockTable.tensor->GetStorageShape().GetDim(0),
[2026-09-02 07:16:16]       |                               ~~~~~~~~~~~~~~~~~~~~~~~~~~~~~~~~~~~~~~~~~~~~~~~~~~~~~~~~~~~
[2026-09-02 07:16:16]       |                                                                                       |
[2026-09-02 07:16:16]       |                                                                                       int64_t {aka long int}
[2026-09-02 07:16:16] /usr/local/Ascend/cann-9.1.0/x86_64-linux/include/op_common/log/log.h:1130:13: note: in definition of macro ‘OP_CHECK_IF’
[2026-09-02 07:16:16]  1130 |             log;                                 \
[2026-09-02 07:16:16]       |             ^~~
[2026-09-02 07:16:16] /home/t00886357/fia_sink_a5_port_base/vllm-ascend/csrc/attention/vllm_quant_lightning_indexer/op_host/vllm_quant_lightning_indexer_tiling.cpp:682:20: note: in expansion of macro ‘OP_LOGE’
[2026-09-02 07:16:16]   682 |                    OP_LOGE(opName_,
[2026-09-02 07:16:16]       |                    ^~~~~~~
[2026-09-02 07:16:16] /home/t00886357/fia_sink_a5_port_base/vllm-ascend/csrc/attention/vllm_quant_lightning_indexer/op_host/vllm_quant_lightning_indexer_tiling.cpp:683:30: warning: format ‘%u’ expects argument of type ‘unsigned int’, but argument 10 has type ‘int64_t’ {aka ‘long int’} [-Wformat=]
[2026-09-02 07:16:16]   683 |                              "BSND case input query, weight, actual_seq_lengths_key, block_table, sparse_indices dim 0 are %u, %u, %u, %u, %u respectively, they must be same.",
[2026-09-02 07:16:16] ......
[2026-09-02 07:16:16]   687 |                               opParamInfo_.attenOut.shape->GetStorageShape().GetDim(0)),
[2026-09-02 07:16:16]       |                               ~~~~~~~~~~~~~~~~~~~~~~~~~~~~~~~~~~~~~~~~~~~~~~~~~~~~~~~~
[2026-09-02 07:16:16]       |                                                                                    |
[2026-09-02 07:16:16]       |                                                                                    int64_t {aka long int}
[2026-09-02 07:16:16] /usr/local/Ascend/cann-9.1.0/x86_64-linux/include/op_common/log/log.h:1130:13: note: in definition of macro ‘OP_CHECK_IF’
[2026-09-02 07:16:16]  1130 |             log;                                 \
[2026-09-02 07:16:16]       |             ^~~
[2026-09-02 07:16:16] /home/t00886357/fia_sink_a5_port_base/vllm-ascend/csrc/attention/vllm_quant_lightning_indexer/op_host/vllm_quant_lightning_indexer_tiling.cpp:682:20: note: in expansion of macro ‘OP_LOGE’
[2026-09-02 07:16:16]   682 |                    OP_LOGE(opName_,
[2026-09-02 07:16:16]       |                    ^~~~~~~
[2026-09-02 07:16:16] /home/t00886357/fia_sink_a5_port_base/vllm-ascend/csrc/attention/vllm_quant_lightning_indexer/op_host/vllm_quant_lightning_indexer_tiling.cpp:695:30: warning: format ‘%u’ expects argument of type ‘unsigned int’, but argument 7 has type ‘int64_t’ {aka ‘long int’} [-Wformat=]
[2026-09-02 07:16:16]   695 |                              "BSND case input query, weight, actual_seq_lengths_key, sparse_indices dim 0 are %u, %u, %u, %u respectively, they must be same.",
[2026-09-02 07:16:16]   696 |                               bSize_, opParamInfo_.weights.shape->GetStorageShape().GetDim(0),
[2026-09-02 07:16:16]       |                                       ~~~~~~~~~~~~~~~~~~~~~~~~~~~~~~~~~~~~~~~~~~~~~~~~~~~~~~~
[2026-09-02 07:16:16]       |                                                                                           |
[2026-09-02 07:16:16]       |                                                                                           int64_t {aka long int}
[2026-09-02 07:16:16] /usr/local/Ascend/cann-9.1.0/x86_64-linux/include/op_common/log/log.h:1130:13: note: in definition of macro ‘OP_CHECK_IF’
[2026-09-02 07:16:16]  1130 |             log;                                 \
[2026-09-02 07:16:16]       |             ^~~
[2026-09-02 07:16:16] /home/t00886357/fia_sink_a5_port_base/vllm-ascend/csrc/attention/vllm_quant_lightning_indexer/op_host/vllm_quant_lightning_indexer_tiling.cpp:694:20: note: in expansion of macro ‘OP_LOGE’
[2026-09-02 07:16:16]   694 |                    OP_LOGE(opName_,
[2026-09-02 07:16:16]       |                    ^~~~~~~
[2026-09-02 07:16:16] /home/t00886357/fia_sink_a5_port_base/vllm-ascend/csrc/attention/vllm_quant_lightning_indexer/op_host/vllm_quant_lightning_indexer_tiling.cpp:695:30: warning: format ‘%u’ expects argument of type ‘unsigned int’, but argument 8 has type ‘int64_t’ {aka ‘long int’} [-Wformat=]
[2026-09-02 07:16:16]   695 |                              "BSND case input query, weight, actual_seq_lengths_key, sparse_indices dim 0 are %u, %u, %u, %u respectively, they must be same.",
[2026-09-02 07:16:16]   696 |                               bSize_, opParamInfo_.weights.shape->GetStorageShape().GetDim(0),
[2026-09-02 07:16:16]   697 |                               opParamInfo_.actualSeqLengthsK.tensor->GetShapeSize(),
[2026-09-02 07:16:16]       |                               ~~~~~~~~~~~~~~~~~~~~~~~~~~~~~~~~~~~~~~~~~~~~~~~~~~~~~
[2026-09-02 07:16:16]       |                                                                                  |
[2026-09-02 07:16:16]       |                                                                                  int64_t {aka long int}
[2026-09-02 07:16:16] /usr/local/Ascend/cann-9.1.0/x86_64-linux/include/op_common/log/log.h:1130:13: note: in definition of macro ‘OP_CHECK_IF’
[2026-09-02 07:16:16]  1130 |             log;                                 \
[2026-09-02 07:16:16]       |             ^~~
[2026-09-02 07:16:16] /home/t00886357/fia_sink_a5_port_base/vllm-ascend/csrc/attention/vllm_quant_lightning_indexer/op_host/vllm_quant_lightning_indexer_tiling.cpp:694:20: note: in expansion of macro ‘OP_LOGE’
[2026-09-02 07:16:16]   694 |                    OP_LOGE(opName_,
[2026-09-02 07:16:16]       |                    ^~~~~~~
[2026-09-02 07:16:16] /home/t00886357/fia_sink_a5_port_base/vllm-ascend/csrc/attention/vllm_quant_lightning_indexer/op_host/vllm_quant_lightning_indexer_tiling.cpp:695:30: warning: format ‘%u’ expects argument of type ‘unsigned int’, but argument 9 has type ‘int64_t’ {aka ‘long int’} [-Wformat=]
[2026-09-02 07:16:16]   695 |                              "BSND case input query, weight, actual_seq_lengths_key, sparse_indices dim 0 are %u, %u, %u, %u respectively, they must be same.",
[2026-09-02 07:16:16] ......
[2026-09-02 07:16:16]   698 |                               opParamInfo_.attenOut.shape->GetStorageShape().GetDim(0)),
[2026-09-02 07:16:16]       |                               ~~~~~~~~~~~~~~~~~~~~~~~~~~~~~~~~~~~~~~~~~~~~~~~~~~~~~~~~
[2026-09-02 07:16:16]       |                                                                                    |
[2026-09-02 07:16:16]       |                                                                                    int64_t {aka long int}
[2026-09-02 07:16:16] /usr/local/Ascend/cann-9.1.0/x86_64-linux/include/op_common/log/log.h:1130:13: note: in definition of macro ‘OP_CHECK_IF’
[2026-09-02 07:16:16]  1130 |             log;                                 \
[2026-09-02 07:16:16]       |             ^~~
[2026-09-02 07:16:16] /home/t00886357/fia_sink_a5_port_base/vllm-ascend/csrc/attention/vllm_quant_lightning_indexer/op_host/vllm_quant_lightning_indexer_tiling.cpp:694:20: note: in expansion of macro ‘OP_LOGE’
[2026-09-02 07:16:16]   694 |                    OP_LOGE(opName_,
[2026-09-02 07:16:16]       |                    ^~~~~~~
[2026-09-02 07:16:16] /home/t00886357/fia_sink_a5_port_base/vllm-ascend/csrc/attention/vllm_quant_lightning_indexer/op_host/vllm_quant_lightning_indexer_tiling.cpp:712:30: warning: format ‘%u’ expects argument of type ‘unsigned int’, but argument 7 has type ‘int64_t’ {aka ‘long int’} [-Wformat=]
[2026-09-02 07:16:16]   712 |             OP_LOGE(opName_, "BSND case input query, weight, sparse_indices dim 1 are %u, %u, %u, they must be same.",
[2026-09-02 07:16:16]   713 |                       s1Size_, opParamInfo_.weights.shape->GetStorageShape().GetDim(1),
[2026-09-02 07:16:16]       |                                ~~~~~~~~~~~~~~~~~~~~~~~~~~~~~~~~~~~~~~~~~~~~~~~~~~~~~~~
[2026-09-02 07:16:16]       |                                                                                    |
[2026-09-02 07:16:16]       |                                                                                    int64_t {aka long int}
[2026-09-02 07:16:16] /usr/local/Ascend/cann-9.1.0/x86_64-linux/include/op_common/log/log.h:1130:13: note: in definition of macro ‘OP_CHECK_IF’
[2026-09-02 07:16:16]  1130 |             log;                                 \
[2026-09-02 07:16:16]       |             ^~~
[2026-09-02 07:16:16] /home/t00886357/fia_sink_a5_port_base/vllm-ascend/csrc/attention/vllm_quant_lightning_indexer/op_host/vllm_quant_lightning_indexer_tiling.cpp:712:13: note: in expansion of macro ‘OP_LOGE’
[2026-09-02 07:16:16]   712 |             OP_LOGE(opName_, "BSND case input query, weight, sparse_indices dim 1 are %u, %u, %u, they must be same.",
[2026-09-02 07:16:16]       |             ^~~~~~~
[2026-09-02 07:16:16] /home/t00886357/fia_sink_a5_port_base/vllm-ascend/csrc/attention/vllm_quant_lightning_indexer/op_host/vllm_quant_lightning_indexer_tiling.cpp:712:30: warning: format ‘%u’ expects argument of type ‘unsigned int’, but argument 8 has type ‘int64_t’ {aka ‘long int’} [-Wformat=]
[2026-09-02 07:16:16]   712 |             OP_LOGE(opName_, "BSND case input query, weight, sparse_indices dim 1 are %u, %u, %u, they must be same.",
[2026-09-02 07:16:16]   713 |                       s1Size_, opParamInfo_.weights.shape->GetStorageShape().GetDim(1),
[2026-09-02 07:16:16]   714 |                       opParamInfo_.attenOut.shape->GetStorageShape().GetDim(1)),
[2026-09-02 07:16:16]       |                       ~~~~~~~~~~~~~~~~~~~~~~~~~~~~~~~~~~~~~~~~~~~~~~~~~~~~~~~~
[2026-09-02 07:16:16]       |                                                                            |
[2026-09-02 07:16:16]       |                                                                            int64_t {aka long int}
[2026-09-02 07:16:16] /usr/local/Ascend/cann-9.1.0/x86_64-linux/include/op_common/log/log.h:1130:13: note: in definition of macro ‘OP_CHECK_IF’
[2026-09-02 07:16:16]  1130 |             log;                                 \
[2026-09-02 07:16:16]       |             ^~~
[2026-09-02 07:16:16] /home/t00886357/fia_sink_a5_port_base/vllm-ascend/csrc/attention/vllm_quant_lightning_indexer/op_host/vllm_quant_lightning_indexer_tiling.cpp:712:13: note: in expansion of macro ‘OP_LOGE’
[2026-09-02 07:16:16]   712 |             OP_LOGE(opName_, "BSND case input query, weight, sparse_indices dim 1 are %u, %u, %u, they must be same.",
[2026-09-02 07:16:16]       |             ^~~~~~~
[2026-09-02 07:16:16] /home/t00886357/fia_sink_a5_port_base/vllm-ascend/csrc/attention/vllm_quant_lightning_indexer/op_host/vllm_quant_lightning_indexer_tiling.cpp:721:33: warning: format ‘%u’ expects argument of type ‘unsigned int’, but argument 6 has type ‘int64_t’ {aka ‘long int’} [-Wformat=]
[2026-09-02 07:16:16]   721 |                OP_LOGE(opName_, "input query, weight shape dim N1 must be same, but now are %u, %u respectively, they must be same.",
[2026-09-02 07:16:16]   722 |                opParamInfo_.weights.shape->GetStorageShape().GetDim(queryWeightsN1Dim), n1Size_),
[2026-09-02 07:16:16]       |                ~~~~~~~~~~~~~~~~~~~~~~~~~~~~~~~~~~~~~~~~~~~~~~~~~~~~~~~~~~~~~~~~~~~~~~~
[2026-09-02 07:16:16]       |                                                                    |
[2026-09-02 07:16:16]       |                                                                    int64_t {aka long int}
[2026-09-02 07:16:16] /usr/local/Ascend/cann-9.1.0/x86_64-linux/include/op_common/log/log.h:1130:13: note: in definition of macro ‘OP_CHECK_IF’
[2026-09-02 07:16:16]  1130 |             log;                                 \
[2026-09-02 07:16:16]       |             ^~~
[2026-09-02 07:16:16] /home/t00886357/fia_sink_a5_port_base/vllm-ascend/csrc/attention/vllm_quant_lightning_indexer/op_host/vllm_quant_lightning_indexer_tiling.cpp:721:16: note: in expansion of macro ‘OP_LOGE’
[2026-09-02 07:16:16]   721 |                OP_LOGE(opName_, "input query, weight shape dim N1 must be same, but now are %u, %u respectively, they must be same.",
[2026-09-02 07:16:16]       |                ^~~~~~~
[2026-09-02 07:16:16] [41/66] Building CXX object moe/causal_conv1d/op_host/CMakeFiles/ophost_transformer_tiling_obj.dir/__/__/moe_gating_top_k_hash/op_host/moe_gating_top_k_hash_tiling.cpp.o
[2026-09-02 07:16:16] /home/t00886357/fia_sink_a5_port_base/vllm-ascend/csrc/moe/moe_gating_top_k_hash/op_host/moe_gating_top_k_hash_tiling.cpp: In member function ‘ge::graphStatus optiling::MoeGatingTopKHashTilingBase::GetPlatformInfo()’:
[2026-09-02 07:16:16] /home/t00886357/fia_sink_a5_port_base/vllm-ascend/csrc/moe/moe_gating_top_k_hash/op_host/moe_gating_top_k_hash_tiling.cpp:435:14: warning: unused variable ‘ubSizePlatForm’ [-Wunused-variable]
[2026-09-02 07:16:16]   435 |     uint64_t ubSizePlatForm;
[2026-09-02 07:16:16]       |              ^~~~~~~~~~~~~~
[2026-09-02 07:16:16] [42/66] Building CXX object moe/causal_conv1d/op_host/CMakeFiles/ophost_transformer_tiling_obj.dir/__/__/__/attention/fused_infer_attention_score_v2_sink/op_host/fused_infer_attention_score_v2_sink_tiling_v3.cpp.o
[2026-09-02 07:16:16] In file included from /home/t00886357/fia_sink_a5_port_base/vllm-ascend/csrc/attention/fused_infer_attention_score_v2_sink/op_host/fia_tiling_nonquant_mla_sink.h:24,
[2026-09-02 07:16:16]                  from /home/t00886357/fia_sink_a5_port_base/vllm-ascend/csrc/attention/fused_infer_attention_score_v2_sink/op_host/fused_infer_attention_score_v2_sink_tiling_v3.cpp:18:
[2026-09-02 07:16:16] /home/t00886357/fia_sink_a5_port_base/vllm-ascend/csrc/attention/fused_infer_attention_score_v2_sink_common/attention_common/op_host/split_core.h: In constructor ‘optiling::SplitResult::SplitResult(uint32_t, uint32_t)’:
[2026-09-02 07:16:16] /home/t00886357/fia_sink_a5_port_base/vllm-ascend/csrc/attention/fused_infer_attention_score_v2_sink_common/attention_common/op_host/split_core.h:129:27: warning: ‘optiling::SplitResult::bN2End’ will be initialized after [-Wreorder]
[2026-09-02 07:16:16]   129 |     std::vector<uint32_t> bN2End {};    // 每个核处理数据的BN2结束点
[2026-09-02 07:16:16]       |                           ^~~~~~
[2026-09-02 07:16:16] /home/t00886357/fia_sink_a5_port_base/vllm-ascend/csrc/attention/fused_infer_attention_score_v2_sink_common/attention_common/op_host/split_core.h:128:14: warning:   ‘uint32_t optiling::SplitResult::vecCubeRatio’ [-Wreorder]
[2026-09-02 07:16:16]   128 |     uint32_t vecCubeRatio { 0U };        // vec 与 cube 核数比例
[2026-09-02 07:16:16]       |              ^~~~~~~~~~~~
[2026-09-02 07:16:16] /home/t00886357/fia_sink_a5_port_base/vllm-ascend/csrc/attention/fused_infer_attention_score_v2_sink_common/attention_common/op_host/split_core.h:138:5: warning:   when initialized here [-Wreorder]
[2026-09-02 07:16:16]   138 |     SplitResult(uint32_t coreNum, uint32_t ratio) :
[2026-09-02 07:16:16]       |     ^~~~~~~~~~~
[2026-09-02 07:16:16] [43/66] Building CXX object moe/causal_conv1d/op_host/CMakeFiles/ophost_transformer_tiling_obj.dir/__/__/__/attention/kv_quant_sparse_attn_sharedkv/op_host/kv_quant_sparse_attn_sharedkv_check_single_para.cpp.o
[2026-09-02 07:16:16] In file included from /home/t00886357/fia_sink_a5_port_base/vllm-ascend/csrc/attention/kv_quant_sparse_attn_sharedkv/op_host/kv_quant_sparse_attn_sharedkv_check.h:24,
[2026-09-02 07:16:16]                  from /home/t00886357/fia_sink_a5_port_base/vllm-ascend/csrc/attention/kv_quant_sparse_attn_sharedkv/op_host/kv_quant_sparse_attn_sharedkv_check_single_para.cpp:16:
[2026-09-02 07:16:16] /usr/local/Ascend/cann-9.1.0/x86_64-linux/include/op_common/log/log.h:45:9: warning: redundant redeclaration of ‘int32_t CheckLogLevel(int32_t, int32_t)’ in same scope [-Wredundant-decls]
[2026-09-02 07:16:16]    45 | int32_t CheckLogLevel(int32_t moduleId, int32_t logLevel);
[2026-09-02 07:16:16]       |         ^~~~~~~~~~~~~
[2026-09-02 07:16:16] In file included from <command-line>:
[2026-09-02 07:16:16] /home/t00886357/fia_sink_a5_port_base/vllm-ascend/csrc/common/include/cann_compat.h:24:9: note: previous declaration of ‘int32_t CheckLogLevel(int32_t, int32_t)’
[2026-09-02 07:16:16]    24 | int32_t CheckLogLevel(int32_t moduleId, int32_t logLevel);
[2026-09-02 07:16:16]       |         ^~~~~~~~~~~~~
[2026-09-02 07:16:16] /usr/local/Ascend/cann-9.1.0/x86_64-linux/include/op_common/log/log.h:46:6: warning: redundant redeclaration of ‘void DlogRecord(int32_t, int32_t, const char*, ...)’ in same scope [-Wredundant-decls]
[2026-09-02 07:16:16]    46 | void DlogRecord(int32_t moduleId, int32_t level, const char* fmt, ...);
[2026-09-02 07:16:16]       |      ^~~~~~~~~~
[2026-09-02 07:16:16] /home/t00886357/fia_sink_a5_port_base/vllm-ascend/csrc/common/include/cann_compat.h:25:6: note: previous declaration of ‘void DlogRecord(int32_t, int32_t, const char*, ...)’
[2026-09-02 07:16:16]    25 | void DlogRecord(int32_t moduleId, int32_t level, const char *fmt, ...);
[2026-09-02 07:16:16]       |      ^~~~~~~~~~
[2026-09-02 07:16:16] /home/t00886357/fia_sink_a5_port_base/vllm-ascend/csrc/attention/kv_quant_sparse_attn_sharedkv/op_host/kv_quant_sparse_attn_sharedkv_check.h:415:7: warning: ‘class optiling::KvQuantSASTilingCheck’ has virtual functions and accessible non-virtual destructor [-Wnon-virtual-dtor]
[2026-09-02 07:16:16]   415 | class KvQuantSASTilingCheck {
[2026-09-02 07:16:16]       |       ^~~~~~~~~~~~~~~~~~~~~
[2026-09-02 07:16:16] /home/t00886357/fia_sink_a5_port_base/vllm-ascend/csrc/attention/kv_quant_sparse_attn_sharedkv/op_host/kv_quant_sparse_attn_sharedkv_check_single_para.cpp: In member function ‘ge::graphStatus optiling::KvQuantSASTilingCheck::CheckSingleParaKey() const’:
[2026-09-02 07:16:16] /home/t00886357/fia_sink_a5_port_base/vllm-ascend/csrc/attention/kv_quant_sparse_attn_sharedkv/op_host/kv_quant_sparse_attn_sharedkv_check_single_para.cpp:234:30: warning: format ‘%ld’ expects argument of type ‘long int’, but argument 6 has type ‘unsigned int’ [-Wformat=]
[2026-09-02 07:16:16]   234 |             OP_LOGE(opName_, "when page attention is enabled, cmp_block_size(%ld) should be in range (0, %u].",
[2026-09-02 07:16:16]   235 |             cmpBlockSize_, MAX_BLOCK_SIZE), return ge::GRAPH_FAILED);
[2026-09-02 07:16:16]       |             ~~~~~~~~~~~~~     
[2026-09-02 07:16:16]       |             |
[2026-09-02 07:16:16]       |             unsigned int
[2026-09-02 07:16:16] /usr/local/Ascend/cann-9.1.0/x86_64-linux/include/op_common/log/log.h:1130:13: note: in definition of macro ‘OP_CHECK_IF’
[2026-09-02 07:16:16]  1130 |             log;                                 \
[2026-09-02 07:16:16]       |             ^~~
[2026-09-02 07:16:16] /home/t00886357/fia_sink_a5_port_base/vllm-ascend/csrc/attention/kv_quant_sparse_attn_sharedkv/op_host/kv_quant_sparse_attn_sharedkv_check_single_para.cpp:234:13: note: in expansion of macro ‘OP_LOGE’
[2026-09-02 07:16:16]   234 |             OP_LOGE(opName_, "when page attention is enabled, cmp_block_size(%ld) should be in range (0, %u].",
[2026-09-02 07:16:16]       |             ^~~~~~~
[2026-09-02 07:16:16] /home/t00886357/fia_sink_a5_port_base/vllm-ascend/csrc/attention/kv_quant_sparse_attn_sharedkv/op_host/kv_quant_sparse_attn_sharedkv_check_single_para.cpp:238:30: warning: format ‘%ld’ expects argument of type ‘long int’, but argument 6 has type ‘unsigned int’ [-Wformat=]
[2026-09-02 07:16:16]   238 |             OP_LOGE(opName_, "when page attention is enabled, cmp_block_size(%ld) should be 16-aligned.",
[2026-09-02 07:16:16]   239 |             cmpBlockSize_), return ge::GRAPH_FAILED);
[2026-09-02 07:16:16]       |             ~~~~~~~~~~~~~     
[2026-09-02 07:16:16]       |             |
[2026-09-02 07:16:16]       |             unsigned int
[2026-09-02 07:16:16] /usr/local/Ascend/cann-9.1.0/x86_64-linux/include/op_common/log/log.h:1130:13: note: in definition of macro ‘OP_CHECK_IF’
[2026-09-02 07:16:16]  1130 |             log;                                 \
[2026-09-02 07:16:16]       |             ^~~
[2026-09-02 07:16:16] /home/t00886357/fia_sink_a5_port_base/vllm-ascend/csrc/attention/kv_quant_sparse_attn_sharedkv/op_host/kv_quant_sparse_attn_sharedkv_check_single_para.cpp:238:13: note: in expansion of macro ‘OP_LOGE’
[2026-09-02 07:16:16]   238 |             OP_LOGE(opName_, "when page attention is enabled, cmp_block_size(%ld) should be 16-aligned.",
[2026-09-02 07:16:16]       |             ^~~~~~~
[2026-09-02 07:16:16] [44/66] Building CXX object moe/causal_conv1d/op_host/CMakeFiles/ophost_transformer_tiling_obj.dir/__/__/__/attention/kv_quant_sparse_attn_sharedkv/op_host/kv_quant_sparse_attn_sharedkv_tiling.cpp.o
[2026-09-02 07:16:16] In file included from /home/t00886357/fia_sink_a5_port_base/vllm-ascend/csrc/attention/kv_quant_sparse_attn_sharedkv/op_host/kv_quant_sparse_attn_sharedkv_check.h:24,
[2026-09-02 07:16:16]                  from /home/t00886357/fia_sink_a5_port_base/vllm-ascend/csrc/attention/kv_quant_sparse_attn_sharedkv/op_host/kv_quant_sparse_attn_sharedkv_tiling.cpp:16:
[2026-09-02 07:16:16] /usr/local/Ascend/cann-9.1.0/x86_64-linux/include/op_common/log/log.h:45:9: warning: redundant redeclaration of ‘int32_t CheckLogLevel(int32_t, int32_t)’ in same scope [-Wredundant-decls]
[2026-09-02 07:16:16]    45 | int32_t CheckLogLevel(int32_t moduleId, int32_t logLevel);
[2026-09-02 07:16:16]       |         ^~~~~~~~~~~~~
[2026-09-02 07:16:16] In file included from <command-line>:
[2026-09-02 07:16:16] /home/t00886357/fia_sink_a5_port_base/vllm-ascend/csrc/common/include/cann_compat.h:24:9: note: previous declaration of ‘int32_t CheckLogLevel(int32_t, int32_t)’
[2026-09-02 07:16:16]    24 | int32_t CheckLogLevel(int32_t moduleId, int32_t logLevel);
[2026-09-02 07:16:16]       |         ^~~~~~~~~~~~~
[2026-09-02 07:16:16] /usr/local/Ascend/cann-9.1.0/x86_64-linux/include/op_common/log/log.h:46:6: warning: redundant redeclaration of ‘void DlogRecord(int32_t, int32_t, const char*, ...)’ in same scope [-Wredundant-decls]
[2026-09-02 07:16:16]    46 | void DlogRecord(int32_t moduleId, int32_t level, const char* fmt, ...);
[2026-09-02 07:16:16]       |      ^~~~~~~~~~
[2026-09-02 07:16:16] /home/t00886357/fia_sink_a5_port_base/vllm-ascend/csrc/common/include/cann_compat.h:25:6: note: previous declaration of ‘void DlogRecord(int32_t, int32_t, const char*, ...)’
[2026-09-02 07:16:16]    25 | void DlogRecord(int32_t moduleId, int32_t level, const char *fmt, ...);
[2026-09-02 07:16:16]       |      ^~~~~~~~~~
[2026-09-02 07:16:16] /home/t00886357/fia_sink_a5_port_base/vllm-ascend/csrc/attention/kv_quant_sparse_attn_sharedkv/op_host/kv_quant_sparse_attn_sharedkv_check.h:415:7: warning: ‘class optiling::KvQuantSASTilingCheck’ has virtual functions and accessible non-virtual destructor [-Wnon-virtual-dtor]
[2026-09-02 07:16:16]   415 | class KvQuantSASTilingCheck {
[2026-09-02 07:16:16]       |       ^~~~~~~~~~~~~~~~~~~~~
[2026-09-02 07:16:16] In file included from /home/t00886357/fia_sink_a5_port_base/vllm-ascend/csrc/attention/kv_quant_sparse_attn_sharedkv/op_host/kv_quant_sparse_attn_sharedkv_tiling.cpp:18:
[2026-09-02 07:16:16] /home/t00886357/fia_sink_a5_port_base/vllm-ascend/csrc/attention/kv_quant_sparse_attn_sharedkv/op_host/kv_quant_sparse_attn_sharedkv_tiling.h:32:13: warning: redundant redeclaration of ‘std::string optiling::KvQuantSASLayoutToSerialString(SASLayout)’ in same scope [-Wredundant-decls]
[2026-09-02 07:16:16]    32 | std::string KvQuantSASLayoutToSerialString(SASLayout layout);
[2026-09-02 07:16:16]       |             ^~~~~~~~~~~~~~~~~~~~~~~~~~~~~~
[2026-09-02 07:16:16] /home/t00886357/fia_sink_a5_port_base/vllm-ascend/csrc/attention/kv_quant_sparse_attn_sharedkv/op_host/kv_quant_sparse_attn_sharedkv_check.h:206:13: note: previous declaration of ‘std::string optiling::KvQuantSASLayoutToSerialString(SASLayout)’
[2026-09-02 07:16:16]   206 | std::string KvQuantSASLayoutToSerialString(SASLayout layout);
[2026-09-02 07:16:16]       |             ^~~~~~~~~~~~~~~~~~~~~~~~~~~~~~
[2026-09-02 07:16:16] /home/t00886357/fia_sink_a5_port_base/vllm-ascend/csrc/attention/kv_quant_sparse_attn_sharedkv/op_host/kv_quant_sparse_attn_sharedkv_tiling.cpp: In member function ‘ge::graphStatus optiling::KvQuantSparseAttnSharedkvTiling::DoOpTiling(optiling::KvQuantSASTilingInfo*)’:
[2026-09-02 07:16:16] /home/t00886357/fia_sink_a5_port_base/vllm-ascend/csrc/attention/kv_quant_sparse_attn_sharedkv/op_host/kv_quant_sparse_attn_sharedkv_tiling.cpp:600:24: warning: unused variable ‘M_BASE_SIZE’ [-Wunused-variable]
[2026-09-02 07:16:16]   600 |     constexpr uint32_t M_BASE_SIZE = 64;             // m轴基本块大小
[2026-09-02 07:16:16]       |                        ^~~~~~~~~~~
[2026-09-02 07:16:16] /home/t00886357/fia_sink_a5_port_base/vllm-ascend/csrc/attention/kv_quant_sparse_attn_sharedkv/op_host/kv_quant_sparse_attn_sharedkv_tiling.cpp:604:24: warning: unused variable ‘TOPK_MAX_SIZE’ [-Wunused-variable]
[2026-09-02 07:16:16]   604 |     constexpr uint32_t TOPK_MAX_SIZE = 2048;          // TopK选取个数
[2026-09-02 07:16:16]       |                        ^~~~~~~~~~~~~
[2026-09-02 07:16:16] /home/t00886357/fia_sink_a5_port_base/vllm-ascend/csrc/attention/kv_quant_sparse_attn_sharedkv/op_host/kv_quant_sparse_attn_sharedkv_tiling.cpp:644:14: warning: unused variable ‘qType’ [-Wunused-variable]
[2026-09-02 07:16:16]   644 |     uint32_t qType = static_cast<uint32_t>(tilingInfo->qType);
[2026-09-02 07:16:16]       |              ^~~~~
[2026-09-02 07:16:16] /home/t00886357/fia_sink_a5_port_base/vllm-ascend/csrc/attention/kv_quant_sparse_attn_sharedkv/op_host/kv_quant_sparse_attn_sharedkv_tiling.cpp:645:14: warning: unused variable ‘oriKvType’ [-Wunused-variable]
[2026-09-02 07:16:16]   645 |     uint32_t oriKvType = static_cast<uint32_t>(tilingInfo->oriKvType);
[2026-09-02 07:16:16]       |              ^~~~~~~~~
[2026-09-02 07:16:16] /home/t00886357/fia_sink_a5_port_base/vllm-ascend/csrc/attention/kv_quant_sparse_attn_sharedkv/op_host/kv_quant_sparse_attn_sharedkv_tiling.cpp:646:14: warning: unused variable ‘outputType’ [-Wunused-variable]
[2026-09-02 07:16:16]   646 |     uint32_t outputType = static_cast<uint32_t>(tilingInfo->outputType);
[2026-09-02 07:16:16]       |              ^~~~~~~~~~
[2026-09-02 07:16:16] [45/66] Building CXX object moe/causal_conv1d/op_host/CMakeFiles/ophost_transformer_tiling_obj.dir/__/__/__/attention/recurrent_kda/op_host/recurrent_kda_tiling.cpp.o
[2026-09-02 07:16:16] In file included from /home/t00886357/fia_sink_a5_port_base/vllm-ascend/csrc/common/include/err/ops_err.h:19,
[2026-09-02 07:16:16]                  from /home/t00886357/fia_sink_a5_port_base/vllm-ascend/csrc/attention/recurrent_kda/op_host/recurrent_kda_tiling.h:16,
[2026-09-02 07:16:16]                  from /home/t00886357/fia_sink_a5_port_base/vllm-ascend/csrc/attention/recurrent_kda/op_host/recurrent_kda_tiling.cpp:11:
[2026-09-02 07:16:16] /usr/local/Ascend/cann-9.1.0/x86_64-linux/include/op_common/log/log.h:1118: warning: "OP_LOGI" redefined
[2026-09-02 07:16:16]  1118 | #define OP_LOGI(opName, ...) D_OP_LOGI(Ops::Base::GetOpInfo(opName), __VA_ARGS__)
[2026-09-02 07:16:16]       | 
[2026-09-02 07:16:16] In file included from /home/t00886357/fia_sink_a5_port_base/vllm-ascend/csrc/common/include/tiling_base/tiling_base.h:22,
[2026-09-02 07:16:16]                  from /home/t00886357/fia_sink_a5_port_base/vllm-ascend/csrc/attention/recurrent_kda/op_host/recurrent_kda_tiling.h:15:
[2026-09-02 07:16:16] /home/t00886357/fia_sink_a5_port_base/vllm-ascend/csrc/common/include/tiling_base/error_log.h:10: note: this is the location of the previous definition
[2026-09-02 07:16:16]    10 | #define OP_LOGI(opname, ...)
[2026-09-02 07:16:16]       | 
[2026-09-02 07:16:16] /usr/local/Ascend/cann-9.1.0/x86_64-linux/include/op_common/log/log.h:1119: warning: "OP_LOGW" redefined
[2026-09-02 07:16:16]  1119 | #define OP_LOGW(opName, ...) D_OP_LOGW(Ops::Base::GetOpInfo(opName), __VA_ARGS__)
[2026-09-02 07:16:16]       | 
[2026-09-02 07:16:16] /home/t00886357/fia_sink_a5_port_base/vllm-ascend/csrc/common/include/tiling_base/error_log.h:13: note: this is the location of the previous definition
[2026-09-02 07:16:16]    13 | #define OP_LOGW(opname, ...)       \
[2026-09-02 07:16:16]       | 
[2026-09-02 07:16:16] /usr/local/Ascend/cann-9.1.0/x86_64-linux/include/op_common/log/log.h:1120: warning: "OP_LOGE_WITHOUT_REPORT" redefined
[2026-09-02 07:16:16]  1120 | #define OP_LOGE_WITHOUT_REPORT(opName, ...) OP_LOGE_LIBOPAPI_REPORT(opName, __VA_ARGS__)
[2026-09-02 07:16:16]       | 
[2026-09-02 07:16:16] /home/t00886357/fia_sink_a5_port_base/vllm-ascend/csrc/common/include/tiling_base/error_log.h:21: note: this is the location of the previous definition
[2026-09-02 07:16:16]    21 | #define OP_LOGE_WITHOUT_REPORT(opname, ...) \
[2026-09-02 07:16:16]       | 
[2026-09-02 07:16:16] /usr/local/Ascend/cann-9.1.0/x86_64-linux/include/op_common/log/log.h:1121: warning: "OP_LOGE" redefined
[2026-09-02 07:16:16]  1121 | #define OP_LOGE(opName, ...)                            \
[2026-09-02 07:16:16]       | 
[2026-09-02 07:16:16] /home/t00886357/fia_sink_a5_port_base/vllm-ascend/csrc/common/include/tiling_base/error_log.h:29: note: this is the location of the previous definition
[2026-09-02 07:16:16]    29 | #define OP_LOGE(opname, ...)       \
[2026-09-02 07:16:16]       | 
[2026-09-02 07:16:16] /usr/local/Ascend/cann-9.1.0/x86_64-linux/include/op_common/log/log.h:1126: warning: "OP_LOGD" redefined
[2026-09-02 07:16:16]  1126 | #define OP_LOGD(opName, ...) D_OP_LOGD(Ops::Base::GetOpInfo(opName), __VA_ARGS__)
[2026-09-02 07:16:16]       | 
[2026-09-02 07:16:16] /home/t00886357/fia_sink_a5_port_base/vllm-ascend/csrc/common/include/tiling_base/error_log.h:11: note: this is the location of the previous definition
[2026-09-02 07:16:16]    11 | #define OP_LOGD(opname, ...)
[2026-09-02 07:16:16]       | 
[2026-09-02 07:16:16] /usr/local/Ascend/cann-9.1.0/x86_64-linux/include/op_common/log/log.h:1127: warning: "OP_CHECK_IF" redefined
[2026-09-02 07:16:16]  1127 | #define OP_CHECK_IF(condition, log, return_expr) \
[2026-09-02 07:16:16]       | 
[2026-09-02 07:16:16] /home/t00886357/fia_sink_a5_port_base/vllm-ascend/csrc/common/include/tiling_base/error_log.h:44: note: this is the location of the previous definition
[2026-09-02 07:16:16]    44 | #define OP_CHECK_IF(cond, log_func, expr) \
[2026-09-02 07:16:16]       | 
[2026-09-02 07:16:16] /usr/local/Ascend/cann-9.1.0/x86_64-linux/include/op_common/log/log.h:1134: warning: "OP_CHECK_NULL_WITH_CONTEXT" redefined
[2026-09-02 07:16:16]  1134 | #define OP_CHECK_NULL_WITH_CONTEXT(context, ptr)                                                           \
[2026-09-02 07:16:16]       | 
[2026-09-02 07:16:16] /home/t00886357/fia_sink_a5_port_base/vllm-ascend/csrc/common/include/tiling_base/error_log.h:60: note: this is the location of the previous definition
[2026-09-02 07:16:16]    60 | #define OP_CHECK_NULL_WITH_CONTEXT(context, ptr)                 \
[2026-09-02 07:16:16]       | 
[2026-09-02 07:16:16] /usr/local/Ascend/cann-9.1.0/x86_64-linux/include/op_common/log/log.h:45:9: warning: redundant redeclaration of ‘int32_t CheckLogLevel(int32_t, int32_t)’ in same scope [-Wredundant-decls]
[2026-09-02 07:16:16]    45 | int32_t CheckLogLevel(int32_t moduleId, int32_t logLevel);
[2026-09-02 07:16:16]       |         ^~~~~~~~~~~~~
[2026-09-02 07:16:16] In file included from <command-line>:
[2026-09-02 07:16:16] /home/t00886357/fia_sink_a5_port_base/vllm-ascend/csrc/common/include/cann_compat.h:24:9: note: previous declaration of ‘int32_t CheckLogLevel(int32_t, int32_t)’
[2026-09-02 07:16:16]    24 | int32_t CheckLogLevel(int32_t moduleId, int32_t logLevel);
[2026-09-02 07:16:16]       |         ^~~~~~~~~~~~~
[2026-09-02 07:16:16] /usr/local/Ascend/cann-9.1.0/x86_64-linux/include/op_common/log/log.h:46:6: warning: redundant redeclaration of ‘void DlogRecord(int32_t, int32_t, const char*, ...)’ in same scope [-Wredundant-decls]
[2026-09-02 07:16:16]    46 | void DlogRecord(int32_t moduleId, int32_t level, const char* fmt, ...);
[2026-09-02 07:16:16]       |      ^~~~~~~~~~
[2026-09-02 07:16:16] /home/t00886357/fia_sink_a5_port_base/vllm-ascend/csrc/common/include/cann_compat.h:25:6: note: previous declaration of ‘void DlogRecord(int32_t, int32_t, const char*, ...)’
[2026-09-02 07:16:16]    25 | void DlogRecord(int32_t moduleId, int32_t level, const char *fmt, ...);
[2026-09-02 07:16:16]       |      ^~~~~~~~~~
[2026-09-02 07:16:16] [46/66] Building CXX object moe/causal_conv1d/op_host/CMakeFiles/ophost_transformer_tiling_obj.dir/__/__/__/attention/fused_infer_attention_score_v2_sink/op_host/fia_tiling_nonquant_sink.cpp.o
[2026-09-02 07:16:16] In file included from /home/t00886357/fia_sink_a5_port_base/vllm-ascend/csrc/attention/fused_infer_attention_score_v2_sink/op_host/fia_tiling_nonquant_sink.h:22,
[2026-09-02 07:16:16]                  from /home/t00886357/fia_sink_a5_port_base/vllm-ascend/csrc/attention/fused_infer_attention_score_v2_sink/op_host/fia_tiling_nonquant_sink.cpp:16:
[2026-09-02 07:16:16] /home/t00886357/fia_sink_a5_port_base/vllm-ascend/csrc/attention/fused_infer_attention_score_v2_sink_common/attention_common/op_host/split_core.h: In constructor ‘optiling::SplitResult::SplitResult(uint32_t, uint32_t)’:
[2026-09-02 07:16:16] /home/t00886357/fia_sink_a5_port_base/vllm-ascend/csrc/attention/fused_infer_attention_score_v2_sink_common/attention_common/op_host/split_core.h:129:27: warning: ‘optiling::SplitResult::bN2End’ will be initialized after [-Wreorder]
[2026-09-02 07:16:16]   129 |     std::vector<uint32_t> bN2End {};    // 每个核处理数据的BN2结束点
[2026-09-02 07:16:16]       |                           ^~~~~~
[2026-09-02 07:16:16] /home/t00886357/fia_sink_a5_port_base/vllm-ascend/csrc/attention/fused_infer_attention_score_v2_sink_common/attention_common/op_host/split_core.h:128:14: warning:   ‘uint32_t optiling::SplitResult::vecCubeRatio’ [-Wreorder]
[2026-09-02 07:16:16]   128 |     uint32_t vecCubeRatio { 0U };        // vec 与 cube 核数比例
[2026-09-02 07:16:16]       |              ^~~~~~~~~~~~
[2026-09-02 07:16:16] /home/t00886357/fia_sink_a5_port_base/vllm-ascend/csrc/attention/fused_infer_attention_score_v2_sink_common/attention_common/op_host/split_core.h:138:5: warning:   when initialized here [-Wreorder]
[2026-09-02 07:16:16]   138 |     SplitResult(uint32_t coreNum, uint32_t ratio) :
[2026-09-02 07:16:16]       |     ^~~~~~~~~~~
[2026-09-02 07:16:16] In file included from /home/t00886357/fia_sink_a5_port_base/vllm-ascend/csrc/utils/inc/log/ops_log.h:18,
[2026-09-02 07:16:16]                  from /home/t00886357/fia_sink_a5_port_base/vllm-ascend/csrc/utils/inc/error/ops_error.h:18,
[2026-09-02 07:16:16]                  from /home/t00886357/fia_sink_a5_port_base/vllm-ascend/csrc/attention/fused_infer_attention_score_v2_sink_common/attention_common/op_host/fia_tiling_base.h:24,
[2026-09-02 07:16:16]                  from /home/t00886357/fia_sink_a5_port_base/vllm-ascend/csrc/attention/fused_infer_attention_score_v2_sink/op_host/fia_tiling_nonquant_sink.h:20:
[2026-09-02 07:16:16] /home/t00886357/fia_sink_a5_port_base/vllm-ascend/csrc/attention/fused_infer_attention_score_v2_sink/op_host/fia_tiling_nonquant_sink.cpp: In member function ‘void optiling::FiaTilingNonQuant::CalcMBaseSize()’:
[2026-09-02 07:16:16] /home/t00886357/fia_sink_a5_port_base/vllm-ascend/csrc/utils/inc/log/inner/dfx_base.h:120:17: warning: format ‘%u’ expects argument of type ‘unsigned int’, but argument 15 has type ‘int’ [-Wformat=]
[2026-09-02 07:16:16]   120 |                 "[%s:%d][%s]%s[%s][%lu] OpName:[%s] " #FMT,                                                     \
[2026-09-02 07:16:16] /home/t00886357/fia_sink_a5_port_base/vllm-ascend/csrc/utils/inc/log/inner/dfx_base.h:149:44: note: in expansion of macro ‘OPS_LOG_STUB’
[2026-09-02 07:16:16]   149 | #define OPS_LOG_STUB_I(OPS_DESC, FMT, ...) OPS_LOG_STUB(OP, DLOG_INFO, OPS_DESC, FMT, ##__VA_ARGS__)
[2026-09-02 07:16:16]       |                                            ^~~~~~~~~~~~
[2026-09-02 07:16:16] /home/t00886357/fia_sink_a5_port_base/vllm-ascend/csrc/utils/inc/log/ops_log.h:22:34: note: in expansion of macro ‘OPS_LOG_STUB_I’
[2026-09-02 07:16:16]    22 | #define OPS_LOG_I(OPS_DESC, ...) OPS_LOG_STUB_I(OPS_DESC, __VA_ARGS__)
[2026-09-02 07:16:16]       |                                  ^~~~~~~~~~~~~~
[2026-09-02 07:16:16] /home/t00886357/fia_sink_a5_port_base/vllm-ascend/csrc/attention/fused_infer_attention_score_v2_sink/op_host/fia_tiling_nonquant_sink.cpp:350:5: note: in expansion of macro ‘OPS_LOG_I’
[2026-09-02 07:16:16]   350 |     OPS_LOG_I(fiaInfo_->opName,
[2026-09-02 07:16:16]       |     ^~~~~~~~~
[2026-09-02 07:16:16] /home/t00886357/fia_sink_a5_port_base/vllm-ascend/csrc/attention/fused_infer_attention_score_v2_sink/op_host/fia_tiling_nonquant_sink.cpp: In member function ‘uint32_t optiling::FiaTilingNonQuant::GetL2CacheOffFlag()’:
[2026-09-02 07:16:16] /home/t00886357/fia_sink_a5_port_base/vllm-ascend/csrc/utils/inc/log/inner/dfx_base.h:120:17: warning: format ‘%u’ expects argument of type ‘unsigned int’, but argument 14 has type ‘uint64_t’ {aka ‘long unsigned int’} [-Wformat=]
[2026-09-02 07:16:16]   120 |                 "[%s:%d][%s]%s[%s][%lu] OpName:[%s] " #FMT,                                                     \
[2026-09-02 07:16:16] /home/t00886357/fia_sink_a5_port_base/vllm-ascend/csrc/utils/inc/log/inner/dfx_base.h:148:44: note: in expansion of macro ‘OPS_LOG_STUB’
[2026-09-02 07:16:16]   148 | #define OPS_LOG_STUB_D(OPS_DESC, FMT, ...) OPS_LOG_STUB(OP, DLOG_DEBUG, OPS_DESC, FMT, ##__VA_ARGS__)
[2026-09-02 07:16:16]       |                                            ^~~~~~~~~~~~
[2026-09-02 07:16:16] /home/t00886357/fia_sink_a5_port_base/vllm-ascend/csrc/utils/inc/log/ops_log.h:21:34: note: in expansion of macro ‘OPS_LOG_STUB_D’
[2026-09-02 07:16:16]    21 | #define OPS_LOG_D(OPS_DESC, ...) OPS_LOG_STUB_D(OPS_DESC, __VA_ARGS__)
[2026-09-02 07:16:16]       |                                  ^~~~~~~~~~~~~~
[2026-09-02 07:16:16] /home/t00886357/fia_sink_a5_port_base/vllm-ascend/csrc/attention/fused_infer_attention_score_v2_sink/op_host/fia_tiling_nonquant_sink.cpp:471:5: note: in expansion of macro ‘OPS_LOG_D’
[2026-09-02 07:16:16]   471 |     OPS_LOG_D(fiaInfo_->opName,
[2026-09-02 07:16:16]       |     ^~~~~~~~~
[2026-09-02 07:16:16] [47/66] Building CXX object moe/causal_conv1d/op_host/CMakeFiles/ophost_transformer_tiling_obj.dir/__/__/__/attention/fused_infer_attention_score_v2_sink/op_host/fia_tiling_nonquant_mla_sink.cpp.o
[2026-09-02 07:16:16] In file included from /home/t00886357/fia_sink_a5_port_base/vllm-ascend/csrc/attention/fused_infer_attention_score_v2_sink/op_host/fia_tiling_nonquant_mla_sink.h:24,
[2026-09-02 07:16:16]                  from /home/t00886357/fia_sink_a5_port_base/vllm-ascend/csrc/attention/fused_infer_attention_score_v2_sink/op_host/fia_tiling_nonquant_mla_sink.cpp:22:
[2026-09-02 07:16:16] /home/t00886357/fia_sink_a5_port_base/vllm-ascend/csrc/attention/fused_infer_attention_score_v2_sink_common/attention_common/op_host/split_core.h: In constructor ‘optiling::SplitResult::SplitResult(uint32_t, uint32_t)’:
[2026-09-02 07:16:16] /home/t00886357/fia_sink_a5_port_base/vllm-ascend/csrc/attention/fused_infer_attention_score_v2_sink_common/attention_common/op_host/split_core.h:129:27: warning: ‘optiling::SplitResult::bN2End’ will be initialized after [-Wreorder]
[2026-09-02 07:16:16]   129 |     std::vector<uint32_t> bN2End {};    // 每个核处理数据的BN2结束点
[2026-09-02 07:16:16]       |                           ^~~~~~
[2026-09-02 07:16:16] /home/t00886357/fia_sink_a5_port_base/vllm-ascend/csrc/attention/fused_infer_attention_score_v2_sink_common/attention_common/op_host/split_core.h:128:14: warning:   ‘uint32_t optiling::SplitResult::vecCubeRatio’ [-Wreorder]
[2026-09-02 07:16:16]   128 |     uint32_t vecCubeRatio { 0U };        // vec 与 cube 核数比例
[2026-09-02 07:16:16]       |              ^~~~~~~~~~~~
[2026-09-02 07:16:16] /home/t00886357/fia_sink_a5_port_base/vllm-ascend/csrc/attention/fused_infer_attention_score_v2_sink_common/attention_common/op_host/split_core.h:138:5: warning:   when initialized here [-Wreorder]
[2026-09-02 07:16:16]   138 |     SplitResult(uint32_t coreNum, uint32_t ratio) :
[2026-09-02 07:16:16]       |     ^~~~~~~~~~~
[2026-09-02 07:16:16] [48/66] Building CXX object moe/causal_conv1d/op_host/CMakeFiles/ophost_transformer_tiling_obj.dir/__/__/__/attention/recurrent_gated_delta_rule/op_host/recurrent_gated_delta_rule_tiling.cpp.o
[2026-09-02 07:16:16] [49/66] Building CXX object moe/causal_conv1d/op_host/CMakeFiles/ophost_transformer_tiling_obj.dir/__/__/__/attention/compressor/op_host/arch35/compressor_tiling.cpp.o
[2026-09-02 07:16:16] In file included from /home/t00886357/fia_sink_a5_port_base/vllm-ascend/csrc/common/include/err/ops_err.h:19,
[2026-09-02 07:16:16]                  from /home/t00886357/fia_sink_a5_port_base/vllm-ascend/csrc/attention/compressor/op_host/arch35/compressor_tiling.cpp:22:
[2026-09-02 07:16:16] /usr/local/Ascend/cann-9.1.0/x86_64-linux/include/op_common/log/log.h:45:9: warning: redundant redeclaration of ‘int32_t CheckLogLevel(int32_t, int32_t)’ in same scope [-Wredundant-decls]
[2026-09-02 07:16:16]    45 | int32_t CheckLogLevel(int32_t moduleId, int32_t logLevel);
[2026-09-02 07:16:16]       |         ^~~~~~~~~~~~~
[2026-09-02 07:16:16] In file included from <command-line>:
[2026-09-02 07:16:16] /home/t00886357/fia_sink_a5_port_base/vllm-ascend/csrc/common/include/cann_compat.h:24:9: note: previous declaration of ‘int32_t CheckLogLevel(int32_t, int32_t)’
[2026-09-02 07:16:16]    24 | int32_t CheckLogLevel(int32_t moduleId, int32_t logLevel);
[2026-09-02 07:16:16]       |         ^~~~~~~~~~~~~
[2026-09-02 07:16:16] /usr/local/Ascend/cann-9.1.0/x86_64-linux/include/op_common/log/log.h:46:6: warning: redundant redeclaration of ‘void DlogRecord(int32_t, int32_t, const char*, ...)’ in same scope [-Wredundant-decls]
[2026-09-02 07:16:16]    46 | void DlogRecord(int32_t moduleId, int32_t level, const char* fmt, ...);
[2026-09-02 07:16:16]       |      ^~~~~~~~~~
[2026-09-02 07:16:16] /home/t00886357/fia_sink_a5_port_base/vllm-ascend/csrc/common/include/cann_compat.h:25:6: note: previous declaration of ‘void DlogRecord(int32_t, int32_t, const char*, ...)’
[2026-09-02 07:16:16]    25 | void DlogRecord(int32_t moduleId, int32_t level, const char *fmt, ...);
[2026-09-02 07:16:16]       |      ^~~~~~~~~~
[2026-09-02 07:16:16] In file included from /home/t00886357/fia_sink_a5_port_base/vllm-ascend/csrc/attention/compressor/op_host/arch35/compressor_tiling.h:31,
[2026-09-02 07:16:16]                  from /home/t00886357/fia_sink_a5_port_base/vllm-ascend/csrc/attention/compressor/op_host/arch35/compressor_tiling.cpp:24:
[2026-09-02 07:16:16] /home/t00886357/fia_sink_a5_port_base/vllm-ascend/csrc/attention/compressor/op_host/arch35/../../op_kernel/arch35/compressor_tiling_data.h:44:25: warning: conversion from ‘double’ to ‘float’ changes value from ‘9.9999999999999995e-7’ to ‘9.99999997e-7f’ [-Wfloat-conversion]
[2026-09-02 07:16:16]    44 |         float normEps = 1e-6;               // RMSNorm eps
[2026-09-02 07:16:16]       |                         ^~~~
[2026-09-02 07:16:16] /home/t00886357/fia_sink_a5_port_base/vllm-ascend/csrc/attention/compressor/op_host/arch35/compressor_tiling.cpp: In member function ‘ge::graphStatus optiling::CompressorTiling::SetBaseInfo()’:
[2026-09-02 07:16:16] /home/t00886357/fia_sink_a5_port_base/vllm-ascend/csrc/attention/compressor/op_host/arch35/compressor_tiling.cpp:150:36: warning: conversion from ‘double’ to ‘float’ may change value [-Wfloat-conversion]
[2026-09-02 07:16:16]   150 |     baseParams_->reciprocalD = 1.0 / baseParams_->headDim;
[2026-09-02 07:16:16]       |                                ~~~~^~~~~~~~~~~~~~~~~~~~~~
[2026-09-02 07:16:16] /home/t00886357/fia_sink_a5_port_base/vllm-ascend/csrc/attention/compressor/op_host/arch35/compressor_tiling.cpp: In member function ‘ge::graphStatus optiling::CompressorTiling::CheckEmptyTensor() const’:
[2026-09-02 07:16:16] /home/t00886357/fia_sink_a5_port_base/vllm-ascend/csrc/attention/compressor/op_host/arch35/compressor_tiling.cpp:283:52: warning: suggest parentheses around ‘&&’ within ‘||’ [-Wparentheses]
[2026-09-02 07:16:16]   283 |     if (context_->layout == LayoutType::LAYOUT_BSH &&
[2026-09-02 07:16:16]       |         ~~~~~~~~~~~~~~~~~~~~~~~~~~~~~~~~~~~~~~~~~~~^~
[2026-09-02 07:16:16]   284 |             context_->x.shape->GetStorageShape().GetDim(COMPRESSOR_DIM_INDEX_0) == 0 ||
[2026-09-02 07:16:16]       |             ~~~~~~~~~~~~~~~~~~~~~~~~~~~~~~~~~~~~~~~~~~~~~~~~~~~~~~~~~~~~~~~~~~~~~~~~
[2026-09-02 07:16:16] /home/t00886357/fia_sink_a5_port_base/vllm-ascend/csrc/attention/compressor/op_host/arch35/compressor_tiling.cpp:287:51: warning: suggest parentheses around ‘&&’ within ‘||’ [-Wparentheses]
[2026-09-02 07:16:16]   287 |         context_->layout == LayoutType::LAYOUT_TH &&
[2026-09-02 07:16:16]       |         ~~~~~~~~~~~~~~~~~~~~~~~~~~~~~~~~~~~~~~~~~~^~
[2026-09-02 07:16:16]   288 |             context_->x.shape->GetStorageShape().GetDim(COMPRESSOR_DIM_INDEX_0) == 0) {
[2026-09-02 07:16:16]       |             ~~~~~~~~~~~~~~~~~~~~~~~~~~~~~~~~~~~~~~~~~~~~~~~~~~~~~~~~~~~~~~~~~~~~~~~~
[2026-09-02 07:16:16] /home/t00886357/fia_sink_a5_port_base/vllm-ascend/csrc/attention/compressor/op_host/arch35/compressor_tiling.cpp: In member function ‘ge::graphStatus optiling::CompressorTiling::CheckDimNumInLayoutSupport(const std::string&, const gert::StorageShape*, const std::string&) const’:
[2026-09-02 07:16:16] /home/t00886357/fia_sink_a5_port_base/vllm-ascend/csrc/attention/compressor/op_host/arch35/compressor_tiling.cpp:499:43: warning: format ‘%zu’ expects argument of type ‘size_t’, but argument 8 has type ‘unsigned int’ [-Wformat=]
[2026-09-02 07:16:16]   499 |                 OP_LOGE(context_->opName, "When layout is %s, %s dimension should be %zu, but it's %zu", layout.c_str(),
[2026-09-02 07:16:16]   500 |                         name.c_str(), dimIt->second, shape->GetStorageShape().GetDimNum()),
[2026-09-02 07:16:16]       |                                       ~~~~~~~~~~~~~
[2026-09-02 07:16:16]       |                                              |
[2026-09-02 07:16:16]       |                                              unsigned int
[2026-09-02 07:16:16] /usr/local/Ascend/cann-9.1.0/x86_64-linux/include/op_common/log/log.h:1130:13: note: in definition of macro ‘OP_CHECK_IF’
[2026-09-02 07:16:16]  1130 |             log;                                 \
[2026-09-02 07:16:16]       |             ^~~
[2026-09-02 07:16:16] /home/t00886357/fia_sink_a5_port_base/vllm-ascend/csrc/attention/compressor/op_host/arch35/compressor_tiling.cpp:499:17: note: in expansion of macro ‘OP_LOGE’
[2026-09-02 07:16:16]   499 |                 OP_LOGE(context_->opName, "When layout is %s, %s dimension should be %zu, but it's %zu", layout.c_str(),
[2026-09-02 07:16:16]       |                 ^~~~~~~
[2026-09-02 07:16:16] /home/t00886357/fia_sink_a5_port_base/vllm-ascend/csrc/attention/compressor/op_host/arch35/compressor_tiling.cpp: In member function ‘ge::graphStatus optiling::CompressorTiling::CheckDimNumConsistency() const’:
[2026-09-02 07:16:16] /home/t00886357/fia_sink_a5_port_base/vllm-ascend/csrc/attention/compressor/op_host/arch35/compressor_tiling.cpp:982:43: warning: format ‘%u’ expects argument of type ‘unsigned int’, but argument 6 has type ‘long unsigned int’ [-Wformat=]
[2026-09-02 07:16:16]   982 |                 OP_LOGE(context_->opName, "ropeSin dim num should be equal to x: %u, but got %u", xDimNum,
[2026-09-02 07:16:16]       |                                                                                                   ~~~~~~~
[2026-09-02 07:16:16]       |                                                                                                   |
[2026-09-02 07:16:16]       |                                                                                                   long unsigned int
[2026-09-02 07:16:16] /usr/local/Ascend/cann-9.1.0/x86_64-linux/include/op_common/log/log.h:1130:13: note: in definition of macro ‘OP_CHECK_IF’
[2026-09-02 07:16:16]  1130 |             log;                                 \
[2026-09-02 07:16:16]       |             ^~~
[2026-09-02 07:16:16] /home/t00886357/fia_sink_a5_port_base/vllm-ascend/csrc/attention/compressor/op_host/arch35/compressor_tiling.cpp:982:17: note: in expansion of macro ‘OP_LOGE’
[2026-09-02 07:16:16]   982 |                 OP_LOGE(context_->opName, "ropeSin dim num should be equal to x: %u, but got %u", xDimNum,
[2026-09-02 07:16:16]       |                 ^~~~~~~
[2026-09-02 07:16:16] /home/t00886357/fia_sink_a5_port_base/vllm-ascend/csrc/attention/compressor/op_host/arch35/compressor_tiling.cpp:982:43: warning: format ‘%u’ expects argument of type ‘unsigned int’, but argument 7 has type ‘size_t’ {aka ‘long unsigned int’} [-Wformat=]
[2026-09-02 07:16:16]   982 |                 OP_LOGE(context_->opName, "ropeSin dim num should be equal to x: %u, but got %u", xDimNum,
[2026-09-02 07:16:16]   983 |                         context_->ropeSin.shape->GetStorageShape().GetDimNum()),
[2026-09-02 07:16:16]       |                         ~~~~~~~~~~~~~~~~~~~~~~~~~~~~~~~~~~~~~~~~~~~~~~~~~~~~~~
[2026-09-02 07:16:16]       |                                                                             |
[2026-09-02 07:16:16]       |                                                                             size_t {aka long unsigned int}
[2026-09-02 07:16:16] /usr/local/Ascend/cann-9.1.0/x86_64-linux/include/op_common/log/log.h:1130:13: note: in definition of macro ‘OP_CHECK_IF’
[2026-09-02 07:16:16]  1130 |             log;                                 \
[2026-09-02 07:16:16]       |             ^~~
[2026-09-02 07:16:16] /home/t00886357/fia_sink_a5_port_base/vllm-ascend/csrc/attention/compressor/op_host/arch35/compressor_tiling.cpp:982:17: note: in expansion of macro ‘OP_LOGE’
[2026-09-02 07:16:16]   982 |                 OP_LOGE(context_->opName, "ropeSin dim num should be equal to x: %u, but got %u", xDimNum,
[2026-09-02 07:16:16]       |                 ^~~~~~~
[2026-09-02 07:16:16] /home/t00886357/fia_sink_a5_port_base/vllm-ascend/csrc/attention/compressor/op_host/arch35/compressor_tiling.cpp:986:43: warning: format ‘%u’ expects argument of type ‘unsigned int’, but argument 6 has type ‘long unsigned int’ [-Wformat=]
[2026-09-02 07:16:16]   986 |                 OP_LOGE(context_->opName, "ropeCos dim num should be equal to x: %u, but got %u", xDimNum,
[2026-09-02 07:16:16]       |                                                                                                   ~~~~~~~
[2026-09-02 07:16:16]       |                                                                                                   |
[2026-09-02 07:16:16]       |                                                                                                   long unsigned int
[2026-09-02 07:16:16] /usr/local/Ascend/cann-9.1.0/x86_64-linux/include/op_common/log/log.h:1130:13: note: in definition of macro ‘OP_CHECK_IF’
[2026-09-02 07:16:16]  1130 |             log;                                 \
[2026-09-02 07:16:16]       |             ^~~
[2026-09-02 07:16:16] /home/t00886357/fia_sink_a5_port_base/vllm-ascend/csrc/attention/compressor/op_host/arch35/compressor_tiling.cpp:986:17: note: in expansion of macro ‘OP_LOGE’
[2026-09-02 07:16:16]   986 |                 OP_LOGE(context_->opName, "ropeCos dim num should be equal to x: %u, but got %u", xDimNum,
[2026-09-02 07:16:16]       |                 ^~~~~~~
[2026-09-02 07:16:16] /home/t00886357/fia_sink_a5_port_base/vllm-ascend/csrc/attention/compressor/op_host/arch35/compressor_tiling.cpp:986:43: warning: format ‘%u’ expects argument of type ‘unsigned int’, but argument 7 has type ‘size_t’ {aka ‘long unsigned int’} [-Wformat=]
[2026-09-02 07:16:16]   986 |                 OP_LOGE(context_->opName, "ropeCos dim num should be equal to x: %u, but got %u", xDimNum,
[2026-09-02 07:16:16]   987 |                         context_->ropeCos.shape->GetStorageShape().GetDimNum()),
[2026-09-02 07:16:16]       |                         ~~~~~~~~~~~~~~~~~~~~~~~~~~~~~~~~~~~~~~~~~~~~~~~~~~~~~~
[2026-09-02 07:16:16]       |                                                                             |
[2026-09-02 07:16:16]       |                                                                             size_t {aka long unsigned int}
[2026-09-02 07:16:16] /usr/local/Ascend/cann-9.1.0/x86_64-linux/include/op_common/log/log.h:1130:13: note: in definition of macro ‘OP_CHECK_IF’
[2026-09-02 07:16:16]  1130 |             log;                                 \
[2026-09-02 07:16:16]       |             ^~~
[2026-09-02 07:16:16] /home/t00886357/fia_sink_a5_port_base/vllm-ascend/csrc/attention/compressor/op_host/arch35/compressor_tiling.cpp:986:17: note: in expansion of macro ‘OP_LOGE’
[2026-09-02 07:16:16]   986 |                 OP_LOGE(context_->opName, "ropeCos dim num should be equal to x: %u, but got %u", xDimNum,
[2026-09-02 07:16:16]       |                 ^~~~~~~
[2026-09-02 07:16:16] /home/t00886357/fia_sink_a5_port_base/vllm-ascend/csrc/attention/compressor/op_host/arch35/compressor_tiling.cpp:990:43: warning: format ‘%u’ expects argument of type ‘unsigned int’, but argument 6 has type ‘long unsigned int’ [-Wformat=]
[2026-09-02 07:16:16]   990 |                 OP_LOGE(context_->opName, "cmpKv dim num should be equal to x: %u, but got %u", xDimNum,
[2026-09-02 07:16:16]       |                                                                                                 ~~~~~~~
[2026-09-02 07:16:16]       |                                                                                                 |
[2026-09-02 07:16:16]       |                                                                                                 long unsigned int
[2026-09-02 07:16:16] /usr/local/Ascend/cann-9.1.0/x86_64-linux/include/op_common/log/log.h:1130:13: note: in definition of macro ‘OP_CHECK_IF’
[2026-09-02 07:16:16]  1130 |             log;                                 \
[2026-09-02 07:16:16]       |             ^~~
[2026-09-02 07:16:16] /home/t00886357/fia_sink_a5_port_base/vllm-ascend/csrc/attention/compressor/op_host/arch35/compressor_tiling.cpp:990:17: note: in expansion of macro ‘OP_LOGE’
[2026-09-02 07:16:16]   990 |                 OP_LOGE(context_->opName, "cmpKv dim num should be equal to x: %u, but got %u", xDimNum,
[2026-09-02 07:16:16]       |                 ^~~~~~~
[2026-09-02 07:16:16] /home/t00886357/fia_sink_a5_port_base/vllm-ascend/csrc/attention/compressor/op_host/arch35/compressor_tiling.cpp:990:43: warning: format ‘%u’ expects argument of type ‘unsigned int’, but argument 7 has type ‘size_t’ {aka ‘long unsigned int’} [-Wformat=]
[2026-09-02 07:16:16]   990 |                 OP_LOGE(context_->opName, "cmpKv dim num should be equal to x: %u, but got %u", xDimNum,
[2026-09-02 07:16:16]   991 |                         context_->cmpKv.shape->GetStorageShape().GetDimNum()),
[2026-09-02 07:16:16]       |                         ~~~~~~~~~~~~~~~~~~~~~~~~~~~~~~~~~~~~~~~~~~~~~~~~~~~~
[2026-09-02 07:16:16]       |                                                                           |
[2026-09-02 07:16:16]       |                                                                           size_t {aka long unsigned int}
[2026-09-02 07:16:16] /usr/local/Ascend/cann-9.1.0/x86_64-linux/include/op_common/log/log.h:1130:13: note: in definition of macro ‘OP_CHECK_IF’
[2026-09-02 07:16:16]  1130 |             log;                                 \
[2026-09-02 07:16:16]       |             ^~~
[2026-09-02 07:16:16] /home/t00886357/fia_sink_a5_port_base/vllm-ascend/csrc/attention/compressor/op_host/arch35/compressor_tiling.cpp:990:17: note: in expansion of macro ‘OP_LOGE’
[2026-09-02 07:16:16]   990 |                 OP_LOGE(context_->opName, "cmpKv dim num should be equal to x: %u, but got %u", xDimNum,
[2026-09-02 07:16:16]       |                 ^~~~~~~
[2026-09-02 07:16:16] /home/t00886357/fia_sink_a5_port_base/vllm-ascend/csrc/attention/compressor/op_host/arch35/compressor_tiling.cpp: In member function ‘ge::graphStatus optiling::CompressorTiling::CheckBlockDimConstrain() const’:
[2026-09-02 07:16:16] /home/t00886357/fia_sink_a5_port_base/vllm-ascend/csrc/attention/compressor/op_host/arch35/compressor_tiling.cpp:1016:43: warning: format ‘%d’ expects argument of type ‘int’, but argument 6 has type ‘unsigned int’ [-Wformat=]
[2026-09-02 07:16:16]  1016 |                 OP_LOGE(context_->opName, "aicNum is %d, which should not be less than %d", aicNum_, minBlockNum),
[2026-09-02 07:16:16]       |                                                                                             ~~~~~~~
[2026-09-02 07:16:16]       |                                                                                             |
[2026-09-02 07:16:16]       |                                                                                             unsigned int
[2026-09-02 07:16:16] /usr/local/Ascend/cann-9.1.0/x86_64-linux/include/op_common/log/log.h:1130:13: note: in definition of macro ‘OP_CHECK_IF’
[2026-09-02 07:16:16]  1130 |             log;                                 \
[2026-09-02 07:16:16]       |             ^~~
[2026-09-02 07:16:16] /home/t00886357/fia_sink_a5_port_base/vllm-ascend/csrc/attention/compressor/op_host/arch35/compressor_tiling.cpp:1016:17: note: in expansion of macro ‘OP_LOGE’
[2026-09-02 07:16:16]  1016 |                 OP_LOGE(context_->opName, "aicNum is %d, which should not be less than %d", aicNum_, minBlockNum),
[2026-09-02 07:16:16]       |                 ^~~~~~~
[2026-09-02 07:16:16] /home/t00886357/fia_sink_a5_port_base/vllm-ascend/csrc/attention/compressor/op_host/arch35/compressor_tiling.cpp:1016:43: warning: format ‘%d’ expects argument of type ‘int’, but argument 7 has type ‘uint32_t’ {aka ‘unsigned int’} [-Wformat=]
[2026-09-02 07:16:16]  1016 |                 OP_LOGE(context_->opName, "aicNum is %d, which should not be less than %d", aicNum_, minBlockNum),
[2026-09-02 07:16:16]       |                                                                                                      ~~~~~~~~~~~
[2026-09-02 07:16:16]       |                                                                                                      |
[2026-09-02 07:16:16]       |                                                                                                      uint32_t {aka unsigned int}
[2026-09-02 07:16:16] /usr/local/Ascend/cann-9.1.0/x86_64-linux/include/op_common/log/log.h:1130:13: note: in definition of macro ‘OP_CHECK_IF’
[2026-09-02 07:16:16]  1130 |             log;                                 \
[2026-09-02 07:16:16]       |             ^~~
[2026-09-02 07:16:16] /home/t00886357/fia_sink_a5_port_base/vllm-ascend/csrc/attention/compressor/op_host/arch35/compressor_tiling.cpp:1016:17: note: in expansion of macro ‘OP_LOGE’
[2026-09-02 07:16:16]  1016 |                 OP_LOGE(context_->opName, "aicNum is %d, which should not be less than %d", aicNum_, minBlockNum),
[2026-09-02 07:16:16]       |                 ^~~~~~~
[2026-09-02 07:16:16] [50/66] Linking CXX shared library libcust_opmaster_rt2.0.so
[2026-09-02 07:16:16] [51/66] Generating compat/liboptiling.so
[2026-09-02 07:16:16] [52/66] Generating binary/ascend950/gen/fused_infer_attention_score_v2_sink_ascend950_6.done
[2026-09-02 07:16:16] [ascend950] Generating FusedInferAttentionScoreV2Sink_d85d0408456b0e088e525f5df8ea9960 ...
[2026-09-02 07:16:16] [INFO] RUNTIME(62190,python3):2026-09-02-06:56:45.693.324 [task_fail_callback_data_manager.cc:93] 62190 TaskFailCallBackManager: Constructor.
[2026-09-02 07:16:16] [INFO] RUNTIME(62190,python3):2026-09-02-06:56:45.693.337 [xpu_task_fail_callback_data_manager.cc:59] 62190 XpuTaskFailCallBackManager: XpuTaskFailCallBackManager Constructor.
[2026-09-02 07:16:16] Opc tool start working now, please wait for a moment.
[2026-09-02 07:16:16] [INFO] RUNTIME(62190,python3):2026-09-02-06:56:49.066.094 [xpu_task_fail_callback_data_manager.cc:64] 62190 ~XpuTaskFailCallBackManager: XpuTaskFailCallBackManager Destructor.
[2026-09-02 07:16:16] [INFO] RUNTIME(62190,python3):2026-09-02-06:56:49.066.113 [task_fail_callback_data_manager.cc:98] 62190 ~TaskFailCallBackManager: Destructor.
[2026-09-02 07:16:16] [INFO] ATRACE(62190,python3):2026-09-02-06:56:49.186.412 [stacktrace_signal.c:199](tid:62190) unregister all signal handlers, can not capture signal.
[2026-09-02 07:16:16] [ascend950] Generating FusedInferAttentionScoreV2Sink_d85d0408456b0e088e525f5df8ea9960 Done
[2026-09-02 07:16:16] [53/66] Generating binary/ascend950/gen/fused_infer_attention_score_v2_sink_ascend950_5.done
[2026-09-02 07:16:16] [ascend950] Generating FusedInferAttentionScoreV2Sink_3623e899e9d3a1f66ad6fe99f4cadbf5 ...
[2026-09-02 07:16:16] [INFO] RUNTIME(62207,python3):2026-09-02-06:56:45.740.669 [task_fail_callback_data_manager.cc:93] 62207 TaskFailCallBackManager: Constructor.
[2026-09-02 07:16:16] [INFO] RUNTIME(62207,python3):2026-09-02-06:56:45.740.683 [xpu_task_fail_callback_data_manager.cc:59] 62207 XpuTaskFailCallBackManager: XpuTaskFailCallBackManager Constructor.
[2026-09-02 07:16:16] Opc tool start working now, please wait for a moment.
[2026-09-02 07:16:16] [INFO] RUNTIME(62207,python3):2026-09-02-06:56:49.076.632 [xpu_task_fail_callback_data_manager.cc:64] 62207 ~XpuTaskFailCallBackManager: XpuTaskFailCallBackManager Destructor.
[2026-09-02 07:16:16] [INFO] RUNTIME(62207,python3):2026-09-02-06:56:49.076.651 [task_fail_callback_data_manager.cc:98] 62207 ~TaskFailCallBackManager: Destructor.
[2026-09-02 07:16:16] [INFO] ATRACE(62207,python3):2026-09-02-06:56:49.201.888 [stacktrace_signal.c:199](tid:62207) unregister all signal handlers, can not capture signal.
[2026-09-02 07:16:16] [ascend950] Generating FusedInferAttentionScoreV2Sink_3623e899e9d3a1f66ad6fe99f4cadbf5 Done
[2026-09-02 07:16:16] [54/66] Generating binary/ascend950/gen/fused_infer_attention_score_v2_sink_ascend950_12.done
[2026-09-02 07:16:16] [ascend950] Generating FusedInferAttentionScoreV2Sink_3af553d2e3779008f566bfbd8e20c9b1 ...
[2026-09-02 07:16:16] [INFO] RUNTIME(62187,python3):2026-09-02-06:56:45.808.222 [task_fail_callback_data_manager.cc:93] 62187 TaskFailCallBackManager: Constructor.
[2026-09-02 07:16:16] [INFO] RUNTIME(62187,python3):2026-09-02-06:56:45.808.235 [xpu_task_fail_callback_data_manager.cc:59] 62187 XpuTaskFailCallBackManager: XpuTaskFailCallBackManager Constructor.
[2026-09-02 07:16:16] Opc tool start working now, please wait for a moment.
[2026-09-02 07:16:16] [INFO] RUNTIME(62187,python3):2026-09-02-06:56:49.151.682 [xpu_task_fail_callback_data_manager.cc:64] 62187 ~XpuTaskFailCallBackManager: XpuTaskFailCallBackManager Destructor.
[2026-09-02 07:16:16] [INFO] RUNTIME(62187,python3):2026-09-02-06:56:49.151.698 [task_fail_callback_data_manager.cc:98] 62187 ~TaskFailCallBackManager: Destructor.
[2026-09-02 07:16:16] [INFO] ATRACE(62187,python3):2026-09-02-06:56:49.269.320 [stacktrace_signal.c:199](tid:62187) unregister all signal handlers, can not capture signal.
[2026-09-02 07:16:16] [ascend950] Generating FusedInferAttentionScoreV2Sink_3af553d2e3779008f566bfbd8e20c9b1 Done
[2026-09-02 07:16:16] [55/66] Generating binary/ascend950/gen/fused_infer_attention_score_v2_sink_ascend950_4.done
[2026-09-02 07:16:16] [ascend950] Generating FusedInferAttentionScoreV2Sink_e4b3528397fbaa4fd0671478823aa029 ...
[2026-09-02 07:16:16] [INFO] RUNTIME(62203,python3):2026-09-02-06:56:45.814.704 [task_fail_callback_data_manager.cc:93] 62203 TaskFailCallBackManager: Constructor.
[2026-09-02 07:16:16] [INFO] RUNTIME(62203,python3):2026-09-02-06:56:45.814.720 [xpu_task_fail_callback_data_manager.cc:59] 62203 XpuTaskFailCallBackManager: XpuTaskFailCallBackManager Constructor.
[2026-09-02 07:16:16] Opc tool start working now, please wait for a moment.
[2026-09-02 07:16:16] [INFO] RUNTIME(62203,python3):2026-09-02-06:56:49.114.831 [xpu_task_fail_callback_data_manager.cc:64] 62203 ~XpuTaskFailCallBackManager: XpuTaskFailCallBackManager Destructor.
[2026-09-02 07:16:16] [INFO] RUNTIME(62203,python3):2026-09-02-06:56:49.114.851 [task_fail_callback_data_manager.cc:98] 62203 ~TaskFailCallBackManager: Destructor.
[2026-09-02 07:16:16] [INFO] ATRACE(62203,python3):2026-09-02-06:56:49.234.488 [stacktrace_signal.c:199](tid:62203) unregister all signal handlers, can not capture signal.
[2026-09-02 07:16:16] [ascend950] Generating FusedInferAttentionScoreV2Sink_e4b3528397fbaa4fd0671478823aa029 Done
[2026-09-02 07:16:16] [56/66] Generating binary/ascend950/gen/fused_infer_attention_score_v2_sink_ascend950_10.done
[2026-09-02 07:16:16] [ascend950] Generating FusedInferAttentionScoreV2Sink_78549e07db252c9cb755753e9af14a18 ...
[2026-09-02 07:16:16] [INFO] RUNTIME(62182,python3):2026-09-02-06:56:45.782.404 [task_fail_callback_data_manager.cc:93] 62182 TaskFailCallBackManager: Constructor.
[2026-09-02 07:16:16] [INFO] RUNTIME(62182,python3):2026-09-02-06:56:45.782.418 [xpu_task_fail_callback_data_manager.cc:59] 62182 XpuTaskFailCallBackManager: XpuTaskFailCallBackManager Constructor.
[2026-09-02 07:16:16] Opc tool start working now, please wait for a moment.
[2026-09-02 07:16:16] [INFO] RUNTIME(62182,python3):2026-09-02-06:56:49.231.378 [xpu_task_fail_callback_data_manager.cc:64] 62182 ~XpuTaskFailCallBackManager: XpuTaskFailCallBackManager Destructor.
[2026-09-02 07:16:16] [INFO] RUNTIME(62182,python3):2026-09-02-06:56:49.231.395 [task_fail_callback_data_manager.cc:98] 62182 ~TaskFailCallBackManager: Destructor.
[2026-09-02 07:16:16] [INFO] ATRACE(62182,python3):2026-09-02-06:56:49.352.419 [stacktrace_signal.c:199](tid:62182) unregister all signal handlers, can not capture signal.
[2026-09-02 07:16:16] [ascend950] Generating FusedInferAttentionScoreV2Sink_78549e07db252c9cb755753e9af14a18 Done
[2026-09-02 07:16:16] [57/66] Generating binary/ascend950/gen/fused_infer_attention_score_v2_sink_ascend950_11.done
[2026-09-02 07:16:16] [ascend950] Generating FusedInferAttentionScoreV2Sink_f9bae0033134e0df2b402ea5dee83479 ...
[2026-09-02 07:16:16] [INFO] RUNTIME(62191,python3):2026-09-02-06:56:45.800.187 [task_fail_callback_data_manager.cc:93] 62191 TaskFailCallBackManager: Constructor.
[2026-09-02 07:16:16] [INFO] RUNTIME(62191,python3):2026-09-02-06:56:45.800.202 [xpu_task_fail_callback_data_manager.cc:59] 62191 XpuTaskFailCallBackManager: XpuTaskFailCallBackManager Constructor.
[2026-09-02 07:16:16] Opc tool start working now, please wait for a moment.
[2026-09-02 07:16:16] [INFO] RUNTIME(62191,python3):2026-09-02-06:56:49.228.664 [xpu_task_fail_callback_data_manager.cc:64] 62191 ~XpuTaskFailCallBackManager: XpuTaskFailCallBackManager Destructor.
[2026-09-02 07:16:16] [INFO] RUNTIME(62191,python3):2026-09-02-06:56:49.228.683 [task_fail_callback_data_manager.cc:98] 62191 ~TaskFailCallBackManager: Destructor.
[2026-09-02 07:16:16] [INFO] ATRACE(62191,python3):2026-09-02-06:56:49.354.161 [stacktrace_signal.c:199](tid:62191) unregister all signal handlers, can not capture signal.
[2026-09-02 07:16:16] [ascend950] Generating FusedInferAttentionScoreV2Sink_f9bae0033134e0df2b402ea5dee83479 Done
[2026-09-02 07:16:16] [58/66] Generating binary/ascend950/gen/fused_infer_attention_score_v2_sink_ascend950_8.done
[2026-09-02 07:16:16] [ascend950] Generating FusedInferAttentionScoreV2Sink_ac1fcefd2c5202b9568e867f7227bd18 ...
[2026-09-02 07:16:16] [INFO] RUNTIME(62195,python3):2026-09-02-06:56:45.814.919 [task_fail_callback_data_manager.cc:93] 62195 TaskFailCallBackManager: Constructor.
[2026-09-02 07:16:16] [INFO] RUNTIME(62195,python3):2026-09-02-06:56:45.814.937 [xpu_task_fail_callback_data_manager.cc:59] 62195 XpuTaskFailCallBackManager: XpuTaskFailCallBackManager Constructor.
[2026-09-02 07:16:16] Opc tool start working now, please wait for a moment.
[2026-09-02 07:16:16] [INFO] RUNTIME(62195,python3):2026-09-02-06:56:49.276.218 [xpu_task_fail_callback_data_manager.cc:64] 62195 ~XpuTaskFailCallBackManager: XpuTaskFailCallBackManager Destructor.
[2026-09-02 07:16:16] [INFO] RUNTIME(62195,python3):2026-09-02-06:56:49.276.239 [task_fail_callback_data_manager.cc:98] 62195 ~TaskFailCallBackManager: Destructor.
[2026-09-02 07:16:16] [INFO] ATRACE(62195,python3):2026-09-02-06:56:49.393.847 [stacktrace_signal.c:199](tid:62195) unregister all signal handlers, can not capture signal.
[2026-09-02 07:16:16] [ascend950] Generating FusedInferAttentionScoreV2Sink_ac1fcefd2c5202b9568e867f7227bd18 Done
[2026-09-02 07:16:16] [59/66] Generating binary/ascend950/gen/fused_infer_attention_score_v2_sink_ascend950_9.done
[2026-09-02 07:16:16] [ascend950] Generating FusedInferAttentionScoreV2Sink_9763cafe0d9b6c14d767e9cc6d2b745e ...
[2026-09-02 07:16:16] [INFO] RUNTIME(62204,python3):2026-09-02-06:56:45.801.915 [task_fail_callback_data_manager.cc:93] 62204 TaskFailCallBackManager: Constructor.
[2026-09-02 07:16:16] [INFO] RUNTIME(62204,python3):2026-09-02-06:56:45.801.930 [xpu_task_fail_callback_data_manager.cc:59] 62204 XpuTaskFailCallBackManager: XpuTaskFailCallBackManager Constructor.
[2026-09-02 07:16:16] Opc tool start working now, please wait for a moment.
[2026-09-02 07:16:16] [INFO] RUNTIME(62204,python3):2026-09-02-06:56:49.181.794 [xpu_task_fail_callback_data_manager.cc:64] 62204 ~XpuTaskFailCallBackManager: XpuTaskFailCallBackManager Destructor.
[2026-09-02 07:16:16] [INFO] RUNTIME(62204,python3):2026-09-02-06:56:49.181.814 [task_fail_callback_data_manager.cc:98] 62204 ~TaskFailCallBackManager: Destructor.
[2026-09-02 07:16:16] [INFO] ATRACE(62204,python3):2026-09-02-06:56:49.304.005 [stacktrace_signal.c:199](tid:62204) unregister all signal handlers, can not capture signal.
[2026-09-02 07:16:16] [ascend950] Generating FusedInferAttentionScoreV2Sink_9763cafe0d9b6c14d767e9cc6d2b745e Done
[2026-09-02 07:16:16] [60/66] Generating binary/ascend950/gen/fused_infer_attention_score_v2_sink_ascend950_7.done
[2026-09-02 07:16:16] [ascend950] Generating FusedInferAttentionScoreV2Sink_f94076a7655ef41b5c54277d6ebc204f ...
[2026-09-02 07:16:16] [INFO] RUNTIME(62202,python3):2026-09-02-06:56:45.812.314 [task_fail_callback_data_manager.cc:93] 62202 TaskFailCallBackManager: Constructor.
[2026-09-02 07:16:16] [INFO] RUNTIME(62202,python3):2026-09-02-06:56:45.812.328 [xpu_task_fail_callback_data_manager.cc:59] 62202 XpuTaskFailCallBackManager: XpuTaskFailCallBackManager Constructor.
[2026-09-02 07:16:16] Opc tool start working now, please wait for a moment.
[2026-09-02 07:16:16] [INFO] RUNTIME(62202,python3):2026-09-02-06:56:49.216.699 [xpu_task_fail_callback_data_manager.cc:64] 62202 ~XpuTaskFailCallBackManager: XpuTaskFailCallBackManager Destructor.
[2026-09-02 07:16:16] [INFO] RUNTIME(62202,python3):2026-09-02-06:56:49.216.715 [task_fail_callback_data_manager.cc:98] 62202 ~TaskFailCallBackManager: Destructor.
[2026-09-02 07:16:16] [INFO] ATRACE(62202,python3):2026-09-02-06:56:49.342.010 [stacktrace_signal.c:199](tid:62202) unregister all signal handlers, can not capture signal.
[2026-09-02 07:16:16] [ascend950] Generating FusedInferAttentionScoreV2Sink_f94076a7655ef41b5c54277d6ebc204f Done
[2026-09-02 07:16:16] [61/66] Generating binary/ascend950/gen/fused_infer_attention_score_v2_sink_ascend950_3.done
[2026-09-02 07:16:16] [ascend950] Generating FusedInferAttentionScoreV2Sink_f3c1a2a54ea0ebef38257460b01a81f3 ...
[2026-09-02 07:16:16] [INFO] RUNTIME(62206,python3):2026-09-02-06:56:45.817.060 [task_fail_callback_data_manager.cc:93] 62206 TaskFailCallBackManager: Constructor.
[2026-09-02 07:16:16] [INFO] RUNTIME(62206,python3):2026-09-02-06:56:45.817.075 [xpu_task_fail_callback_data_manager.cc:59] 62206 XpuTaskFailCallBackManager: XpuTaskFailCallBackManager Constructor.
[2026-09-02 07:16:16] Opc tool start working now, please wait for a moment.
[2026-09-02 07:16:16] [INFO] RUNTIME(62206,python3):2026-09-02-06:56:49.196.986 [xpu_task_fail_callback_data_manager.cc:64] 62206 ~XpuTaskFailCallBackManager: XpuTaskFailCallBackManager Destructor.
[2026-09-02 07:16:16] [INFO] RUNTIME(62206,python3):2026-09-02-06:56:49.197.007 [task_fail_callback_data_manager.cc:98] 62206 ~TaskFailCallBackManager: Destructor.
[2026-09-02 07:16:16] [INFO] ATRACE(62206,python3):2026-09-02-06:56:49.322.634 [stacktrace_signal.c:199](tid:62206) unregister all signal handlers, can not capture signal.
[2026-09-02 07:16:16] [ascend950] Generating FusedInferAttentionScoreV2Sink_f3c1a2a54ea0ebef38257460b01a81f3 Done
[2026-09-02 07:16:16] [62/66] Generating binary/ascend950/gen/fused_infer_attention_score_v2_sink_ascend950_2.done
[2026-09-02 07:16:16] [ascend950] Generating FusedInferAttentionScoreV2Sink_5a319bb1985b55f485f46cf2da6f30c5 ...
[2026-09-02 07:16:16] [INFO] RUNTIME(62200,python3):2026-09-02-06:56:45.818.392 [task_fail_callback_data_manager.cc:93] 62200 TaskFailCallBackManager: Constructor.
[2026-09-02 07:16:16] [INFO] RUNTIME(62200,python3):2026-09-02-06:56:45.818.409 [xpu_task_fail_callback_data_manager.cc:59] 62200 XpuTaskFailCallBackManager: XpuTaskFailCallBackManager Constructor.
[2026-09-02 07:16:16] Opc tool start working now, please wait for a moment.
[2026-09-02 07:16:16] [INFO] RUNTIME(62200,python3):2026-09-02-06:56:49.230.595 [xpu_task_fail_callback_data_manager.cc:64] 62200 ~XpuTaskFailCallBackManager: XpuTaskFailCallBackManager Destructor.
[2026-09-02 07:16:16] [INFO] RUNTIME(62200,python3):2026-09-02-06:56:49.230.615 [task_fail_callback_data_manager.cc:98] 62200 ~TaskFailCallBackManager: Destructor.
[2026-09-02 07:16:16] [INFO] ATRACE(62200,python3):2026-09-02-06:56:49.349.042 [stacktrace_signal.c:199](tid:62200) unregister all signal handlers, can not capture signal.
[2026-09-02 07:16:16] [ascend950] Generating FusedInferAttentionScoreV2Sink_5a319bb1985b55f485f46cf2da6f30c5 Done
[2026-09-02 07:16:16] [63/66] Generating binary/ascend950/gen/fused_infer_attention_score_v2_sink_ascend950_1.done
[2026-09-02 07:16:16] [ascend950] Generating FusedInferAttentionScoreV2Sink_cacc23924ba5ed25533f5fc5005e0673 ...
[2026-09-02 07:16:16] [INFO] RUNTIME(62189,python3):2026-09-02-06:56:45.828.678 [task_fail_callback_data_manager.cc:93] 62189 TaskFailCallBackManager: Constructor.
[2026-09-02 07:16:16] [INFO] RUNTIME(62189,python3):2026-09-02-06:56:45.828.693 [xpu_task_fail_callback_data_manager.cc:59] 62189 XpuTaskFailCallBackManager: XpuTaskFailCallBackManager Constructor.
[2026-09-02 07:16:16] Opc tool start working now, please wait for a moment.
[2026-09-02 07:16:16] [INFO] RUNTIME(62189,python3):2026-09-02-07:16:15.272.715 [xpu_task_fail_callback_data_manager.cc:64] 62189 ~XpuTaskFailCallBackManager: XpuTaskFailCallBackManager Destructor.
[2026-09-02 07:16:16] [INFO] RUNTIME(62189,python3):2026-09-02-07:16:15.272.735 [task_fail_callback_data_manager.cc:98] 62189 ~TaskFailCallBackManager: Destructor.
[2026-09-02 07:16:16] [INFO] ATRACE(62189,python3):2026-09-02-07:16:15.422.694 [stacktrace_signal.c:199](tid:62189) unregister all signal handlers, can not capture signal.
[2026-09-02 07:16:16] [ascend950] Generating FusedInferAttentionScoreV2Sink_cacc23924ba5ed25533f5fc5005e0673 Done
[2026-09-02 07:16:16] [64/66] Generating binary/ascend950/gen/fused_infer_attention_score_v2_sink_ascend950_0.done
[2026-09-02 07:16:16] [ascend950] Generating FusedInferAttentionScoreV2Sink_22fd7a23ae3f8d2befb5fcbdfbcfd219 ...
[2026-09-02 07:16:16] [INFO] RUNTIME(62169,python3):2026-09-02-06:56:45.829.896 [task_fail_callback_data_manager.cc:93] 62169 TaskFailCallBackManager: Constructor.
[2026-09-02 07:16:16] [INFO] RUNTIME(62169,python3):2026-09-02-06:56:45.829.914 [xpu_task_fail_callback_data_manager.cc:59] 62169 XpuTaskFailCallBackManager: XpuTaskFailCallBackManager Constructor.
[2026-09-02 07:16:16] Opc tool start working now, please wait for a moment.
[2026-09-02 07:16:16] [INFO] RUNTIME(62169,python3):2026-09-02-07:16:15.602.357 [xpu_task_fail_callback_data_manager.cc:64] 62169 ~XpuTaskFailCallBackManager: XpuTaskFailCallBackManager Destructor.
[2026-09-02 07:16:16] [INFO] RUNTIME(62169,python3):2026-09-02-07:16:15.602.383 [task_fail_callback_data_manager.cc:98] 62169 ~TaskFailCallBackManager: Destructor.
[2026-09-02 07:16:16] [INFO] ATRACE(62169,python3):2026-09-02-07:16:15.718.736 [stacktrace_signal.c:199](tid:62169) unregister all signal handlers, can not capture signal.
[2026-09-02 07:16:16] [ascend950] Generating FusedInferAttentionScoreV2Sink_22fd7a23ae3f8d2befb5fcbdfbcfd219 Done
[2026-09-02 07:16:16] [65/66] cd /home/t00886357/fia_sink_a5_port_base/vllm-ascend/csrc/build && /usr/local/python3.11.10/bin/python3.11 /home/t00886357/fia_sink_a5_port_base/vllm-ascend/csrc/cmake/scripts/util/ascendc_ops_config.py -p /home/t00886357/fia_sink_a5_port_base/vllm-ascend/csrc/build/binary/ascend950/bin -s ascend950
[2026-09-02 07:16:16] [65/66] Run CPack packaging tool...
[2026-09-02 07:16:16] CPack: Create package using External
[2026-09-02 07:16:16] CPack: Install projects
[2026-09-02 07:16:16] CPack: - Install project: cann_ops-transformer []
[2026-09-02 07:16:16] CPack: Create package
[2026-09-02 07:16:16] 
[2026-09-02 07:16:16] About to compress 110248 KB of data...
[2026-09-02 07:16:16] Adding files to archive named "cann-ops-transformer-custom_linux-x86_64.run"...
[2026-09-02 07:16:16] ./help.info
[2026-09-02 07:16:16] ./install.sh
[2026-09-02 07:16:16] ./packages/vendors/custom_transformer/op_api/include/aclnnop/aclnn_causal_conv1d.h
[2026-09-02 07:16:16] ./packages/vendors/custom_transformer/op_api/include/aclnnop/aclnn_chunk_fwd_o.h
[2026-09-02 07:16:16] ./packages/vendors/custom_transformer/op_api/include/aclnnop/aclnn_chunk_gated_delta_rule_fwd_h.h
[2026-09-02 07:16:16] ./packages/vendors/custom_transformer/op_api/include/aclnnop/aclnn_chunk_kda_fwd.h
[2026-09-02 07:16:16] ./packages/vendors/custom_transformer/op_api/include/aclnnop/aclnn_compressor.h
[2026-09-02 07:16:16] ./packages/vendors/custom_transformer/op_api/include/aclnnop/aclnn_compressor_metadata.h
[2026-09-02 07:16:16] ./packages/vendors/custom_transformer/op_api/include/aclnnop/aclnn_fused_infer_attention_score_v2_sink.h
[2026-09-02 07:16:16] ./packages/vendors/custom_transformer/op_api/include/aclnnop/aclnn_fused_infer_attention_score_v2_sink_metadata.h
[2026-09-02 07:16:16] ./packages/vendors/custom_transformer/op_api/include/aclnnop/aclnn_fused_infer_attention_score_v2_sink_metadata_v2.h
[2026-09-02 07:16:16] ./packages/vendors/custom_transformer/op_api/include/aclnnop/aclnn_fused_infer_attention_score_v2_sink_v2.h
[2026-09-02 07:16:16] ./packages/vendors/custom_transformer/op_api/include/aclnnop/aclnn_fused_infer_attention_score_v2_sink_v3.h
[2026-09-02 07:16:16] ./packages/vendors/custom_transformer/op_api/include/aclnnop/aclnn_hc_post.h
[2026-09-02 07:16:16] ./packages/vendors/custom_transformer/op_api/include/aclnnop/aclnn_hc_pre.h
[2026-09-02 07:16:16] ./packages/vendors/custom_transformer/op_api/include/aclnnop/aclnn_indexer_compress_epilog_v2.h
[2026-09-02 07:16:16] ./packages/vendors/custom_transformer/op_api/include/aclnnop/aclnn_inplace_partial_rotary_mul.h
[2026-09-02 07:16:16] ./packages/vendors/custom_transformer/op_api/include/aclnnop/aclnn_k2q_csr_hist.h
[2026-09-02 07:16:16] ./packages/vendors/custom_transformer/op_api/include/aclnnop/aclnn_k2q_csr_meta.h
[2026-09-02 07:16:16] ./packages/vendors/custom_transformer/op_api/include/aclnnop/aclnn_k2q_csr_row_prefix.h
[2026-09-02 07:16:16] ./packages/vendors/custom_transformer/op_api/include/aclnnop/aclnn_k2q_csr_scatter.h
[2026-09-02 07:16:16] ./packages/vendors/custom_transformer/op_api/include/aclnnop/aclnn_k2q_csr_tile_prefix.h
[2026-09-02 07:16:16] ./packages/vendors/custom_transformer/op_api/include/aclnnop/aclnn_kda_gate_cumsum.h
[2026-09-02 07:16:16] ./packages/vendors/custom_transformer/op_api/include/aclnnop/aclnn_kda_layout_swap12.h
[2026-09-02 07:16:16] ./packages/vendors/custom_transformer/op_api/include/aclnnop/aclnn_kv_compress_epilog.h
[2026-09-02 07:16:16] ./packages/vendors/custom_transformer/op_api/include/aclnnop/aclnn_kv_quant_sparse_attn_sharedkv.h
[2026-09-02 07:16:16] ./packages/vendors/custom_transformer/op_api/include/aclnnop/aclnn_kv_quant_sparse_attn_sharedkv_metadata.h
[2026-09-02 07:16:16] ./packages/vendors/custom_transformer/op_api/include/aclnnop/aclnn_moe_gating_top_k_hash.h
[2026-09-02 07:16:16] ./packages/vendors/custom_transformer/op_api/include/aclnnop/aclnn_ops_transformer_custom.h
[2026-09-02 07:16:16] ./packages/vendors/custom_transformer/op_api/include/aclnnop/aclnn_recurrent_gated_delta_rule.h
[2026-09-02 07:16:16] ./packages/vendors/custom_transformer/op_api/include/aclnnop/aclnn_recurrent_kda.h
[2026-09-02 07:16:16] ./packages/vendors/custom_transformer/op_api/include/aclnnop/aclnn_situ_mx_quant.h
[2026-09-02 07:16:16] ./packages/vendors/custom_transformer/op_api/include/aclnnop/aclnn_sparse_attention_score.h
[2026-09-02 07:16:16] ./packages/vendors/custom_transformer/op_api/include/aclnnop/aclnn_store_kv_block.h
[2026-09-02 07:16:16] ./packages/vendors/custom_transformer/op_api/include/aclnnop/aclnn_store_kv_block_metadata.h
[2026-09-02 07:16:16] ./packages/vendors/custom_transformer/op_api/include/aclnnop/aclnn_swiglu_group_quant.h
[2026-09-02 07:16:16] ./packages/vendors/custom_transformer/op_api/include/aclnnop/aclnn_vllm_quant_lightning_indexer.h
[2026-09-02 07:16:16] ./packages/vendors/custom_transformer/op_api/include/aclnnop/aclnn_vllm_quant_lightning_indexer_metadata.h
[2026-09-02 07:16:16] ./packages/vendors/custom_transformer/op_api/lib/libcust_opapi.so
[2026-09-02 07:16:16] ./packages/vendors/custom_transformer/op_impl/ai_core/tbe/config/ascend950/aic-ascend950-ops-info.json
[2026-09-02 07:16:16] ./packages/vendors/custom_transformer/op_impl/ai_core/tbe/custom_transformer_impl/ascendc/causal_conv1d/arch35/causal_conv1d_regbase.h
[2026-09-02 07:16:16] ./packages/vendors/custom_transformer/op_impl/ai_core/tbe/custom_transformer_impl/ascendc/causal_conv1d/causal_conv1d.cpp
[2026-09-02 07:16:16] ./packages/vendors/custom_transformer/op_impl/ai_core/tbe/custom_transformer_impl/ascendc/causal_conv1d/causal_conv1d.h
[2026-09-02 07:16:16] ./packages/vendors/custom_transformer/op_impl/ai_core/tbe/custom_transformer_impl/ascendc/causal_conv1d/causal_conv1d_common.h
[2026-09-02 07:16:16] ./packages/vendors/custom_transformer/op_impl/ai_core/tbe/custom_transformer_impl/ascendc/causal_conv1d/causal_conv1d_fn.h
[2026-09-02 07:16:16] ./packages/vendors/custom_transformer/op_impl/ai_core/tbe/custom_transformer_impl/ascendc/causal_conv1d/causal_conv1d_fn_tasks.h
[2026-09-02 07:16:16] ./packages/vendors/custom_transformer/op_impl/ai_core/tbe/custom_transformer_impl/ascendc/causal_conv1d/causal_conv1d_tiling_data.h
[2026-09-02 07:16:16] ./packages/vendors/custom_transformer/op_impl/ai_core/tbe/custom_transformer_impl/ascendc/causal_conv1d/causal_conv1d_tiling_key.h
[2026-09-02 07:16:16] ./packages/vendors/custom_transformer/op_impl/ai_core/tbe/custom_transformer_impl/ascendc/causal_conv1d/causal_conv1d_update.h
[2026-09-02 07:16:16] ./packages/vendors/custom_transformer/op_impl/ai_core/tbe/custom_transformer_impl/ascendc/chunk_fwd_o/chunk_fwd_o.cpp
[2026-09-02 07:16:16] ./packages/vendors/custom_transformer/op_impl/ai_core/tbe/custom_transformer_impl/ascendc/chunk_gated_delta_rule_fwd_h/arch35/epilogue/block/block_epilogue_gdn_fwdh_regbase.hpp
[2026-09-02 07:16:16] ./packages/vendors/custom_transformer/op_impl/ai_core/tbe/custom_transformer_impl/ascendc/chunk_gated_delta_rule_fwd_h/arch35/epilogue/block/block_epilogue_gdn_fwdh_update.hpp
[2026-09-02 07:16:16] ./packages/vendors/custom_transformer/op_impl/ai_core/tbe/custom_transformer_impl/ascendc/chunk_gated_delta_rule_fwd_h/arch35/epilogue/block/block_epilogue_gdn_fwdh_vnew.hpp
[2026-09-02 07:16:16] ./packages/vendors/custom_transformer/op_impl/ai_core/tbe/custom_transformer_impl/ascendc/chunk_gated_delta_rule_fwd_h/arch35/epilogue/gdn_fwd_h_epilogue_policies.hpp
[2026-09-02 07:16:16] ./packages/vendors/custom_transformer/op_impl/ai_core/tbe/custom_transformer_impl/ascendc/chunk_gated_delta_rule_fwd_h/arch35/gemm/block/block_scheduler_gdn_fwd_h.hpp
[2026-09-02 07:16:16] ./packages/vendors/custom_transformer/op_impl/ai_core/tbe/custom_transformer_impl/ascendc/chunk_gated_delta_rule_fwd_h/arch35/gemm/kernel/gdn_fwd_h_kernel.hpp
[2026-09-02 07:16:16] ./packages/vendors/custom_transformer/op_impl/ai_core/tbe/custom_transformer_impl/ascendc/chunk_gated_delta_rule_fwd_h/chunk_gated_delta_rule_fwd_h.cpp
[2026-09-02 07:16:16] ./packages/vendors/custom_transformer/op_impl/ai_core/tbe/custom_transformer_impl/ascendc/chunk_gated_delta_rule_fwd_h/chunk_gated_delta_rule_fwd_h_struct.h
[2026-09-02 07:16:16] ./packages/vendors/custom_transformer/op_impl/ai_core/tbe/custom_transformer_impl/ascendc/chunk_gated_delta_rule_fwd_h/epilogue/block/block_epilogue_gdn_fwdh_update.hpp
[2026-09-02 07:16:16] ./packages/vendors/custom_transformer/op_impl/ai_core/tbe/custom_transformer_impl/ascendc/chunk_gated_delta_rule_fwd_h/epilogue/block/block_epilogue_gdn_fwdh_vnew.hpp
[2026-09-02 07:16:16] ./packages/vendors/custom_transformer/op_impl/ai_core/tbe/custom_transformer_impl/ascendc/chunk_gated_delta_rule_fwd_h/epilogue/gdn_fwd_h_epilogue_policies.hpp
[2026-09-02 07:16:16] ./packages/vendors/custom_transformer/op_impl/ai_core/tbe/custom_transformer_impl/ascendc/chunk_gated_delta_rule_fwd_h/gemm/block/block_scheduler_gdn_fwd_h.hpp
[2026-09-02 07:16:16] ./packages/vendors/custom_transformer/op_impl/ai_core/tbe/custom_transformer_impl/ascendc/chunk_gated_delta_rule_fwd_h/gemm/kernel/gdn_fwd_h_kernel.hpp
[2026-09-02 07:16:16] ./packages/vendors/custom_transformer/op_impl/ai_core/tbe/custom_transformer_impl/ascendc/chunk_kda_fwd/arch35/chunk_kda_fwd_finalize.h
[2026-09-02 07:16:16] ./packages/vendors/custom_transformer/op_impl/ai_core/tbe/custom_transformer_impl/ascendc/chunk_kda_fwd/arch35/chunk_kda_fwd_fwd_h.h
[2026-09-02 07:16:16] ./packages/vendors/custom_transformer/op_impl/ai_core/tbe/custom_transformer_impl/ascendc/chunk_kda_fwd/arch35/chunk_kda_fwd_impl.h
[2026-09-02 07:16:16] ./packages/vendors/custom_transformer/op_impl/ai_core/tbe/custom_transformer_impl/ascendc/chunk_kda_fwd/arch35/chunk_kda_fwd_post_wu.h
[2026-09-02 07:16:16] ./packages/vendors/custom_transformer/op_impl/ai_core/tbe/custom_transformer_impl/ascendc/chunk_kda_fwd/arch35/chunk_kda_fwd_prepare.h
[2026-09-02 07:16:16] ./packages/vendors/custom_transformer/op_impl/ai_core/tbe/custom_transformer_impl/ascendc/chunk_kda_fwd/chunk_kda_fwd.cpp
[2026-09-02 07:16:16] ./packages/vendors/custom_transformer/op_impl/ai_core/tbe/custom_transformer_impl/ascendc/chunk_kda_fwd/chunk_kda_fwd_common.h
[2026-09-02 07:16:16] ./packages/vendors/custom_transformer/op_impl/ai_core/tbe/custom_transformer_impl/ascendc/chunk_kda_fwd/chunk_kda_fwd_finalize.h
[2026-09-02 07:16:16] ./packages/vendors/custom_transformer/op_impl/ai_core/tbe/custom_transformer_impl/ascendc/chunk_kda_fwd/chunk_kda_fwd_post_wu.h
[2026-09-02 07:16:16] ./packages/vendors/custom_transformer/op_impl/ai_core/tbe/custom_transformer_impl/ascendc/chunk_kda_fwd/chunk_kda_fwd_prepare.h
[2026-09-02 07:16:16] ./packages/vendors/custom_transformer/op_impl/ai_core/tbe/custom_transformer_impl/ascendc/chunk_kda_fwd/chunk_kda_fwd_varlen.h
[2026-09-02 07:16:16] ./packages/vendors/custom_transformer/op_impl/ai_core/tbe/custom_transformer_impl/ascendc/common/common.h
[2026-09-02 07:16:16] ./packages/vendors/custom_transformer/op_impl/ai_core/tbe/custom_transformer_impl/ascendc/common/common_func.h
[2026-09-02 07:16:16] ./packages/vendors/custom_transformer/op_impl/ai_core/tbe/custom_transformer_impl/ascendc/common/dropmask.h
[2026-09-02 07:16:16] ./packages/vendors/custom_transformer/op_impl/ai_core/tbe/custom_transformer_impl/ascendc/common/gm_to_l1_iterator.h
[2026-09-02 07:16:16] ./packages/vendors/custom_transformer/op_impl/ai_core/tbe/custom_transformer_impl/ascendc/common/gm_to_ub_iterator.h
[2026-09-02 07:16:16] ./packages/vendors/custom_transformer/op_impl/ai_core/tbe/custom_transformer_impl/ascendc/common/hardware.h
[2026-09-02 07:16:16] ./packages/vendors/custom_transformer/op_impl/ai_core/tbe/custom_transformer_impl/ascendc/common/iterator.h
[2026-09-02 07:16:16] ./packages/vendors/custom_transformer/op_impl/ai_core/tbe/custom_transformer_impl/ascendc/common/l0c_to_gm_iterator.h
[2026-09-02 07:16:16] ./packages/vendors/custom_transformer/op_impl/ai_core/tbe/custom_transformer_impl/ascendc/common/l0c_to_l1_iterator.h
[2026-09-02 07:16:16] ./packages/vendors/custom_transformer/op_impl/ai_core/tbe/custom_transformer_impl/ascendc/common/l0c_to_ub_iterator.h
[2026-09-02 07:16:16] ./packages/vendors/custom_transformer/op_impl/ai_core/tbe/custom_transformer_impl/ascendc/common/l1_to_bt_iterator.h
[2026-09-02 07:16:16] ./packages/vendors/custom_transformer/op_impl/ai_core/tbe/custom_transformer_impl/ascendc/common/l1_to_fb_iterator.h
[2026-09-02 07:16:16] ./packages/vendors/custom_transformer/op_impl/ai_core/tbe/custom_transformer_impl/ascendc/common/l1_to_l0_iterator.h
[2026-09-02 07:16:16] ./packages/vendors/custom_transformer/op_impl/ai_core/tbe/custom_transformer_impl/ascendc/common/l1_to_ub_iterator.h
[2026-09-02 07:16:16] ./packages/vendors/custom_transformer/op_impl/ai_core/tbe/custom_transformer_impl/ascendc/common/layout.h
[2026-09-02 07:16:16] ./packages/vendors/custom_transformer/op_impl/ai_core/tbe/custom_transformer_impl/ascendc/common/mem.h
[2026-09-02 07:16:16] ./packages/vendors/custom_transformer/op_impl/ai_core/tbe/custom_transformer_impl/ascendc/common/mma.h
[2026-09-02 07:16:16] ./packages/vendors/custom_transformer/op_impl/ai_core/tbe/custom_transformer_impl/ascendc/common/pse.h
[2026-09-02 07:16:16] ./packages/vendors/custom_transformer/op_impl/ai_core/tbe/custom_transformer_impl/ascendc/common/simd.h
[2026-09-02 07:16:16] ./packages/vendors/custom_transformer/op_impl/ai_core/tbe/custom_transformer_impl/ascendc/common/util.h
[2026-09-02 07:16:16] ./packages/vendors/custom_transformer/op_impl/ai_core/tbe/custom_transformer_impl/ascendc/compressor/arch35/compressor_block_cube.h
[2026-09-02 07:16:16] ./packages/vendors/custom_transformer/op_impl/ai_core/tbe/custom_transformer_impl/ascendc/compressor/arch35/compressor_block_cube_full_load.h
[2026-09-02 07:16:16] ./packages/vendors/custom_transformer/op_impl/ai_core/tbe/custom_transformer_impl/ascendc/compressor/arch35/compressor_block_vec.h
[2026-09-02 07:16:16] ./packages/vendors/custom_transformer/op_impl/ai_core/tbe/custom_transformer_impl/ascendc/compressor/arch35/compressor_block_vec_full_load.h
[2026-09-02 07:16:16] ./packages/vendors/custom_transformer/op_impl/ai_core/tbe/custom_transformer_impl/ascendc/compressor/arch35/compressor_comm.h
[2026-09-02 07:16:16] ./packages/vendors/custom_transformer/op_impl/ai_core/tbe/custom_transformer_impl/ascendc/compressor/arch35/compressor_kernel.h
[2026-09-02 07:16:16] ./packages/vendors/custom_transformer/op_impl/ai_core/tbe/custom_transformer_impl/ascendc/compressor/arch35/compressor_kernel_full_load.h
[2026-09-02 07:16:16] ./packages/vendors/custom_transformer/op_impl/ai_core/tbe/custom_transformer_impl/ascendc/compressor/arch35/compressor_template_tiling_key.h
[2026-09-02 07:16:16] ./packages/vendors/custom_transformer/op_impl/ai_core/tbe/custom_transformer_impl/ascendc/compressor/arch35/compressor_tiling_data.h
[2026-09-02 07:16:16] ./packages/vendors/custom_transformer/op_impl/ai_core/tbe/custom_transformer_impl/ascendc/compressor/arch35/compressor_tools.h
[2026-09-02 07:16:16] ./packages/vendors/custom_transformer/op_impl/ai_core/tbe/custom_transformer_impl/ascendc/compressor/arch35/vf/vf_add.h
[2026-09-02 07:16:16] ./packages/vendors/custom_transformer/op_impl/ai_core/tbe/custom_transformer_impl/ascendc/compressor/arch35/vf/vf_mul.h
[2026-09-02 07:16:16] ./packages/vendors/custom_transformer/op_impl/ai_core/tbe/custom_transformer_impl/ascendc/compressor/arch35/vf/vf_rms_norm.h
[2026-09-02 07:16:16] ./packages/vendors/custom_transformer/op_impl/ai_core/tbe/custom_transformer_impl/ascendc/compressor/arch35/vf/vf_rope.h
[2026-09-02 07:16:16] ./packages/vendors/custom_transformer/op_impl/ai_core/tbe/custom_transformer_impl/ascendc/compressor/arch35/vf/vf_softmax.h
[2026-09-02 07:16:16] ./packages/vendors/custom_transformer/op_impl/ai_core/tbe/custom_transformer_impl/ascendc/compressor/compressor.cpp
[2026-09-02 07:16:16] ./packages/vendors/custom_transformer/op_impl/ai_core/tbe/custom_transformer_impl/ascendc/compressor_metadata/compressor_metadata.cpp
[2026-09-02 07:16:16] ./packages/vendors/custom_transformer/op_impl/ai_core/tbe/custom_transformer_impl/ascendc/compressor_metadata/compressor_metadata.h
[2026-09-02 07:16:16] ./packages/vendors/custom_transformer/op_impl/ai_core/tbe/custom_transformer_impl/ascendc/fused_infer_attention_score_v2_sink/CopyInL1.h
[2026-09-02 07:16:16] ./packages/vendors/custom_transformer/op_impl/ai_core/tbe/custom_transformer_impl/ascendc/fused_infer_attention_score_v2_sink/FixpipeOut.h
[2026-09-02 07:16:16] ./packages/vendors/custom_transformer/op_impl/ai_core/tbe/custom_transformer_impl/ascendc/fused_infer_attention_score_v2_sink/array.h
[2026-09-02 07:16:16] ./packages/vendors/custom_transformer/op_impl/ai_core/tbe/custom_transformer_impl/ascendc/fused_infer_attention_score_v2_sink/axis.h
[2026-09-02 07:16:16] ./packages/vendors/custom_transformer/op_impl/ai_core/tbe/custom_transformer_impl/ascendc/fused_infer_attention_score_v2_sink/buffer.h
[2026-09-02 07:16:16] ./packages/vendors/custom_transformer/op_impl/ai_core/tbe/custom_transformer_impl/ascendc/fused_infer_attention_score_v2_sink/buffer_manager.h
[2026-09-02 07:16:16] ./packages/vendors/custom_transformer/op_impl/ai_core/tbe/custom_transformer_impl/ascendc/fused_infer_attention_score_v2_sink/buffer_mix_core.h
[2026-09-02 07:16:16] ./packages/vendors/custom_transformer/op_impl/ai_core/tbe/custom_transformer_impl/ascendc/fused_infer_attention_score_v2_sink/buffers_policy.h
[2026-09-02 07:16:16] ./packages/vendors/custom_transformer/op_impl/ai_core/tbe/custom_transformer_impl/ascendc/fused_infer_attention_score_v2_sink/fia_block_cube_nonquant_gqa_sink.h
[2026-09-02 07:16:16] ./packages/vendors/custom_transformer/op_impl/ai_core/tbe/custom_transformer_impl/ascendc/fused_infer_attention_score_v2_sink/fia_block_cube_nonquant_mla_sink.h
[2026-09-02 07:16:16] ./packages/vendors/custom_transformer/op_impl/ai_core/tbe/custom_transformer_impl/ascendc/fused_infer_attention_score_v2_sink/fia_block_cube_nonquant_sink.h
[2026-09-02 07:16:16] ./packages/vendors/custom_transformer/op_impl/ai_core/tbe/custom_transformer_impl/ascendc/fused_infer_attention_score_v2_sink/fia_block_vec_flashdecode_sink.h
[2026-09-02 07:16:16] ./packages/vendors/custom_transformer/op_impl/ai_core/tbe/custom_transformer_impl/ascendc/fused_infer_attention_score_v2_sink/fia_block_vec_nonquant_mla_sink.h
[2026-09-02 07:16:16] ./packages/vendors/custom_transformer/op_impl/ai_core/tbe/custom_transformer_impl/ascendc/fused_infer_attention_score_v2_sink/fia_block_vec_nonquant_sink.h
[2026-09-02 07:16:16] ./packages/vendors/custom_transformer/op_impl/ai_core/tbe/custom_transformer_impl/ascendc/fused_infer_attention_score_v2_sink/fia_kernel_nonquant_mla_sink.h
[2026-09-02 07:16:16] ./packages/vendors/custom_transformer/op_impl/ai_core/tbe/custom_transformer_impl/ascendc/fused_infer_attention_score_v2_sink/fia_kernel_nonquant_sink.h
[2026-09-02 07:16:16] ./packages/vendors/custom_transformer/op_impl/ai_core/tbe/custom_transformer_impl/ascendc/fused_infer_attention_score_v2_sink/fia_public_define.h
[2026-09-02 07:16:16] ./packages/vendors/custom_transformer/op_impl/ai_core/tbe/custom_transformer_impl/ascendc/fused_infer_attention_score_v2_sink/fused_infer_attention_score_v2_sink.cpp
[2026-09-02 07:16:16] ./packages/vendors/custom_transformer/op_impl/ai_core/tbe/custom_transformer_impl/ascendc/fused_infer_attention_score_v2_sink/fused_infer_attention_score_v2_sink_metadata.h
[2026-09-02 07:16:16] ./packages/vendors/custom_transformer/op_impl/ai_core/tbe/custom_transformer_impl/ascendc/fused_infer_attention_score_v2_sink/fused_infer_attention_score_v2_sink_tilingkey.h
[2026-09-02 07:16:16] ./packages/vendors/custom_transformer/op_impl/ai_core/tbe/custom_transformer_impl/ascendc/fused_infer_attention_score_v2_sink/kernel_common_sink.h
[2026-09-02 07:16:16] ./packages/vendors/custom_transformer/op_impl/ai_core/tbe/custom_transformer_impl/ascendc/fused_infer_attention_score_v2_sink/matmul.h
[2026-09-02 07:16:16] ./packages/vendors/custom_transformer/op_impl/ai_core/tbe/custom_transformer_impl/ascendc/fused_infer_attention_score_v2_sink/memcopy/copy_gm_to_l1.h
[2026-09-02 07:16:16] ./packages/vendors/custom_transformer/op_impl/ai_core/tbe/custom_transformer_impl/ascendc/fused_infer_attention_score_v2_sink/memcopy/copy_gm_to_ub.h
[2026-09-02 07:16:16] ./packages/vendors/custom_transformer/op_impl/ai_core/tbe/custom_transformer_impl/ascendc/fused_infer_attention_score_v2_sink/memcopy/copy_ub_to_gm.h
[2026-09-02 07:16:16] ./packages/vendors/custom_transformer/op_impl/ai_core/tbe/custom_transformer_impl/ascendc/fused_infer_attention_score_v2_sink/memcopy/fa_gm_tensor.h
[2026-09-02 07:16:16] ./packages/vendors/custom_transformer/op_impl/ai_core/tbe/custom_transformer_impl/ascendc/fused_infer_attention_score_v2_sink/memcopy/fa_l1_tensor.h
[2026-09-02 07:16:16] ./packages/vendors/custom_transformer/op_impl/ai_core/tbe/custom_transformer_impl/ascendc/fused_infer_attention_score_v2_sink/memcopy/fa_ub_tensor.h
[2026-09-02 07:16:16] ./packages/vendors/custom_transformer/op_impl/ai_core/tbe/custom_transformer_impl/ascendc/fused_infer_attention_score_v2_sink/memcopy/gm_coord.h
[2026-09-02 07:16:16] ./packages/vendors/custom_transformer/op_impl/ai_core/tbe/custom_transformer_impl/ascendc/fused_infer_attention_score_v2_sink/memcopy/gm_layout.h
[2026-09-02 07:16:16] ./packages/vendors/custom_transformer/op_impl/ai_core/tbe/custom_transformer_impl/ascendc/fused_infer_attention_score_v2_sink/memcopy/offset_calculator_v2.h
[2026-09-02 07:16:16] ./packages/vendors/custom_transformer/op_impl/ai_core/tbe/custom_transformer_impl/ascendc/fused_infer_attention_score_v2_sink/memcopy/parser.h
[2026-09-02 07:16:16] ./packages/vendors/custom_transformer/op_impl/ai_core/tbe/custom_transformer_impl/ascendc/fused_infer_attention_score_v2_sink/memory_copy.h
[2026-09-02 07:16:16] ./packages/vendors/custom_transformer/op_impl/ai_core/tbe/custom_transformer_impl/ascendc/fused_infer_attention_score_v2_sink/offset_calculator.h
[2026-09-02 07:16:16] ./packages/vendors/custom_transformer/op_impl/ai_core/tbe/custom_transformer_impl/ascendc/fused_infer_attention_score_v2_sink/vector_common.h
[2026-09-02 07:16:16] ./packages/vendors/custom_transformer/op_impl/ai_core/tbe/custom_transformer_impl/ascendc/hc_post/hc_post.cpp
[2026-09-02 07:16:16] ./packages/vendors/custom_transformer/op_impl/ai_core/tbe/custom_transformer_impl/ascendc/hc_post/hc_post_bfloat16.h
[2026-09-02 07:16:16] ./packages/vendors/custom_transformer/op_impl/ai_core/tbe/custom_transformer_impl/ascendc/hc_post/hc_post_d_split.h
[2026-09-02 07:16:16] ./packages/vendors/custom_transformer/op_impl/ai_core/tbe/custom_transformer_impl/ascendc/hc_post/hc_post_float32.h
[2026-09-02 07:16:16] ./packages/vendors/custom_transformer/op_impl/ai_core/tbe/custom_transformer_impl/ascendc/hc_pre/hc_pre.cpp
[2026-09-02 07:16:16] ./packages/vendors/custom_transformer/op_impl/ai_core/tbe/custom_transformer_impl/ascendc/hc_pre/hc_pre_base.h
[2026-09-02 07:16:16] ./packages/vendors/custom_transformer/op_impl/ai_core/tbe/custom_transformer_impl/ascendc/hc_pre/hc_pre_base_arch35.h
[2026-09-02 07:16:16] ./packages/vendors/custom_transformer/op_impl/ai_core/tbe/custom_transformer_impl/ascendc/hc_pre/hc_pre_cube_compute.h
[2026-09-02 07:16:16] ./packages/vendors/custom_transformer/op_impl/ai_core/tbe/custom_transformer_impl/ascendc/hc_pre/hc_pre_cube_compute_arch35.h
[2026-09-02 07:16:16] ./packages/vendors/custom_transformer/op_impl/ai_core/tbe/custom_transformer_impl/ascendc/hc_pre/hc_pre_m_k_split_core.h
[2026-09-02 07:16:16] ./packages/vendors/custom_transformer/op_impl/ai_core/tbe/custom_transformer_impl/ascendc/hc_pre/hc_pre_m_k_split_core_arch35.h
[2026-09-02 07:16:16] ./packages/vendors/custom_transformer/op_impl/ai_core/tbe/custom_transformer_impl/ascendc/hc_pre/hc_pre_m_split_core_arch35.h
[2026-09-02 07:16:16] ./packages/vendors/custom_transformer/op_impl/ai_core/tbe/custom_transformer_impl/ascendc/indexer_compress_epilog_v2/indexer_compress_epilog_v2.cpp
[2026-09-02 07:16:16] ./packages/vendors/custom_transformer/op_impl/ai_core/tbe/custom_transformer_impl/ascendc/indexer_compress_epilog_v2/indexer_compress_epilog_v2_base.h
[2026-09-02 07:16:16] ./packages/vendors/custom_transformer/op_impl/ai_core/tbe/custom_transformer_impl/ascendc/indexer_compress_epilog_v2/indexer_compress_epilog_v2_multi_row.h
[2026-09-02 07:16:16] ./packages/vendors/custom_transformer/op_impl/ai_core/tbe/custom_transformer_impl/ascendc/indexer_compress_epilog_v2/indexer_compress_epilog_v2_single_row.h
[2026-09-02 07:16:16] ./packages/vendors/custom_transformer/op_impl/ai_core/tbe/custom_transformer_impl/ascendc/inplace_partial_rotary_mul/apply_rotary_pos_emb_common.h
[2026-09-02 07:16:16] ./packages/vendors/custom_transformer/op_impl/ai_core/tbe/custom_transformer_impl/ascendc/inplace_partial_rotary_mul/inplace_partial_rotary_mul.cpp
[2026-09-02 07:16:16] ./packages/vendors/custom_transformer/op_impl/ai_core/tbe/custom_transformer_impl/ascendc/inplace_partial_rotary_mul/inplace_partial_rotary_mul.h
[2026-09-02 07:16:16] ./packages/vendors/custom_transformer/op_impl/ai_core/tbe/custom_transformer_impl/ascendc/inplace_partial_rotary_mul/inplace_partial_rotary_mul_common.h
[2026-09-02 07:16:16] ./packages/vendors/custom_transformer/op_impl/ai_core/tbe/custom_transformer_impl/ascendc/inplace_partial_rotary_mul/rotary_position_embedding_reg_a_and_b.h
[2026-09-02 07:16:16] ./packages/vendors/custom_transformer/op_impl/ai_core/tbe/custom_transformer_impl/ascendc/inplace_partial_rotary_mul/rotary_position_embedding_reg_a_and_b_mixed.h
[2026-09-02 07:16:16] ./packages/vendors/custom_transformer/op_impl/ai_core/tbe/custom_transformer_impl/ascendc/inplace_partial_rotary_mul/rotary_position_embedding_reg_ab.h
[2026-09-02 07:16:16] ./packages/vendors/custom_transformer/op_impl/ai_core/tbe/custom_transformer_impl/ascendc/inplace_partial_rotary_mul/rotary_position_embedding_reg_ab_mixed.h
[2026-09-02 07:16:16] ./packages/vendors/custom_transformer/op_impl/ai_core/tbe/custom_transformer_impl/ascendc/inplace_partial_rotary_mul/rotary_position_embedding_reg_aba_and_ba.h
[2026-09-02 07:16:16] ./packages/vendors/custom_transformer/op_impl/ai_core/tbe/custom_transformer_impl/ascendc/inplace_partial_rotary_mul/rotary_position_embedding_reg_aba_and_ba_mixed.h
[2026-09-02 07:16:16] ./packages/vendors/custom_transformer/op_impl/ai_core/tbe/custom_transformer_impl/ascendc/inplace_partial_rotary_mul/rotary_position_embedding_reg_bab.h
[2026-09-02 07:16:16] ./packages/vendors/custom_transformer/op_impl/ai_core/tbe/custom_transformer_impl/ascendc/inplace_partial_rotary_mul/rotary_position_embedding_reg_bab_mixed.h
[2026-09-02 07:16:16] ./packages/vendors/custom_transformer/op_impl/ai_core/tbe/custom_transformer_impl/ascendc/inplace_partial_rotary_mul/rotate_half.h
[2026-09-02 07:16:16] ./packages/vendors/custom_transformer/op_impl/ai_core/tbe/custom_transformer_impl/ascendc/inplace_partial_rotary_mul/rotate_half_base.h
[2026-09-02 07:16:16] ./packages/vendors/custom_transformer/op_impl/ai_core/tbe/custom_transformer_impl/ascendc/inplace_partial_rotary_mul/rotate_half_bf16.h
[2026-09-02 07:16:16] ./packages/vendors/custom_transformer/op_impl/ai_core/tbe/custom_transformer_impl/ascendc/inplace_partial_rotary_mul/rotate_interleaved_common.h
[2026-09-02 07:16:16] ./packages/vendors/custom_transformer/op_impl/ai_core/tbe/custom_transformer_impl/ascendc/inplace_partial_rotary_mul/rotate_interleaved_split_bs.h
[2026-09-02 07:16:16] ./packages/vendors/custom_transformer/op_impl/ai_core/tbe/custom_transformer_impl/ascendc/inplace_partial_rotary_mul/rotate_interleaved_split_bs_pad.h
[2026-09-02 07:16:16] ./packages/vendors/custom_transformer/op_impl/ai_core/tbe/custom_transformer_impl/ascendc/inplace_partial_rotary_mul/rotate_interleaved_split_bsn.h
[2026-09-02 07:16:16] ./packages/vendors/custom_transformer/op_impl/ai_core/tbe/custom_transformer_impl/ascendc/inplace_partial_rotary_mul/rotate_interleaved_split_bsn_pad.h
[2026-09-02 07:16:16] ./packages/vendors/custom_transformer/op_impl/ai_core/tbe/custom_transformer_impl/ascendc/inplace_partial_rotary_mul/rotate_interleaved_split_s.h
[2026-09-02 07:16:16] ./packages/vendors/custom_transformer/op_impl/ai_core/tbe/custom_transformer_impl/ascendc/inplace_partial_rotary_mul/rotate_interleaved_split_s_pad.h
[2026-09-02 07:16:16] ./packages/vendors/custom_transformer/op_impl/ai_core/tbe/custom_transformer_impl/ascendc/k2q_csr_hist/common/arch35/k2q_csr_simt_common_arch35.h
[2026-09-02 07:16:16] ./packages/vendors/custom_transformer/op_impl/ai_core/tbe/custom_transformer_impl/ascendc/k2q_csr_hist/common/arch35/k2q_csr_simt_hist_arch35.h
[2026-09-02 07:16:16] ./packages/vendors/custom_transformer/op_impl/ai_core/tbe/custom_transformer_impl/ascendc/k2q_csr_hist/common/arch35/k2q_csr_simt_scatter_arch35.h
[2026-09-02 07:16:16] ./packages/vendors/custom_transformer/op_impl/ai_core/tbe/custom_transformer_impl/ascendc/k2q_csr_hist/common/k2q_csr_common.h
[2026-09-02 07:16:16] ./packages/vendors/custom_transformer/op_impl/ai_core/tbe/custom_transformer_impl/ascendc/k2q_csr_hist/common/k2q_csr_mc.h
[2026-09-02 07:16:16] ./packages/vendors/custom_transformer/op_impl/ai_core/tbe/custom_transformer_impl/ascendc/k2q_csr_hist/common/k2q_csr_prefix.h
[2026-09-02 07:16:16] ./packages/vendors/custom_transformer/op_impl/ai_core/tbe/custom_transformer_impl/ascendc/k2q_csr_hist/common/k2q_csr_scratch.h
[2026-09-02 07:16:16] ./packages/vendors/custom_transformer/op_impl/ai_core/tbe/custom_transformer_impl/ascendc/k2q_csr_hist/common/k2q_csr_stage_meta.h
[2026-09-02 07:16:16] ./packages/vendors/custom_transformer/op_impl/ai_core/tbe/custom_transformer_impl/ascendc/k2q_csr_hist/common/k2q_csr_tiling.h
[2026-09-02 07:16:16] ./packages/vendors/custom_transformer/op_impl/ai_core/tbe/custom_transformer_impl/ascendc/k2q_csr_hist/k2q_csr_hist.cpp
[2026-09-02 07:16:16] ./packages/vendors/custom_transformer/op_impl/ai_core/tbe/custom_transformer_impl/ascendc/k2q_csr_hist/k2q_csr_hist_apt.cpp
[2026-09-02 07:16:16] ./packages/vendors/custom_transformer/op_impl/ai_core/tbe/custom_transformer_impl/ascendc/k2q_csr_meta/common/arch35/k2q_csr_simt_common_arch35.h
[2026-09-02 07:16:16] ./packages/vendors/custom_transformer/op_impl/ai_core/tbe/custom_transformer_impl/ascendc/k2q_csr_meta/common/arch35/k2q_csr_simt_hist_arch35.h
[2026-09-02 07:16:16] ./packages/vendors/custom_transformer/op_impl/ai_core/tbe/custom_transformer_impl/ascendc/k2q_csr_meta/common/arch35/k2q_csr_simt_scatter_arch35.h
[2026-09-02 07:16:16] ./packages/vendors/custom_transformer/op_impl/ai_core/tbe/custom_transformer_impl/ascendc/k2q_csr_meta/common/k2q_csr_common.h
[2026-09-02 07:16:16] ./packages/vendors/custom_transformer/op_impl/ai_core/tbe/custom_transformer_impl/ascendc/k2q_csr_meta/common/k2q_csr_mc.h
[2026-09-02 07:16:16] ./packages/vendors/custom_transformer/op_impl/ai_core/tbe/custom_transformer_impl/ascendc/k2q_csr_meta/common/k2q_csr_prefix.h
[2026-09-02 07:16:16] ./packages/vendors/custom_transformer/op_impl/ai_core/tbe/custom_transformer_impl/ascendc/k2q_csr_meta/common/k2q_csr_scratch.h
[2026-09-02 07:16:16] ./packages/vendors/custom_transformer/op_impl/ai_core/tbe/custom_transformer_impl/ascendc/k2q_csr_meta/common/k2q_csr_stage_meta.h
[2026-09-02 07:16:16] ./packages/vendors/custom_transformer/op_impl/ai_core/tbe/custom_transformer_impl/ascendc/k2q_csr_meta/common/k2q_csr_tiling.h
[2026-09-02 07:16:16] ./packages/vendors/custom_transformer/op_impl/ai_core/tbe/custom_transformer_impl/ascendc/k2q_csr_meta/k2q_csr_meta.cpp
[2026-09-02 07:16:16] ./packages/vendors/custom_transformer/op_impl/ai_core/tbe/custom_transformer_impl/ascendc/k2q_csr_meta/k2q_csr_meta_apt.cpp
[2026-09-02 07:16:16] ./packages/vendors/custom_transformer/op_impl/ai_core/tbe/custom_transformer_impl/ascendc/k2q_csr_row_prefix/common/arch35/k2q_csr_simt_common_arch35.h
[2026-09-02 07:16:16] ./packages/vendors/custom_transformer/op_impl/ai_core/tbe/custom_transformer_impl/ascendc/k2q_csr_row_prefix/common/arch35/k2q_csr_simt_hist_arch35.h
[2026-09-02 07:16:16] ./packages/vendors/custom_transformer/op_impl/ai_core/tbe/custom_transformer_impl/ascendc/k2q_csr_row_prefix/common/arch35/k2q_csr_simt_scatter_arch35.h
[2026-09-02 07:16:16] ./packages/vendors/custom_transformer/op_impl/ai_core/tbe/custom_transformer_impl/ascendc/k2q_csr_row_prefix/common/k2q_csr_common.h
[2026-09-02 07:16:16] ./packages/vendors/custom_transformer/op_impl/ai_core/tbe/custom_transformer_impl/ascendc/k2q_csr_row_prefix/common/k2q_csr_mc.h
[2026-09-02 07:16:16] ./packages/vendors/custom_transformer/op_impl/ai_core/tbe/custom_transformer_impl/ascendc/k2q_csr_row_prefix/common/k2q_csr_prefix.h
[2026-09-02 07:16:16] ./packages/vendors/custom_transformer/op_impl/ai_core/tbe/custom_transformer_impl/ascendc/k2q_csr_row_prefix/common/k2q_csr_scratch.h
[2026-09-02 07:16:16] ./packages/vendors/custom_transformer/op_impl/ai_core/tbe/custom_transformer_impl/ascendc/k2q_csr_row_prefix/common/k2q_csr_stage_meta.h
[2026-09-02 07:16:16] ./packages/vendors/custom_transformer/op_impl/ai_core/tbe/custom_transformer_impl/ascendc/k2q_csr_row_prefix/common/k2q_csr_tiling.h
[2026-09-02 07:16:16] ./packages/vendors/custom_transformer/op_impl/ai_core/tbe/custom_transformer_impl/ascendc/k2q_csr_row_prefix/k2q_csr_row_prefix.cpp
[2026-09-02 07:16:16] ./packages/vendors/custom_transformer/op_impl/ai_core/tbe/custom_transformer_impl/ascendc/k2q_csr_row_prefix/k2q_csr_row_prefix_apt.cpp
[2026-09-02 07:16:16] ./packages/vendors/custom_transformer/op_impl/ai_core/tbe/custom_transformer_impl/ascendc/k2q_csr_scatter/common/arch35/k2q_csr_simt_common_arch35.h
[2026-09-02 07:16:16] ./packages/vendors/custom_transformer/op_impl/ai_core/tbe/custom_transformer_impl/ascendc/k2q_csr_scatter/common/arch35/k2q_csr_simt_hist_arch35.h
[2026-09-02 07:16:16] ./packages/vendors/custom_transformer/op_impl/ai_core/tbe/custom_transformer_impl/ascendc/k2q_csr_scatter/common/arch35/k2q_csr_simt_scatter_arch35.h
[2026-09-02 07:16:16] ./packages/vendors/custom_transformer/op_impl/ai_core/tbe/custom_transformer_impl/ascendc/k2q_csr_scatter/common/k2q_csr_common.h
[2026-09-02 07:16:16] ./packages/vendors/custom_transformer/op_impl/ai_core/tbe/custom_transformer_impl/ascendc/k2q_csr_scatter/common/k2q_csr_mc.h
[2026-09-02 07:16:16] ./packages/vendors/custom_transformer/op_impl/ai_core/tbe/custom_transformer_impl/ascendc/k2q_csr_scatter/common/k2q_csr_prefix.h
[2026-09-02 07:16:16] ./packages/vendors/custom_transformer/op_impl/ai_core/tbe/custom_transformer_impl/ascendc/k2q_csr_scatter/common/k2q_csr_scratch.h
[2026-09-02 07:16:16] ./packages/vendors/custom_transformer/op_impl/ai_core/tbe/custom_transformer_impl/ascendc/k2q_csr_scatter/common/k2q_csr_stage_meta.h
[2026-09-02 07:16:16] ./packages/vendors/custom_transformer/op_impl/ai_core/tbe/custom_transformer_impl/ascendc/k2q_csr_scatter/common/k2q_csr_tiling.h
[2026-09-02 07:16:16] ./packages/vendors/custom_transformer/op_impl/ai_core/tbe/custom_transformer_impl/ascendc/k2q_csr_scatter/k2q_csr_scatter.cpp
[2026-09-02 07:16:16] ./packages/vendors/custom_transformer/op_impl/ai_core/tbe/custom_transformer_impl/ascendc/k2q_csr_scatter/k2q_csr_scatter_apt.cpp
[2026-09-02 07:16:16] ./packages/vendors/custom_transformer/op_impl/ai_core/tbe/custom_transformer_impl/ascendc/k2q_csr_tile_prefix/common/arch35/k2q_csr_simt_common_arch35.h
[2026-09-02 07:16:16] ./packages/vendors/custom_transformer/op_impl/ai_core/tbe/custom_transformer_impl/ascendc/k2q_csr_tile_prefix/common/arch35/k2q_csr_simt_hist_arch35.h
[2026-09-02 07:16:16] ./packages/vendors/custom_transformer/op_impl/ai_core/tbe/custom_transformer_impl/ascendc/k2q_csr_tile_prefix/common/arch35/k2q_csr_simt_scatter_arch35.h
[2026-09-02 07:16:16] ./packages/vendors/custom_transformer/op_impl/ai_core/tbe/custom_transformer_impl/ascendc/k2q_csr_tile_prefix/common/k2q_csr_common.h
[2026-09-02 07:16:16] ./packages/vendors/custom_transformer/op_impl/ai_core/tbe/custom_transformer_impl/ascendc/k2q_csr_tile_prefix/common/k2q_csr_mc.h
[2026-09-02 07:16:16] ./packages/vendors/custom_transformer/op_impl/ai_core/tbe/custom_transformer_impl/ascendc/k2q_csr_tile_prefix/common/k2q_csr_prefix.h
[2026-09-02 07:16:16] ./packages/vendors/custom_transformer/op_impl/ai_core/tbe/custom_transformer_impl/ascendc/k2q_csr_tile_prefix/common/k2q_csr_scratch.h
[2026-09-02 07:16:16] ./packages/vendors/custom_transformer/op_impl/ai_core/tbe/custom_transformer_impl/ascendc/k2q_csr_tile_prefix/common/k2q_csr_stage_meta.h
[2026-09-02 07:16:16] ./packages/vendors/custom_transformer/op_impl/ai_core/tbe/custom_transformer_impl/ascendc/k2q_csr_tile_prefix/common/k2q_csr_tiling.h
[2026-09-02 07:16:18] ./packages/vendors/custom_transformer/op_impl/ai_core/tbe/custom_transformer_impl/ascendc/k2q_csr_tile_prefix/k2q_csr_tile_prefix.cpp
[2026-09-02 07:16:18] ./packages/vendors/custom_transformer/op_impl/ai_core/tbe/custom_transformer_impl/ascendc/k2q_csr_tile_prefix/k2q_csr_tile_prefix_apt.cpp
[2026-09-02 07:16:18] ./packages/vendors/custom_transformer/op_impl/ai_core/tbe/custom_transformer_impl/ascendc/kda_gate_cumsum/kda_gate_cumsum.cpp
[2026-09-02 07:16:18] ./packages/vendors/custom_transformer/op_impl/ai_core/tbe/custom_transformer_impl/ascendc/kda_gate_cumsum/kda_gate_cumsum_kernel.h
[2026-09-02 07:16:18] ./packages/vendors/custom_transformer/op_impl/ai_core/tbe/custom_transformer_impl/ascendc/kda_layout_swap12/kda_layout_swap12.cpp
[2026-09-02 07:16:18] ./packages/vendors/custom_transformer/op_impl/ai_core/tbe/custom_transformer_impl/ascendc/kv_compress_epilog/kv_compress_epilog.cpp
[2026-09-02 07:16:18] ./packages/vendors/custom_transformer/op_impl/ai_core/tbe/custom_transformer_impl/ascendc/kv_compress_epilog/kv_compress_epilog.h
[2026-09-02 07:16:18] ./packages/vendors/custom_transformer/op_impl/ai_core/tbe/custom_transformer_impl/ascendc/kv_compress_epilog/kv_compress_epilog_common.h
[2026-09-02 07:16:18] ./packages/vendors/custom_transformer/op_impl/ai_core/tbe/custom_transformer_impl/ascendc/kv_quant_sparse_attn_sharedkv/arch35/common/CopyInL1.h
[2026-09-02 07:16:18] ./packages/vendors/custom_transformer/op_impl/ai_core/tbe/custom_transformer_impl/ascendc/kv_quant_sparse_attn_sharedkv/arch35/common/FixpipeOut.h
[2026-09-02 07:16:18] ./packages/vendors/custom_transformer/op_impl/ai_core/tbe/custom_transformer_impl/ascendc/kv_quant_sparse_attn_sharedkv/arch35/common/buffer.h
[2026-09-02 07:16:18] ./packages/vendors/custom_transformer/op_impl/ai_core/tbe/custom_transformer_impl/ascendc/kv_quant_sparse_attn_sharedkv/arch35/common/buffer_manager.h
[2026-09-02 07:16:18] ./packages/vendors/custom_transformer/op_impl/ai_core/tbe/custom_transformer_impl/ascendc/kv_quant_sparse_attn_sharedkv/arch35/common/buffers_policy.h
[2026-09-02 07:16:18] ./packages/vendors/custom_transformer/op_impl/ai_core/tbe/custom_transformer_impl/ascendc/kv_quant_sparse_attn_sharedkv/arch35/common/matmul.h
[2026-09-02 07:16:18] ./packages/vendors/custom_transformer/op_impl/ai_core/tbe/custom_transformer_impl/ascendc/kv_quant_sparse_attn_sharedkv/arch35/common/offset_calculator.h
[2026-09-02 07:16:18] ./packages/vendors/custom_transformer/op_impl/ai_core/tbe/custom_transformer_impl/ascendc/kv_quant_sparse_attn_sharedkv/arch35/kv_quant_sparse_attn_sharedkv_common_arch35.h
[2026-09-02 07:16:18] ./packages/vendors/custom_transformer/op_impl/ai_core/tbe/custom_transformer_impl/ascendc/kv_quant_sparse_attn_sharedkv/arch35/kv_quant_sparse_attn_sharedkv_kvcache.h
[2026-09-02 07:16:18] ./packages/vendors/custom_transformer/op_impl/ai_core/tbe/custom_transformer_impl/ascendc/kv_quant_sparse_attn_sharedkv/arch35/kv_quant_sparse_attn_sharedkv_scfa_block_cube.h
[2026-09-02 07:16:18] ./packages/vendors/custom_transformer/op_impl/ai_core/tbe/custom_transformer_impl/ascendc/kv_quant_sparse_attn_sharedkv/arch35/kv_quant_sparse_attn_sharedkv_scfa_block_vector.h
[2026-09-02 07:16:18] ./packages/vendors/custom_transformer/op_impl/ai_core/tbe/custom_transformer_impl/ascendc/kv_quant_sparse_attn_sharedkv/arch35/kv_quant_sparse_attn_sharedkv_scfa_kernel.h
[2026-09-02 07:16:18] ./packages/vendors/custom_transformer/op_impl/ai_core/tbe/custom_transformer_impl/ascendc/kv_quant_sparse_attn_sharedkv/arch35/util_regbase.h
[2026-09-02 07:16:18] ./packages/vendors/custom_transformer/op_impl/ai_core/tbe/custom_transformer_impl/ascendc/kv_quant_sparse_attn_sharedkv/arch35/vf/vf_basic_block_aligned128_no_update_scfa.h
[2026-09-02 07:16:18] ./packages/vendors/custom_transformer/op_impl/ai_core/tbe/custom_transformer_impl/ascendc/kv_quant_sparse_attn_sharedkv/arch35/vf/vf_basic_block_aligned128_update_scfa.h
[2026-09-02 07:16:18] ./packages/vendors/custom_transformer/op_impl/ai_core/tbe/custom_transformer_impl/ascendc/kv_quant_sparse_attn_sharedkv/arch35/vf/vf_basic_block_unaligned128_no_update_scfa.h
[2026-09-02 07:16:18] ./packages/vendors/custom_transformer/op_impl/ai_core/tbe/custom_transformer_impl/ascendc/kv_quant_sparse_attn_sharedkv/arch35/vf/vf_basic_block_unaligned128_update_scfa.h
[2026-09-02 07:16:18] ./packages/vendors/custom_transformer/op_impl/ai_core/tbe/custom_transformer_impl/ascendc/kv_quant_sparse_attn_sharedkv/arch35/vf/vf_basic_block_unaligned64_no_update_scfa.h
[2026-09-02 07:16:18] ./packages/vendors/custom_transformer/op_impl/ai_core/tbe/custom_transformer_impl/ascendc/kv_quant_sparse_attn_sharedkv/arch35/vf/vf_basic_block_unaligned64_update_scfa.h
[2026-09-02 07:16:18] ./packages/vendors/custom_transformer/op_impl/ai_core/tbe/custom_transformer_impl/ascendc/kv_quant_sparse_attn_sharedkv/arch35/vf/vf_basic_block_utils.h
[2026-09-02 07:16:18] ./packages/vendors/custom_transformer/op_impl/ai_core/tbe/custom_transformer_impl/ascendc/kv_quant_sparse_attn_sharedkv/arch35/vf/vf_flashupdate_new_scfa.h
[2026-09-02 07:16:18] ./packages/vendors/custom_transformer/op_impl/ai_core/tbe/custom_transformer_impl/ascendc/kv_quant_sparse_attn_sharedkv/arch35/vf/vf_mul_sel_softmaxflashv2_cast_nz_scfa.h
[2026-09-02 07:16:18] ./packages/vendors/custom_transformer/op_impl/ai_core/tbe/custom_transformer_impl/ascendc/kv_quant_sparse_attn_sharedkv/kv_quant_sparse_attn_sharedkv.cpp
[2026-09-02 07:16:18] ./packages/vendors/custom_transformer/op_impl/ai_core/tbe/custom_transformer_impl/ascendc/kv_quant_sparse_attn_sharedkv/kv_quant_sparse_attn_sharedkv_common.h
[2026-09-02 07:16:18] ./packages/vendors/custom_transformer/op_impl/ai_core/tbe/custom_transformer_impl/ascendc/kv_quant_sparse_attn_sharedkv/kv_quant_sparse_attn_sharedkv_metadata.h
[2026-09-02 07:16:18] ./packages/vendors/custom_transformer/op_impl/ai_core/tbe/custom_transformer_impl/ascendc/kv_quant_sparse_attn_sharedkv/kv_quant_sparse_attn_sharedkv_template_tiling_key.h
[2026-09-02 07:16:18] ./packages/vendors/custom_transformer/op_impl/ai_core/tbe/custom_transformer_impl/ascendc/moe_gating_top_k_hash/arch35/common.h
[2026-09-02 07:16:18] ./packages/vendors/custom_transformer/op_impl/ai_core/tbe/custom_transformer_impl/ascendc/moe_gating_top_k_hash/arch35/moe_gating_top_k_hash_regbase.h
[2026-09-02 07:16:18] ./packages/vendors/custom_transformer/op_impl/ai_core/tbe/custom_transformer_impl/ascendc/moe_gating_top_k_hash/common.h
[2026-09-02 07:16:18] ./packages/vendors/custom_transformer/op_impl/ai_core/tbe/custom_transformer_impl/ascendc/moe_gating_top_k_hash/common_regbase.h
[2026-09-02 07:16:18] ./packages/vendors/custom_transformer/op_impl/ai_core/tbe/custom_transformer_impl/ascendc/moe_gating_top_k_hash/moe_gating_top_k_hash.cpp
[2026-09-02 07:16:18] ./packages/vendors/custom_transformer/op_impl/ai_core/tbe/custom_transformer_impl/ascendc/moe_gating_top_k_hash/moe_gating_top_k_hash_e_k_fullload.h
[2026-09-02 07:16:18] ./packages/vendors/custom_transformer/op_impl/ai_core/tbe/custom_transformer_impl/ascendc/moe_gating_top_k_hash/moe_gating_top_k_hash_generalized.h
[2026-09-02 07:16:18] ./packages/vendors/custom_transformer/op_impl/ai_core/tbe/custom_transformer_impl/ascendc/moe_gating_top_k_hash/moe_gating_top_k_hash_regbase.h
[2026-09-02 07:16:18] ./packages/vendors/custom_transformer/op_impl/ai_core/tbe/custom_transformer_impl/ascendc/moe_gating_top_k_hash/moe_gating_top_k_hash_without_group.h
[2026-09-02 07:16:18] ./packages/vendors/custom_transformer/op_impl/ai_core/tbe/custom_transformer_impl/ascendc/recurrent_gated_delta_rule/arch35/recurrent_gated_delta_rule.h
[2026-09-02 07:16:18] ./packages/vendors/custom_transformer/op_impl/ai_core/tbe/custom_transformer_impl/ascendc/recurrent_gated_delta_rule/recurrent_gated_delta_rule.cpp
[2026-09-02 07:16:18] ./packages/vendors/custom_transformer/op_impl/ai_core/tbe/custom_transformer_impl/ascendc/recurrent_gated_delta_rule/recurrent_gated_delta_rule.h
[2026-09-02 07:16:18] ./packages/vendors/custom_transformer/op_impl/ai_core/tbe/custom_transformer_impl/ascendc/recurrent_gated_delta_rule/recurrent_gated_delta_rule_tiling_data.h
[2026-09-02 07:16:18] ./packages/vendors/custom_transformer/op_impl/ai_core/tbe/custom_transformer_impl/ascendc/recurrent_kda/arch35/recurrent_kda.h
[2026-09-02 07:16:18] ./packages/vendors/custom_transformer/op_impl/ai_core/tbe/custom_transformer_impl/ascendc/recurrent_kda/recurrent_kda.cpp
[2026-09-02 07:16:18] ./packages/vendors/custom_transformer/op_impl/ai_core/tbe/custom_transformer_impl/ascendc/recurrent_kda/recurrent_kda.h
[2026-09-02 07:16:18] ./packages/vendors/custom_transformer/op_impl/ai_core/tbe/custom_transformer_impl/ascendc/recurrent_kda/recurrent_kda_struct.h
[2026-09-02 07:16:18] ./packages/vendors/custom_transformer/op_impl/ai_core/tbe/custom_transformer_impl/ascendc/recurrent_kda/recurrent_kda_tiling_data.h
[2026-09-02 07:16:18] ./packages/vendors/custom_transformer/op_impl/ai_core/tbe/custom_transformer_impl/ascendc/situ_mx_quant/arch35/situ_mx_quant_axis_last.h
[2026-09-02 07:16:18] ./packages/vendors/custom_transformer/op_impl/ai_core/tbe/custom_transformer_impl/ascendc/situ_mx_quant/arch35/situ_mx_quant_common.h
[2026-09-02 07:16:18] ./packages/vendors/custom_transformer/op_impl/ai_core/tbe/custom_transformer_impl/ascendc/situ_mx_quant/arch35/situ_mx_quant_tiling_data.h
[2026-09-02 07:16:18] ./packages/vendors/custom_transformer/op_impl/ai_core/tbe/custom_transformer_impl/ascendc/situ_mx_quant/arch35/situ_mx_quant_tiling_key.h
[2026-09-02 07:16:18] ./packages/vendors/custom_transformer/op_impl/ai_core/tbe/custom_transformer_impl/ascendc/situ_mx_quant/inc/kernel_utils.h
[2026-09-02 07:16:18] ./packages/vendors/custom_transformer/op_impl/ai_core/tbe/custom_transformer_impl/ascendc/situ_mx_quant/inc/platform.h
[2026-09-02 07:16:18] ./packages/vendors/custom_transformer/op_impl/ai_core/tbe/custom_transformer_impl/ascendc/situ_mx_quant/situ_mx_quant_apt.cpp
[2026-09-02 07:16:18] ./packages/vendors/custom_transformer/op_impl/ai_core/tbe/custom_transformer_impl/ascendc/sparse_attention_score/arch35/kernel_utils.hpp
[2026-09-02 07:16:18] ./packages/vendors/custom_transformer/op_impl/ai_core/tbe/custom_transformer_impl/ascendc/sparse_attention_score/arch35/sparse_attention_score_fd_combine_arch35.h
[2026-09-02 07:16:18] ./packages/vendors/custom_transformer/op_impl/ai_core/tbe/custom_transformer_impl/ascendc/sparse_attention_score/arch35/sparse_attention_score_kernel_arch35.h
[2026-09-02 07:16:18] ./packages/vendors/custom_transformer/op_impl/ai_core/tbe/custom_transformer_impl/ascendc/sparse_attention_score/arch35/sparse_attention_score_kernel_arch35_full_quant.h
[2026-09-02 07:16:18] ./packages/vendors/custom_transformer/op_impl/ai_core/tbe/custom_transformer_impl/ascendc/sparse_attention_score/attn_infra/arch/arch.hpp
[2026-09-02 07:16:18] ./packages/vendors/custom_transformer/op_impl/ai_core/tbe/custom_transformer_impl/ascendc/sparse_attention_score/attn_infra/arch/cross_core_sync.hpp
[2026-09-02 07:16:18] ./packages/vendors/custom_transformer/op_impl/ai_core/tbe/custom_transformer_impl/ascendc/sparse_attention_score/attn_infra/arch/local_tensor_buffer.hpp
[2026-09-02 07:16:18] ./packages/vendors/custom_transformer/op_impl/ai_core/tbe/custom_transformer_impl/ascendc/sparse_attention_score/attn_infra/arch/resource.hpp
[2026-09-02 07:16:18] ./packages/vendors/custom_transformer/op_impl/ai_core/tbe/custom_transformer_impl/ascendc/sparse_attention_score/attn_infra/base_defs.hpp
[2026-09-02 07:16:18] ./packages/vendors/custom_transformer/op_impl/ai_core/tbe/custom_transformer_impl/ascendc/sparse_attention_score/attn_infra/coord.hpp
[2026-09-02 07:16:18] ./packages/vendors/custom_transformer/op_impl/ai_core/tbe/custom_transformer_impl/ascendc/sparse_attention_score/attn_infra/detail/alignment.hpp
[2026-09-02 07:16:18] ./packages/vendors/custom_transformer/op_impl/ai_core/tbe/custom_transformer_impl/ascendc/sparse_attention_score/attn_infra/detail/dependent_false.hpp
[2026-09-02 07:16:18] ./packages/vendors/custom_transformer/op_impl/ai_core/tbe/custom_transformer_impl/ascendc/sparse_attention_score/attn_infra/detail/macros.hpp
[2026-09-02 07:16:18] ./packages/vendors/custom_transformer/op_impl/ai_core/tbe/custom_transformer_impl/ascendc/sparse_attention_score/attn_infra/detail/tag_to_layout.hpp
[2026-09-02 07:16:18] ./packages/vendors/custom_transformer/op_impl/ai_core/tbe/custom_transformer_impl/ascendc/sparse_attention_score/attn_infra/epilogue/block/block_epilogue.hpp
[2026-09-02 07:16:18] ./packages/vendors/custom_transformer/op_impl/ai_core/tbe/custom_transformer_impl/ascendc/sparse_attention_score/attn_infra/epilogue/block/block_epilogue_mask2idx_arch35.hpp
[2026-09-02 07:16:18] ./packages/vendors/custom_transformer/op_impl/ai_core/tbe/custom_transformer_impl/ascendc/sparse_attention_score/attn_infra/epilogue/block/block_epilogue_online_softmax.hpp
[2026-09-02 07:16:18] ./packages/vendors/custom_transformer/op_impl/ai_core/tbe/custom_transformer_impl/ascendc/sparse_attention_score/attn_infra/epilogue/block/block_epilogue_online_softmax_arch35_reg_low_prec.hpp
[2026-09-02 07:16:18] ./packages/vendors/custom_transformer/op_impl/ai_core/tbe/custom_transformer_impl/ascendc/sparse_attention_score/attn_infra/epilogue/block/block_epilogue_online_softmax_arch35_reg_low_prec_bf16.hpp
[2026-09-02 07:16:18] ./packages/vendors/custom_transformer/op_impl/ai_core/tbe/custom_transformer_impl/ascendc/sparse_attention_score/attn_infra/epilogue/block/block_epilogue_online_softmax_low_prec.hpp
[2026-09-02 07:16:18] ./packages/vendors/custom_transformer/op_impl/ai_core/tbe/custom_transformer_impl/ascendc/sparse_attention_score/attn_infra/epilogue/block/block_epilogue_rescale_o.hpp
[2026-09-02 07:16:18] ./packages/vendors/custom_transformer/op_impl/ai_core/tbe/custom_transformer_impl/ascendc/sparse_attention_score/attn_infra/epilogue/block/block_epilogue_rescale_o_arch35_reg_high_prec.hpp
[2026-09-02 07:16:18] ./packages/vendors/custom_transformer/op_impl/ai_core/tbe/custom_transformer_impl/ascendc/sparse_attention_score/attn_infra/epilogue/block/block_epilogue_rescale_o_low_prec.hpp
[2026-09-02 07:16:18] ./packages/vendors/custom_transformer/op_impl/ai_core/tbe/custom_transformer_impl/ascendc/sparse_attention_score/attn_infra/epilogue/dispatch_policy.hpp
[2026-09-02 07:16:18] ./packages/vendors/custom_transformer/op_impl/ai_core/tbe/custom_transformer_impl/ascendc/sparse_attention_score/attn_infra/epilogue/tile_common/copy_gm_to_ub.hpp
[2026-09-02 07:16:18] ./packages/vendors/custom_transformer/op_impl/ai_core/tbe/custom_transformer_impl/ascendc/sparse_attention_score/attn_infra/epilogue/tile_common/copy_gm_to_ub_tla.hpp
[2026-09-02 07:16:18] ./packages/vendors/custom_transformer/op_impl/ai_core/tbe/custom_transformer_impl/ascendc/sparse_attention_score/attn_infra/epilogue/tile_common/copy_ub_to_gm.hpp
[2026-09-02 07:16:18] ./packages/vendors/custom_transformer/op_impl/ai_core/tbe/custom_transformer_impl/ascendc/sparse_attention_score/attn_infra/epilogue/tile_common/copy_ub_to_gm_tla.hpp
[2026-09-02 07:16:18] ./packages/vendors/custom_transformer/op_impl/ai_core/tbe/custom_transformer_impl/ascendc/sparse_attention_score/attn_infra/epilogue/tile_common/tile_copy.hpp
[2026-09-02 07:16:18] ./packages/vendors/custom_transformer/op_impl/ai_core/tbe/custom_transformer_impl/ascendc/sparse_attention_score/attn_infra/gemm/block/block_mmad.hpp
[2026-09-02 07:16:18] ./packages/vendors/custom_transformer/op_impl/ai_core/tbe/custom_transformer_impl/ascendc/sparse_attention_score/attn_infra/gemm/block/block_mmad_pv.hpp
[2026-09-02 07:16:18] ./packages/vendors/custom_transformer/op_impl/ai_core/tbe/custom_transformer_impl/ascendc/sparse_attention_score/attn_infra/gemm/block/block_mmad_pv_arch35_ABf16_C_to_UB.hpp
[2026-09-02 07:16:18] ./packages/vendors/custom_transformer/op_impl/ai_core/tbe/custom_transformer_impl/ascendc/sparse_attention_score/attn_infra/gemm/block/block_mmad_qk.hpp
[2026-09-02 07:16:18] ./packages/vendors/custom_transformer/op_impl/ai_core/tbe/custom_transformer_impl/ascendc/sparse_attention_score/attn_infra/gemm/block/block_mmad_qk_arch35_ABf16_C_to_UB.hpp
[2026-09-02 07:16:18] ./packages/vendors/custom_transformer/op_impl/ai_core/tbe/custom_transformer_impl/ascendc/sparse_attention_score/attn_infra/gemm/dispatch_policy.hpp
[2026-09-02 07:16:18] ./packages/vendors/custom_transformer/op_impl/ai_core/tbe/custom_transformer_impl/ascendc/sparse_attention_score/attn_infra/gemm/gemm_type.hpp
[2026-09-02 07:16:18] ./packages/vendors/custom_transformer/op_impl/ai_core/tbe/custom_transformer_impl/ascendc/sparse_attention_score/attn_infra/gemm/helper.hpp
[2026-09-02 07:16:18] ./packages/vendors/custom_transformer/op_impl/ai_core/tbe/custom_transformer_impl/ascendc/sparse_attention_score/attn_infra/gemm/tile_common/copy_gm_to_l1_a2.hpp
[2026-09-02 07:16:18] ./packages/vendors/custom_transformer/op_impl/ai_core/tbe/custom_transformer_impl/ascendc/sparse_attention_score/attn_infra/gemm/tile_common/copy_gm_to_l1_a5.hpp
[2026-09-02 07:16:18] ./packages/vendors/custom_transformer/op_impl/ai_core/tbe/custom_transformer_impl/ascendc/sparse_attention_score/attn_infra/gemm/tile_common/copy_gm_to_ub.hpp
[2026-09-02 07:16:18] ./packages/vendors/custom_transformer/op_impl/ai_core/tbe/custom_transformer_impl/ascendc/sparse_attention_score/attn_infra/gemm/tile_common/copy_l0c_to_dst.hpp
[2026-09-02 07:16:18] ./packages/vendors/custom_transformer/op_impl/ai_core/tbe/custom_transformer_impl/ascendc/sparse_attention_score/attn_infra/gemm/tile_common/copy_l0c_to_gm_a2.hpp
[2026-09-02 07:16:18] ./packages/vendors/custom_transformer/op_impl/ai_core/tbe/custom_transformer_impl/ascendc/sparse_attention_score/attn_infra/gemm/tile_common/copy_l0c_to_ub_a5.hpp
[2026-09-02 07:16:18] ./packages/vendors/custom_transformer/op_impl/ai_core/tbe/custom_transformer_impl/ascendc/sparse_attention_score/attn_infra/gemm/tile_common/copy_l1_to_bt.hpp
[2026-09-02 07:16:18] ./packages/vendors/custom_transformer/op_impl/ai_core/tbe/custom_transformer_impl/ascendc/sparse_attention_score/attn_infra/gemm/tile_common/copy_l1_to_l0a_a2.hpp
[2026-09-02 07:16:18] ./packages/vendors/custom_transformer/op_impl/ai_core/tbe/custom_transformer_impl/ascendc/sparse_attention_score/attn_infra/gemm/tile_common/copy_l1_to_l0a_a5.hpp
[2026-09-02 07:16:18] ./packages/vendors/custom_transformer/op_impl/ai_core/tbe/custom_transformer_impl/ascendc/sparse_attention_score/attn_infra/gemm/tile_common/copy_l1_to_l0b_a2.hpp
[2026-09-02 07:16:18] ./packages/vendors/custom_transformer/op_impl/ai_core/tbe/custom_transformer_impl/ascendc/sparse_attention_score/attn_infra/gemm/tile_common/copy_l1_to_l0b_a5.hpp
[2026-09-02 07:16:18] ./packages/vendors/custom_transformer/op_impl/ai_core/tbe/custom_transformer_impl/ascendc/sparse_attention_score/attn_infra/gemm/tile_common/copy_ub_to_gm.hpp
[2026-09-02 07:16:18] ./packages/vendors/custom_transformer/op_impl/ai_core/tbe/custom_transformer_impl/ascendc/sparse_attention_score/attn_infra/gemm/tile_common/tile_copy.hpp
[2026-09-02 07:16:18] ./packages/vendors/custom_transformer/op_impl/ai_core/tbe/custom_transformer_impl/ascendc/sparse_attention_score/attn_infra/gemm/tile_common/tile_copy_tla.hpp
[2026-09-02 07:16:18] ./packages/vendors/custom_transformer/op_impl/ai_core/tbe/custom_transformer_impl/ascendc/sparse_attention_score/attn_infra/gemm/tile_common/tile_mmad.hpp
[2026-09-02 07:16:18] ./packages/vendors/custom_transformer/op_impl/ai_core/tbe/custom_transformer_impl/ascendc/sparse_attention_score/attn_infra/gemm_coord.hpp
[2026-09-02 07:16:18] ./packages/vendors/custom_transformer/op_impl/ai_core/tbe/custom_transformer_impl/ascendc/sparse_attention_score/attn_infra/layout/layout.hpp
[2026-09-02 07:16:18] ./packages/vendors/custom_transformer/op_impl/ai_core/tbe/custom_transformer_impl/ascendc/sparse_attention_score/attn_infra/layout/matrix.hpp
[2026-09-02 07:16:18] ./packages/vendors/custom_transformer/op_impl/ai_core/tbe/custom_transformer_impl/ascendc/sparse_attention_score/attn_infra/layout/vector.hpp
[2026-09-02 07:16:18] ./packages/vendors/custom_transformer/op_impl/ai_core/tbe/custom_transformer_impl/ascendc/sparse_attention_score/attn_infra/matrix_coord.hpp
[2026-09-02 07:16:18] ./packages/vendors/custom_transformer/op_impl/ai_core/tbe/custom_transformer_impl/ascendc/sparse_attention_score/attn_infra/status.hpp
[2026-09-02 07:16:18] ./packages/vendors/custom_transformer/op_impl/ai_core/tbe/custom_transformer_impl/ascendc/sparse_attention_score/kernel_common.hpp
[2026-09-02 07:16:18] ./packages/vendors/custom_transformer/op_impl/ai_core/tbe/custom_transformer_impl/ascendc/sparse_attention_score/sparse_attention_score.cpp
[2026-09-02 07:16:18] ./packages/vendors/custom_transformer/op_impl/ai_core/tbe/custom_transformer_impl/ascendc/sparse_attention_score/sparse_attention_score_kernel_interface.cpp
[2026-09-02 07:16:18] ./packages/vendors/custom_transformer/op_impl/ai_core/tbe/custom_transformer_impl/ascendc/sparse_attention_score/sparse_attention_score_tilingkey.h
[2026-09-02 07:16:18] ./packages/vendors/custom_transformer/op_impl/ai_core/tbe/custom_transformer_impl/ascendc/sparse_attention_score/tla/int_tuple.hpp
[2026-09-02 07:16:18] ./packages/vendors/custom_transformer/op_impl/ai_core/tbe/custom_transformer_impl/ascendc/sparse_attention_score/tla/layout.hpp
[2026-09-02 07:16:18] ./packages/vendors/custom_transformer/op_impl/ai_core/tbe/custom_transformer_impl/ascendc/sparse_attention_score/tla/numeric/integer_sequence.hpp
[2026-09-02 07:16:18] ./packages/vendors/custom_transformer/op_impl/ai_core/tbe/custom_transformer_impl/ascendc/sparse_attention_score/tla/numeric/integral_constant.hpp
[2026-09-02 07:16:18] ./packages/vendors/custom_transformer/op_impl/ai_core/tbe/custom_transformer_impl/ascendc/sparse_attention_score/tla/numeric/math.hpp
[2026-09-02 07:16:18] ./packages/vendors/custom_transformer/op_impl/ai_core/tbe/custom_transformer_impl/ascendc/sparse_attention_score/tla/tensor.hpp
[2026-09-02 07:16:18] ./packages/vendors/custom_transformer/op_impl/ai_core/tbe/custom_transformer_impl/ascendc/sparse_attention_score/tla/tuple.hpp
[2026-09-02 07:16:18] ./packages/vendors/custom_transformer/op_impl/ai_core/tbe/custom_transformer_impl/ascendc/sparse_attention_score/tla/type_traits.hpp
[2026-09-02 07:16:18] ./packages/vendors/custom_transformer/op_impl/ai_core/tbe/custom_transformer_impl/ascendc/store_kv_block/store_kv_block.cpp
[2026-09-02 07:16:18] ./packages/vendors/custom_transformer/op_impl/ai_core/tbe/custom_transformer_impl/ascendc/store_kv_block/store_kv_block.h
[2026-09-02 07:16:18] ./packages/vendors/custom_transformer/op_impl/ai_core/tbe/custom_transformer_impl/ascendc/swiglu_group_quant/swiglu_fp8_quant_per_token.h
[2026-09-02 07:16:18] ./packages/vendors/custom_transformer/op_impl/ai_core/tbe/custom_transformer_impl/ascendc/swiglu_group_quant/swiglu_group_quant.cpp
[2026-09-02 07:16:18] ./packages/vendors/custom_transformer/op_impl/ai_core/tbe/custom_transformer_impl/ascendc/swiglu_group_quant/swiglu_group_quant_base.h
[2026-09-02 07:16:18] ./packages/vendors/custom_transformer/op_impl/ai_core/tbe/custom_transformer_impl/ascendc/swiglu_group_quant/swiglu_group_quant_perf.h
[2026-09-02 07:16:18] ./packages/vendors/custom_transformer/op_impl/ai_core/tbe/custom_transformer_impl/ascendc/swiglu_group_quant/swiglu_mx_quant_perf.h
[2026-09-02 07:16:18] ./packages/vendors/custom_transformer/op_impl/ai_core/tbe/custom_transformer_impl/ascendc/vllm_quant_lightning_indexer/arch35/quant_lightning_indexer_common.h
[2026-09-02 07:16:18] ./packages/vendors/custom_transformer/op_impl/ai_core/tbe/custom_transformer_impl/ascendc/vllm_quant_lightning_indexer/arch35/quant_lightning_indexer_kernel.h
[2026-09-02 07:16:18] ./packages/vendors/custom_transformer/op_impl/ai_core/tbe/custom_transformer_impl/ascendc/vllm_quant_lightning_indexer/arch35/quant_lightning_indexer_service_cube.h
[2026-09-02 07:16:18] ./packages/vendors/custom_transformer/op_impl/ai_core/tbe/custom_transformer_impl/ascendc/vllm_quant_lightning_indexer/arch35/quant_lightning_indexer_service_vector.h
[2026-09-02 07:16:18] ./packages/vendors/custom_transformer/op_impl/ai_core/tbe/custom_transformer_impl/ascendc/vllm_quant_lightning_indexer/arch35/vf/quant_lightning_indexer_topk.h
[2026-09-02 07:16:18] ./packages/vendors/custom_transformer/op_impl/ai_core/tbe/custom_transformer_impl/ascendc/vllm_quant_lightning_indexer/arch35/vf/quant_lightning_indexer_vector1.h
[2026-09-02 07:16:18] ./packages/vendors/custom_transformer/op_impl/ai_core/tbe/custom_transformer_impl/ascendc/vllm_quant_lightning_indexer/arch35/vf/vf_topk.h
[2026-09-02 07:16:18] ./packages/vendors/custom_transformer/op_impl/ai_core/tbe/custom_transformer_impl/ascendc/vllm_quant_lightning_indexer/arch35/vf/vf_topk_16_gather.h
[2026-09-02 07:16:18] ./packages/vendors/custom_transformer/op_impl/ai_core/tbe/custom_transformer_impl/ascendc/vllm_quant_lightning_indexer/vllm_quant_lightning_indexer.cpp
[2026-09-02 07:16:18] ./packages/vendors/custom_transformer/op_impl/ai_core/tbe/custom_transformer_impl/ascendc/vllm_quant_lightning_indexer/vllm_quant_lightning_indexer_metadata.h
[2026-09-02 07:16:18] ./packages/vendors/custom_transformer/op_impl/ai_core/tbe/custom_transformer_impl/ascendc/vllm_quant_lightning_indexer/vllm_quant_lightning_indexer_template_tiling_key.h
[2026-09-02 07:16:18] ./packages/vendors/custom_transformer/op_impl/ai_core/tbe/custom_transformer_impl/dynamic/causal_conv1d.py
[2026-09-02 07:16:18] ./packages/vendors/custom_transformer/op_impl/ai_core/tbe/custom_transformer_impl/dynamic/chunk_fwd_o.py
[2026-09-02 07:16:18] ./packages/vendors/custom_transformer/op_impl/ai_core/tbe/custom_transformer_impl/dynamic/chunk_gated_delta_rule_fwd_h.py
[2026-09-02 07:16:18] ./packages/vendors/custom_transformer/op_impl/ai_core/tbe/custom_transformer_impl/dynamic/chunk_kda_fwd.py
[2026-09-02 07:16:18] ./packages/vendors/custom_transformer/op_impl/ai_core/tbe/custom_transformer_impl/dynamic/compressor.py
[2026-09-02 07:16:18] ./packages/vendors/custom_transformer/op_impl/ai_core/tbe/custom_transformer_impl/dynamic/compressor_metadata.py
[2026-09-02 07:16:18] ./packages/vendors/custom_transformer/op_impl/ai_core/tbe/custom_transformer_impl/dynamic/fused_infer_attention_score_v2_sink.py
[2026-09-02 07:16:18] ./packages/vendors/custom_transformer/op_impl/ai_core/tbe/custom_transformer_impl/dynamic/hc_post.py
[2026-09-02 07:16:18] ./packages/vendors/custom_transformer/op_impl/ai_core/tbe/custom_transformer_impl/dynamic/hc_pre.py
[2026-09-02 07:16:18] ./packages/vendors/custom_transformer/op_impl/ai_core/tbe/custom_transformer_impl/dynamic/indexer_compress_epilog_v2.py
[2026-09-02 07:16:18] ./packages/vendors/custom_transformer/op_impl/ai_core/tbe/custom_transformer_impl/dynamic/inplace_partial_rotary_mul.py
[2026-09-02 07:16:18] ./packages/vendors/custom_transformer/op_impl/ai_core/tbe/custom_transformer_impl/dynamic/k2q_csr_hist.py
[2026-09-02 07:16:18] ./packages/vendors/custom_transformer/op_impl/ai_core/tbe/custom_transformer_impl/dynamic/k2q_csr_hist_apt.py
[2026-09-02 07:16:18] ./packages/vendors/custom_transformer/op_impl/ai_core/tbe/custom_transformer_impl/dynamic/k2q_csr_meta.py
[2026-09-02 07:16:18] ./packages/vendors/custom_transformer/op_impl/ai_core/tbe/custom_transformer_impl/dynamic/k2q_csr_meta_apt.py
[2026-09-02 07:16:18] ./packages/vendors/custom_transformer/op_impl/ai_core/tbe/custom_transformer_impl/dynamic/k2q_csr_row_prefix.py
[2026-09-02 07:16:18] ./packages/vendors/custom_transformer/op_impl/ai_core/tbe/custom_transformer_impl/dynamic/k2q_csr_row_prefix_apt.py
[2026-09-02 07:16:18] ./packages/vendors/custom_transformer/op_impl/ai_core/tbe/custom_transformer_impl/dynamic/k2q_csr_scatter.py
[2026-09-02 07:16:18] ./packages/vendors/custom_transformer/op_impl/ai_core/tbe/custom_transformer_impl/dynamic/k2q_csr_scatter_apt.py
[2026-09-02 07:16:18] ./packages/vendors/custom_transformer/op_impl/ai_core/tbe/custom_transformer_impl/dynamic/k2q_csr_tile_prefix.py
[2026-09-02 07:16:18] ./packages/vendors/custom_transformer/op_impl/ai_core/tbe/custom_transformer_impl/dynamic/k2q_csr_tile_prefix_apt.py
[2026-09-02 07:16:18] ./packages/vendors/custom_transformer/op_impl/ai_core/tbe/custom_transformer_impl/dynamic/kda_gate_cumsum.py
[2026-09-02 07:16:18] ./packages/vendors/custom_transformer/op_impl/ai_core/tbe/custom_transformer_impl/dynamic/kda_layout_swap12.py
[2026-09-02 07:16:18] ./packages/vendors/custom_transformer/op_impl/ai_core/tbe/custom_transformer_impl/dynamic/kv_compress_epilog.py
[2026-09-02 07:16:18] ./packages/vendors/custom_transformer/op_impl/ai_core/tbe/custom_transformer_impl/dynamic/kv_quant_sparse_attn_sharedkv.py
[2026-09-02 07:16:18] ./packages/vendors/custom_transformer/op_impl/ai_core/tbe/custom_transformer_impl/dynamic/moe_gating_top_k_hash.py
[2026-09-02 07:16:18] ./packages/vendors/custom_transformer/op_impl/ai_core/tbe/custom_transformer_impl/dynamic/recurrent_gated_delta_rule.py
[2026-09-02 07:16:18] ./packages/vendors/custom_transformer/op_impl/ai_core/tbe/custom_transformer_impl/dynamic/recurrent_kda.py
[2026-09-02 07:16:18] ./packages/vendors/custom_transformer/op_impl/ai_core/tbe/custom_transformer_impl/dynamic/situ_mx_quant_apt.py
[2026-09-02 07:16:18] ./packages/vendors/custom_transformer/op_impl/ai_core/tbe/custom_transformer_impl/dynamic/sparse_attention_score.py
[2026-09-02 07:16:18] ./packages/vendors/custom_transformer/op_impl/ai_core/tbe/custom_transformer_impl/dynamic/store_kv_block.py
[2026-09-02 07:16:18] ./packages/vendors/custom_transformer/op_impl/ai_core/tbe/custom_transformer_impl/dynamic/swiglu_group_quant.py
[2026-09-02 07:16:18] ./packages/vendors/custom_transformer/op_impl/ai_core/tbe/custom_transformer_impl/dynamic/vllm_quant_lightning_indexer.py
[2026-09-02 07:16:18] ./packages/vendors/custom_transformer/op_impl/ai_core/tbe/kernel/ascend950/causal_conv1d/CausalConv1d_15db1c32d9e3fdd2cc8be564dbc309f8.json
[2026-09-02 07:16:18] ./packages/vendors/custom_transformer/op_impl/ai_core/tbe/kernel/ascend950/causal_conv1d/CausalConv1d_15db1c32d9e3fdd2cc8be564dbc309f8.o
[2026-09-02 07:16:18] ./packages/vendors/custom_transformer/op_impl/ai_core/tbe/kernel/ascend950/causal_conv1d/CausalConv1d_a7280564d3ba44fea98d5ca869636992.json
[2026-09-02 07:16:18] ./packages/vendors/custom_transformer/op_impl/ai_core/tbe/kernel/ascend950/causal_conv1d/CausalConv1d_a7280564d3ba44fea98d5ca869636992.o
[2026-09-02 07:16:18] ./packages/vendors/custom_transformer/op_impl/ai_core/tbe/kernel/ascend950/chunk_fwd_o/ChunkFwdO_468be93dec9481966e0177cfd499986d.json
[2026-09-02 07:16:18] ./packages/vendors/custom_transformer/op_impl/ai_core/tbe/kernel/ascend950/chunk_fwd_o/ChunkFwdO_468be93dec9481966e0177cfd499986d.o
[2026-09-02 07:16:18] ./packages/vendors/custom_transformer/op_impl/ai_core/tbe/kernel/ascend950/chunk_fwd_o/ChunkFwdO_707498c78530a537f88ab9f335b99816.json
[2026-09-02 07:16:18] ./packages/vendors/custom_transformer/op_impl/ai_core/tbe/kernel/ascend950/chunk_fwd_o/ChunkFwdO_707498c78530a537f88ab9f335b99816.o
[2026-09-02 07:16:18] ./packages/vendors/custom_transformer/op_impl/ai_core/tbe/kernel/ascend950/chunk_fwd_o/ChunkFwdO_a2e54254f74a60f6f1ddea6fa0e1bf0e.json
[2026-09-02 07:16:18] ./packages/vendors/custom_transformer/op_impl/ai_core/tbe/kernel/ascend950/chunk_fwd_o/ChunkFwdO_a2e54254f74a60f6f1ddea6fa0e1bf0e.o
[2026-09-02 07:16:18] ./packages/vendors/custom_transformer/op_impl/ai_core/tbe/kernel/ascend950/chunk_fwd_o/ChunkFwdO_d4fc774159b2651ab5cc995d4a7d029b.json
[2026-09-02 07:16:18] ./packages/vendors/custom_transformer/op_impl/ai_core/tbe/kernel/ascend950/chunk_fwd_o/ChunkFwdO_d4fc774159b2651ab5cc995d4a7d029b.o
[2026-09-02 07:16:18] ./packages/vendors/custom_transformer/op_impl/ai_core/tbe/kernel/ascend950/chunk_gated_delta_rule_fwd_h/ChunkGatedDeltaRuleFwdH_1db2dd274c08d651358560a48984b109.json
[2026-09-02 07:16:18] ./packages/vendors/custom_transformer/op_impl/ai_core/tbe/kernel/ascend950/chunk_gated_delta_rule_fwd_h/ChunkGatedDeltaRuleFwdH_1db2dd274c08d651358560a48984b109.o
[2026-09-02 07:16:18] ./packages/vendors/custom_transformer/op_impl/ai_core/tbe/kernel/ascend950/chunk_gated_delta_rule_fwd_h/ChunkGatedDeltaRuleFwdH_1e8696c3afcf9dbda8cd1d73137432ea.json
[2026-09-02 07:16:18] ./packages/vendors/custom_transformer/op_impl/ai_core/tbe/kernel/ascend950/chunk_gated_delta_rule_fwd_h/ChunkGatedDeltaRuleFwdH_1e8696c3afcf9dbda8cd1d73137432ea.o
[2026-09-02 07:16:18] ./packages/vendors/custom_transformer/op_impl/ai_core/tbe/kernel/ascend950/chunk_gated_delta_rule_fwd_h/ChunkGatedDeltaRuleFwdH_8f6119798ebdaa490e434e15ea4bee83.json
[2026-09-02 07:16:18] ./packages/vendors/custom_transformer/op_impl/ai_core/tbe/kernel/ascend950/chunk_gated_delta_rule_fwd_h/ChunkGatedDeltaRuleFwdH_8f6119798ebdaa490e434e15ea4bee83.o
[2026-09-02 07:16:18] ./packages/vendors/custom_transformer/op_impl/ai_core/tbe/kernel/ascend950/chunk_gated_delta_rule_fwd_h/ChunkGatedDeltaRuleFwdH_fdae8adcc28f4fd0e323e031a6ab0c64.json
[2026-09-02 07:16:18] ./packages/vendors/custom_transformer/op_impl/ai_core/tbe/kernel/ascend950/chunk_gated_delta_rule_fwd_h/ChunkGatedDeltaRuleFwdH_fdae8adcc28f4fd0e323e031a6ab0c64.o
[2026-09-02 07:16:18] ./packages/vendors/custom_transformer/op_impl/ai_core/tbe/kernel/ascend950/chunk_kda_fwd/ChunkKdaFwd_1abcbd578c0aecb0d613ba7f77626658.json
[2026-09-02 07:16:18] ./packages/vendors/custom_transformer/op_impl/ai_core/tbe/kernel/ascend950/chunk_kda_fwd/ChunkKdaFwd_1abcbd578c0aecb0d613ba7f77626658.o
[2026-09-02 07:16:18] ./packages/vendors/custom_transformer/op_impl/ai_core/tbe/kernel/ascend950/chunk_kda_fwd/ChunkKdaFwd_3d0869ad99fc0117a05ebce5fc52f4ef.json
[2026-09-02 07:16:18] ./packages/vendors/custom_transformer/op_impl/ai_core/tbe/kernel/ascend950/chunk_kda_fwd/ChunkKdaFwd_3d0869ad99fc0117a05ebce5fc52f4ef.o
[2026-09-02 07:16:18] ./packages/vendors/custom_transformer/op_impl/ai_core/tbe/kernel/ascend950/chunk_kda_fwd/ChunkKdaFwd_5e864108d5688e456abb78f238c67b16.json
[2026-09-02 07:16:18] ./packages/vendors/custom_transformer/op_impl/ai_core/tbe/kernel/ascend950/chunk_kda_fwd/ChunkKdaFwd_5e864108d5688e456abb78f238c67b16.o
[2026-09-02 07:16:18] ./packages/vendors/custom_transformer/op_impl/ai_core/tbe/kernel/ascend950/chunk_kda_fwd/ChunkKdaFwd_ab840dfc4cfa173688cbf30179316228.json
[2026-09-02 07:16:18] ./packages/vendors/custom_transformer/op_impl/ai_core/tbe/kernel/ascend950/chunk_kda_fwd/ChunkKdaFwd_ab840dfc4cfa173688cbf30179316228.o
[2026-09-02 07:16:18] ./packages/vendors/custom_transformer/op_impl/ai_core/tbe/kernel/ascend950/chunk_kda_fwd/ChunkKdaFwd_bdc078c5221f705217d250323b8feb82.json
[2026-09-02 07:16:18] ./packages/vendors/custom_transformer/op_impl/ai_core/tbe/kernel/ascend950/chunk_kda_fwd/ChunkKdaFwd_bdc078c5221f705217d250323b8feb82.o
[2026-09-02 07:16:18] ./packages/vendors/custom_transformer/op_impl/ai_core/tbe/kernel/ascend950/chunk_kda_fwd/ChunkKdaFwd_c4ae0e35839222ca5076179abc74a4f5.json
[2026-09-02 07:16:18] ./packages/vendors/custom_transformer/op_impl/ai_core/tbe/kernel/ascend950/chunk_kda_fwd/ChunkKdaFwd_c4ae0e35839222ca5076179abc74a4f5.o
[2026-09-02 07:16:18] ./packages/vendors/custom_transformer/op_impl/ai_core/tbe/kernel/ascend950/chunk_kda_fwd/ChunkKdaFwd_ec37fa71324acfcc6979b4d975461463.json
[2026-09-02 07:16:18] ./packages/vendors/custom_transformer/op_impl/ai_core/tbe/kernel/ascend950/chunk_kda_fwd/ChunkKdaFwd_ec37fa71324acfcc6979b4d975461463.o
[2026-09-02 07:16:18] ./packages/vendors/custom_transformer/op_impl/ai_core/tbe/kernel/ascend950/chunk_kda_fwd/ChunkKdaFwd_fc61fbaf568f8d0a23b644397f403111.json
[2026-09-02 07:16:18] ./packages/vendors/custom_transformer/op_impl/ai_core/tbe/kernel/ascend950/chunk_kda_fwd/ChunkKdaFwd_fc61fbaf568f8d0a23b644397f403111.o
[2026-09-02 07:16:18] ./packages/vendors/custom_transformer/op_impl/ai_core/tbe/kernel/ascend950/compressor/Compressor_bef03b9219f6b8f43c9980287f972446.json
[2026-09-02 07:16:18] ./packages/vendors/custom_transformer/op_impl/ai_core/tbe/kernel/ascend950/compressor/Compressor_bef03b9219f6b8f43c9980287f972446.o
[2026-09-02 07:16:18] ./packages/vendors/custom_transformer/op_impl/ai_core/tbe/kernel/ascend950/compressor/Compressor_bef03b9219f6b8f43c9980287f972446_relocatable.json
[2026-09-02 07:16:18] ./packages/vendors/custom_transformer/op_impl/ai_core/tbe/kernel/ascend950/compressor/Compressor_bef03b9219f6b8f43c9980287f972446_relocatable.o
[2026-09-02 07:16:18] ./packages/vendors/custom_transformer/op_impl/ai_core/tbe/kernel/ascend950/compressor/Compressor_fee6dd135af0359268b769125398b3d2.json
[2026-09-02 07:16:18] ./packages/vendors/custom_transformer/op_impl/ai_core/tbe/kernel/ascend950/compressor/Compressor_fee6dd135af0359268b769125398b3d2.o
[2026-09-02 07:16:18] ./packages/vendors/custom_transformer/op_impl/ai_core/tbe/kernel/ascend950/compressor/Compressor_fee6dd135af0359268b769125398b3d2_relocatable.json
[2026-09-02 07:16:18] ./packages/vendors/custom_transformer/op_impl/ai_core/tbe/kernel/ascend950/compressor/Compressor_fee6dd135af0359268b769125398b3d2_relocatable.o
[2026-09-02 07:16:18] ./packages/vendors/custom_transformer/op_impl/ai_core/tbe/kernel/ascend950/compressor_metadata/CompressorMetadata_07fa79edac355883dd17d95a898804ec.json
[2026-09-02 07:16:18] ./packages/vendors/custom_transformer/op_impl/ai_core/tbe/kernel/ascend950/compressor_metadata/CompressorMetadata_07fa79edac355883dd17d95a898804ec.o
[2026-09-02 07:16:18] ./packages/vendors/custom_transformer/op_impl/ai_core/tbe/kernel/ascend950/compressor_metadata/CompressorMetadata_07fa79edac355883dd17d95a898804ec_relocatable.json
[2026-09-02 07:16:18] ./packages/vendors/custom_transformer/op_impl/ai_core/tbe/kernel/ascend950/compressor_metadata/CompressorMetadata_07fa79edac355883dd17d95a898804ec_relocatable.o
[2026-09-02 07:16:18] ./packages/vendors/custom_transformer/op_impl/ai_core/tbe/kernel/ascend950/compressor_metadata/CompressorMetadata_152c4baeee722882a4f94b479159b76c.json
[2026-09-02 07:16:18] ./packages/vendors/custom_transformer/op_impl/ai_core/tbe/kernel/ascend950/compressor_metadata/CompressorMetadata_152c4baeee722882a4f94b479159b76c.o
[2026-09-02 07:16:18] ./packages/vendors/custom_transformer/op_impl/ai_core/tbe/kernel/ascend950/compressor_metadata/CompressorMetadata_152c4baeee722882a4f94b479159b76c_relocatable.json
[2026-09-02 07:16:18] ./packages/vendors/custom_transformer/op_impl/ai_core/tbe/kernel/ascend950/compressor_metadata/CompressorMetadata_152c4baeee722882a4f94b479159b76c_relocatable.o
[2026-09-02 07:16:18] ./packages/vendors/custom_transformer/op_impl/ai_core/tbe/kernel/ascend950/compressor_metadata/CompressorMetadata_8ccf83a3be9b66d739e408b3044ff751.json
[2026-09-02 07:16:18] ./packages/vendors/custom_transformer/op_impl/ai_core/tbe/kernel/ascend950/compressor_metadata/CompressorMetadata_8ccf83a3be9b66d739e408b3044ff751.o
[2026-09-02 07:16:18] ./packages/vendors/custom_transformer/op_impl/ai_core/tbe/kernel/ascend950/compressor_metadata/CompressorMetadata_8ccf83a3be9b66d739e408b3044ff751_relocatable.json
[2026-09-02 07:16:18] ./packages/vendors/custom_transformer/op_impl/ai_core/tbe/kernel/ascend950/compressor_metadata/CompressorMetadata_8ccf83a3be9b66d739e408b3044ff751_relocatable.o
[2026-09-02 07:16:18] ./packages/vendors/custom_transformer/op_impl/ai_core/tbe/kernel/ascend950/fused_infer_attention_score_v2_sink/FusedInferAttentionScoreV2Sink_22fd7a23ae3f8d2befb5fcbdfbcfd219.json
[2026-09-02 07:16:18] ./packages/vendors/custom_transformer/op_impl/ai_core/tbe/kernel/ascend950/fused_infer_attention_score_v2_sink/FusedInferAttentionScoreV2Sink_22fd7a23ae3f8d2befb5fcbdfbcfd219.o
[2026-09-02 07:16:18] ./packages/vendors/custom_transformer/op_impl/ai_core/tbe/kernel/ascend950/fused_infer_attention_score_v2_sink/FusedInferAttentionScoreV2Sink_3623e899e9d3a1f66ad6fe99f4cadbf5.json
[2026-09-02 07:16:18] ./packages/vendors/custom_transformer/op_impl/ai_core/tbe/kernel/ascend950/fused_infer_attention_score_v2_sink/FusedInferAttentionScoreV2Sink_3623e899e9d3a1f66ad6fe99f4cadbf5.o
[2026-09-02 07:16:18] ./packages/vendors/custom_transformer/op_impl/ai_core/tbe/kernel/ascend950/fused_infer_attention_score_v2_sink/FusedInferAttentionScoreV2Sink_3af553d2e3779008f566bfbd8e20c9b1.json
[2026-09-02 07:16:18] ./packages/vendors/custom_transformer/op_impl/ai_core/tbe/kernel/ascend950/fused_infer_attention_score_v2_sink/FusedInferAttentionScoreV2Sink_3af553d2e3779008f566bfbd8e20c9b1.o
[2026-09-02 07:16:18] ./packages/vendors/custom_transformer/op_impl/ai_core/tbe/kernel/ascend950/fused_infer_attention_score_v2_sink/FusedInferAttentionScoreV2Sink_5a319bb1985b55f485f46cf2da6f30c5.json
[2026-09-02 07:16:18] ./packages/vendors/custom_transformer/op_impl/ai_core/tbe/kernel/ascend950/fused_infer_attention_score_v2_sink/FusedInferAttentionScoreV2Sink_5a319bb1985b55f485f46cf2da6f30c5.o
[2026-09-02 07:16:18] ./packages/vendors/custom_transformer/op_impl/ai_core/tbe/kernel/ascend950/fused_infer_attention_score_v2_sink/FusedInferAttentionScoreV2Sink_78549e07db252c9cb755753e9af14a18.json
[2026-09-02 07:16:18] ./packages/vendors/custom_transformer/op_impl/ai_core/tbe/kernel/ascend950/fused_infer_attention_score_v2_sink/FusedInferAttentionScoreV2Sink_78549e07db252c9cb755753e9af14a18.o
[2026-09-02 07:16:18] ./packages/vendors/custom_transformer/op_impl/ai_core/tbe/kernel/ascend950/fused_infer_attention_score_v2_sink/FusedInferAttentionScoreV2Sink_9763cafe0d9b6c14d767e9cc6d2b745e.json
[2026-09-02 07:16:18] ./packages/vendors/custom_transformer/op_impl/ai_core/tbe/kernel/ascend950/fused_infer_attention_score_v2_sink/FusedInferAttentionScoreV2Sink_9763cafe0d9b6c14d767e9cc6d2b745e.o
[2026-09-02 07:16:18] ./packages/vendors/custom_transformer/op_impl/ai_core/tbe/kernel/ascend950/fused_infer_attention_score_v2_sink/FusedInferAttentionScoreV2Sink_ac1fcefd2c5202b9568e867f7227bd18.json
[2026-09-02 07:16:18] ./packages/vendors/custom_transformer/op_impl/ai_core/tbe/kernel/ascend950/fused_infer_attention_score_v2_sink/FusedInferAttentionScoreV2Sink_ac1fcefd2c5202b9568e867f7227bd18.o
[2026-09-02 07:16:18] ./packages/vendors/custom_transformer/op_impl/ai_core/tbe/kernel/ascend950/fused_infer_attention_score_v2_sink/FusedInferAttentionScoreV2Sink_cacc23924ba5ed25533f5fc5005e0673.json
[2026-09-02 07:16:18] ./packages/vendors/custom_transformer/op_impl/ai_core/tbe/kernel/ascend950/fused_infer_attention_score_v2_sink/FusedInferAttentionScoreV2Sink_cacc23924ba5ed25533f5fc5005e0673.o
[2026-09-02 07:16:18] ./packages/vendors/custom_transformer/op_impl/ai_core/tbe/kernel/ascend950/fused_infer_attention_score_v2_sink/FusedInferAttentionScoreV2Sink_d85d0408456b0e088e525f5df8ea9960.json
[2026-09-02 07:16:18] ./packages/vendors/custom_transformer/op_impl/ai_core/tbe/kernel/ascend950/fused_infer_attention_score_v2_sink/FusedInferAttentionScoreV2Sink_d85d0408456b0e088e525f5df8ea9960.o
[2026-09-02 07:16:18] ./packages/vendors/custom_transformer/op_impl/ai_core/tbe/kernel/ascend950/fused_infer_attention_score_v2_sink/FusedInferAttentionScoreV2Sink_e4b3528397fbaa4fd0671478823aa029.json
[2026-09-02 07:16:18] ./packages/vendors/custom_transformer/op_impl/ai_core/tbe/kernel/ascend950/fused_infer_attention_score_v2_sink/FusedInferAttentionScoreV2Sink_e4b3528397fbaa4fd0671478823aa029.o
[2026-09-02 07:16:18] ./packages/vendors/custom_transformer/op_impl/ai_core/tbe/kernel/ascend950/fused_infer_attention_score_v2_sink/FusedInferAttentionScoreV2Sink_f3c1a2a54ea0ebef38257460b01a81f3.json
[2026-09-02 07:16:18] ./packages/vendors/custom_transformer/op_impl/ai_core/tbe/kernel/ascend950/fused_infer_attention_score_v2_sink/FusedInferAttentionScoreV2Sink_f3c1a2a54ea0ebef38257460b01a81f3.o
[2026-09-02 07:16:18] ./packages/vendors/custom_transformer/op_impl/ai_core/tbe/kernel/ascend950/fused_infer_attention_score_v2_sink/FusedInferAttentionScoreV2Sink_f94076a7655ef41b5c54277d6ebc204f.json
[2026-09-02 07:16:18] ./packages/vendors/custom_transformer/op_impl/ai_core/tbe/kernel/ascend950/fused_infer_attention_score_v2_sink/FusedInferAttentionScoreV2Sink_f94076a7655ef41b5c54277d6ebc204f.o
[2026-09-02 07:16:18] ./packages/vendors/custom_transformer/op_impl/ai_core/tbe/kernel/ascend950/fused_infer_attention_score_v2_sink/FusedInferAttentionScoreV2Sink_f9bae0033134e0df2b402ea5dee83479.json
[2026-09-02 07:16:18] ./packages/vendors/custom_transformer/op_impl/ai_core/tbe/kernel/ascend950/fused_infer_attention_score_v2_sink/FusedInferAttentionScoreV2Sink_f9bae0033134e0df2b402ea5dee83479.o
[2026-09-02 07:16:18] ./packages/vendors/custom_transformer/op_impl/ai_core/tbe/kernel/ascend950/hc_post/HcPost_2e5303ac4dede76effa18248fd20ec57.json
[2026-09-02 07:16:18] ./packages/vendors/custom_transformer/op_impl/ai_core/tbe/kernel/ascend950/hc_post/HcPost_2e5303ac4dede76effa18248fd20ec57.o
[2026-09-02 07:16:18] ./packages/vendors/custom_transformer/op_impl/ai_core/tbe/kernel/ascend950/hc_post/HcPost_2e5303ac4dede76effa18248fd20ec57_relocatable.json
[2026-09-02 07:16:18] ./packages/vendors/custom_transformer/op_impl/ai_core/tbe/kernel/ascend950/hc_post/HcPost_2e5303ac4dede76effa18248fd20ec57_relocatable.o
[2026-09-02 07:16:18] ./packages/vendors/custom_transformer/op_impl/ai_core/tbe/kernel/ascend950/hc_post/HcPost_be2dcafbf0c8af390bf57177141bf669.json
[2026-09-02 07:16:18] ./packages/vendors/custom_transformer/op_impl/ai_core/tbe/kernel/ascend950/hc_post/HcPost_be2dcafbf0c8af390bf57177141bf669.o
[2026-09-02 07:16:18] ./packages/vendors/custom_transformer/op_impl/ai_core/tbe/kernel/ascend950/hc_post/HcPost_be2dcafbf0c8af390bf57177141bf669_relocatable.json
[2026-09-02 07:16:18] ./packages/vendors/custom_transformer/op_impl/ai_core/tbe/kernel/ascend950/hc_post/HcPost_be2dcafbf0c8af390bf57177141bf669_relocatable.o
[2026-09-02 07:16:18] ./packages/vendors/custom_transformer/op_impl/ai_core/tbe/kernel/ascend950/hc_post/HcPost_d2fe6614722b27afa6f8d964c215447e.json
[2026-09-02 07:16:18] ./packages/vendors/custom_transformer/op_impl/ai_core/tbe/kernel/ascend950/hc_post/HcPost_d2fe6614722b27afa6f8d964c215447e.o
[2026-09-02 07:16:18] ./packages/vendors/custom_transformer/op_impl/ai_core/tbe/kernel/ascend950/hc_post/HcPost_d2fe6614722b27afa6f8d964c215447e_relocatable.json
[2026-09-02 07:16:18] ./packages/vendors/custom_transformer/op_impl/ai_core/tbe/kernel/ascend950/hc_post/HcPost_d2fe6614722b27afa6f8d964c215447e_relocatable.o
[2026-09-02 07:16:18] ./packages/vendors/custom_transformer/op_impl/ai_core/tbe/kernel/ascend950/hc_post/HcPost_d7d8f653fdae4af65c2dc961400185bd.json
[2026-09-02 07:16:18] ./packages/vendors/custom_transformer/op_impl/ai_core/tbe/kernel/ascend950/hc_post/HcPost_d7d8f653fdae4af65c2dc961400185bd.o
[2026-09-02 07:16:18] ./packages/vendors/custom_transformer/op_impl/ai_core/tbe/kernel/ascend950/hc_post/HcPost_d7d8f653fdae4af65c2dc961400185bd_relocatable.json
[2026-09-02 07:16:18] ./packages/vendors/custom_transformer/op_impl/ai_core/tbe/kernel/ascend950/hc_post/HcPost_d7d8f653fdae4af65c2dc961400185bd_relocatable.o
[2026-09-02 07:16:18] ./packages/vendors/custom_transformer/op_impl/ai_core/tbe/kernel/ascend950/hc_post/HcPost_d980ed89966470aa6bbdc62419309139.json
[2026-09-02 07:16:18] ./packages/vendors/custom_transformer/op_impl/ai_core/tbe/kernel/ascend950/hc_post/HcPost_d980ed89966470aa6bbdc62419309139.o
[2026-09-02 07:16:18] ./packages/vendors/custom_transformer/op_impl/ai_core/tbe/kernel/ascend950/hc_post/HcPost_d980ed89966470aa6bbdc62419309139_relocatable.json
[2026-09-02 07:16:18] ./packages/vendors/custom_transformer/op_impl/ai_core/tbe/kernel/ascend950/hc_post/HcPost_d980ed89966470aa6bbdc62419309139_relocatable.o
[2026-09-02 07:16:18] ./packages/vendors/custom_transformer/op_impl/ai_core/tbe/kernel/ascend950/hc_post/HcPost_dffc3b13070cacc52a1006b48c22063b.json
[2026-09-02 07:16:18] ./packages/vendors/custom_transformer/op_impl/ai_core/tbe/kernel/ascend950/hc_post/HcPost_dffc3b13070cacc52a1006b48c22063b.o
[2026-09-02 07:16:18] ./packages/vendors/custom_transformer/op_impl/ai_core/tbe/kernel/ascend950/hc_post/HcPost_dffc3b13070cacc52a1006b48c22063b_relocatable.json
[2026-09-02 07:16:18] ./packages/vendors/custom_transformer/op_impl/ai_core/tbe/kernel/ascend950/hc_post/HcPost_dffc3b13070cacc52a1006b48c22063b_relocatable.o
[2026-09-02 07:16:18] ./packages/vendors/custom_transformer/op_impl/ai_core/tbe/kernel/ascend950/hc_post/HcPost_e2220bcfb1da2706e99e1c9e5e9ab203.json
[2026-09-02 07:16:18] ./packages/vendors/custom_transformer/op_impl/ai_core/tbe/kernel/ascend950/hc_post/HcPost_e2220bcfb1da2706e99e1c9e5e9ab203.o
[2026-09-02 07:16:18] ./packages/vendors/custom_transformer/op_impl/ai_core/tbe/kernel/ascend950/hc_post/HcPost_e2220bcfb1da2706e99e1c9e5e9ab203_relocatable.json
[2026-09-02 07:16:18] ./packages/vendors/custom_transformer/op_impl/ai_core/tbe/kernel/ascend950/hc_post/HcPost_e2220bcfb1da2706e99e1c9e5e9ab203_relocatable.o
[2026-09-02 07:16:18] ./packages/vendors/custom_transformer/op_impl/ai_core/tbe/kernel/ascend950/hc_post/HcPost_e4c4ea08fc7875f3275751adc399868d.json
[2026-09-02 07:16:18] ./packages/vendors/custom_transformer/op_impl/ai_core/tbe/kernel/ascend950/hc_post/HcPost_e4c4ea08fc7875f3275751adc399868d.o
[2026-09-02 07:16:18] ./packages/vendors/custom_transformer/op_impl/ai_core/tbe/kernel/ascend950/hc_post/HcPost_e4c4ea08fc7875f3275751adc399868d_relocatable.json
[2026-09-02 07:16:18] ./packages/vendors/custom_transformer/op_impl/ai_core/tbe/kernel/ascend950/hc_post/HcPost_e4c4ea08fc7875f3275751adc399868d_relocatable.o
[2026-09-02 07:16:18] ./packages/vendors/custom_transformer/op_impl/ai_core/tbe/kernel/ascend950/hc_post/HcPost_f8d6568802bb9bf815c79fd66277cb55.json
[2026-09-02 07:16:18] ./packages/vendors/custom_transformer/op_impl/ai_core/tbe/kernel/ascend950/hc_post/HcPost_f8d6568802bb9bf815c79fd66277cb55.o
[2026-09-02 07:16:18] ./packages/vendors/custom_transformer/op_impl/ai_core/tbe/kernel/ascend950/hc_post/HcPost_f8d6568802bb9bf815c79fd66277cb55_relocatable.json
[2026-09-02 07:16:18] ./packages/vendors/custom_transformer/op_impl/ai_core/tbe/kernel/ascend950/hc_post/HcPost_f8d6568802bb9bf815c79fd66277cb55_relocatable.o
[2026-09-02 07:16:18] ./packages/vendors/custom_transformer/op_impl/ai_core/tbe/kernel/ascend950/hc_pre/HcPre_c12a9d608e5abdbd1728e849208025ff.json
[2026-09-02 07:16:18] ./packages/vendors/custom_transformer/op_impl/ai_core/tbe/kernel/ascend950/hc_pre/HcPre_c12a9d608e5abdbd1728e849208025ff.o
[2026-09-02 07:16:18] ./packages/vendors/custom_transformer/op_impl/ai_core/tbe/kernel/ascend950/hc_pre/HcPre_c12a9d608e5abdbd1728e849208025ff_relocatable.json
[2026-09-02 07:16:18] ./packages/vendors/custom_transformer/op_impl/ai_core/tbe/kernel/ascend950/hc_pre/HcPre_c12a9d608e5abdbd1728e849208025ff_relocatable.o
[2026-09-02 07:16:18] ./packages/vendors/custom_transformer/op_impl/ai_core/tbe/kernel/ascend950/indexer_compress_epilog_v2/IndexerCompressEpilogV2_b38f78030f3097c0b858ee95e1a00f8d.json
[2026-09-02 07:16:18] ./packages/vendors/custom_transformer/op_impl/ai_core/tbe/kernel/ascend950/indexer_compress_epilog_v2/IndexerCompressEpilogV2_b38f78030f3097c0b858ee95e1a00f8d.o
[2026-09-02 07:16:18] ./packages/vendors/custom_transformer/op_impl/ai_core/tbe/kernel/ascend950/indexer_compress_epilog_v2/IndexerCompressEpilogV2_b38f78030f3097c0b858ee95e1a00f8d_relocatable.json
[2026-09-02 07:16:18] ./packages/vendors/custom_transformer/op_impl/ai_core/tbe/kernel/ascend950/indexer_compress_epilog_v2/IndexerCompressEpilogV2_b38f78030f3097c0b858ee95e1a00f8d_relocatable.o
[2026-09-02 07:16:18] ./packages/vendors/custom_transformer/op_impl/ai_core/tbe/kernel/ascend950/indexer_compress_epilog_v2/IndexerCompressEpilogV2_ce837c75a7a429463dbb81f30a81d892.json
[2026-09-02 07:16:18] ./packages/vendors/custom_transformer/op_impl/ai_core/tbe/kernel/ascend950/indexer_compress_epilog_v2/IndexerCompressEpilogV2_ce837c75a7a429463dbb81f30a81d892.o
[2026-09-02 07:16:18] ./packages/vendors/custom_transformer/op_impl/ai_core/tbe/kernel/ascend950/indexer_compress_epilog_v2/IndexerCompressEpilogV2_ce837c75a7a429463dbb81f30a81d892_relocatable.json
[2026-09-02 07:16:18] ./packages/vendors/custom_transformer/op_impl/ai_core/tbe/kernel/ascend950/indexer_compress_epilog_v2/IndexerCompressEpilogV2_ce837c75a7a429463dbb81f30a81d892_relocatable.o
[2026-09-02 07:16:18] ./packages/vendors/custom_transformer/op_impl/ai_core/tbe/kernel/ascend950/inplace_partial_rotary_mul/InplacePartialRotaryMul_6ff5dddd25b5de53ba4d1e4df2975bc9.json
[2026-09-02 07:16:18] ./packages/vendors/custom_transformer/op_impl/ai_core/tbe/kernel/ascend950/inplace_partial_rotary_mul/InplacePartialRotaryMul_6ff5dddd25b5de53ba4d1e4df2975bc9.o
[2026-09-02 07:16:18] ./packages/vendors/custom_transformer/op_impl/ai_core/tbe/kernel/ascend950/inplace_partial_rotary_mul/InplacePartialRotaryMul_6ff5dddd25b5de53ba4d1e4df2975bc9_relocatable.json
[2026-09-02 07:16:18] ./packages/vendors/custom_transformer/op_impl/ai_core/tbe/kernel/ascend950/inplace_partial_rotary_mul/InplacePartialRotaryMul_6ff5dddd25b5de53ba4d1e4df2975bc9_relocatable.o
[2026-09-02 07:16:18] ./packages/vendors/custom_transformer/op_impl/ai_core/tbe/kernel/ascend950/inplace_partial_rotary_mul/InplacePartialRotaryMul_82896c5db0faaeb44e3eacbada73642f.json
[2026-09-02 07:16:18] ./packages/vendors/custom_transformer/op_impl/ai_core/tbe/kernel/ascend950/inplace_partial_rotary_mul/InplacePartialRotaryMul_82896c5db0faaeb44e3eacbada73642f.o
[2026-09-02 07:16:18] ./packages/vendors/custom_transformer/op_impl/ai_core/tbe/kernel/ascend950/inplace_partial_rotary_mul/InplacePartialRotaryMul_82896c5db0faaeb44e3eacbada73642f_relocatable.json
[2026-09-02 07:16:18] ./packages/vendors/custom_transformer/op_impl/ai_core/tbe/kernel/ascend950/inplace_partial_rotary_mul/InplacePartialRotaryMul_82896c5db0faaeb44e3eacbada73642f_relocatable.o
[2026-09-02 07:16:18] ./packages/vendors/custom_transformer/op_impl/ai_core/tbe/kernel/ascend950/inplace_partial_rotary_mul/InplacePartialRotaryMul_9a8ff82cc6ecbe02ebd212c4702181f4.json
[2026-09-02 07:16:18] ./packages/vendors/custom_transformer/op_impl/ai_core/tbe/kernel/ascend950/inplace_partial_rotary_mul/InplacePartialRotaryMul_9a8ff82cc6ecbe02ebd212c4702181f4.o
[2026-09-02 07:16:18] ./packages/vendors/custom_transformer/op_impl/ai_core/tbe/kernel/ascend950/inplace_partial_rotary_mul/InplacePartialRotaryMul_9a8ff82cc6ecbe02ebd212c4702181f4_relocatable.json
[2026-09-02 07:16:18] ./packages/vendors/custom_transformer/op_impl/ai_core/tbe/kernel/ascend950/inplace_partial_rotary_mul/InplacePartialRotaryMul_9a8ff82cc6ecbe02ebd212c4702181f4_relocatable.o
[2026-09-02 07:16:18] ./packages/vendors/custom_transformer/op_impl/ai_core/tbe/kernel/ascend950/inplace_partial_rotary_mul/InplacePartialRotaryMul_b16e6010eb7f3153591301274510db14.json
[2026-09-02 07:16:18] ./packages/vendors/custom_transformer/op_impl/ai_core/tbe/kernel/ascend950/inplace_partial_rotary_mul/InplacePartialRotaryMul_b16e6010eb7f3153591301274510db14.o
[2026-09-02 07:16:18] ./packages/vendors/custom_transformer/op_impl/ai_core/tbe/kernel/ascend950/inplace_partial_rotary_mul/InplacePartialRotaryMul_b16e6010eb7f3153591301274510db14_relocatable.json
[2026-09-02 07:16:18] ./packages/vendors/custom_transformer/op_impl/ai_core/tbe/kernel/ascend950/inplace_partial_rotary_mul/InplacePartialRotaryMul_b16e6010eb7f3153591301274510db14_relocatable.o
[2026-09-02 07:16:18] ./packages/vendors/custom_transformer/op_impl/ai_core/tbe/kernel/ascend950/inplace_partial_rotary_mul/InplacePartialRotaryMul_ec081ae2fec8ce00af9a8192bd55ef8c.json
[2026-09-02 07:16:18] ./packages/vendors/custom_transformer/op_impl/ai_core/tbe/kernel/ascend950/inplace_partial_rotary_mul/InplacePartialRotaryMul_ec081ae2fec8ce00af9a8192bd55ef8c.o
[2026-09-02 07:16:18] ./packages/vendors/custom_transformer/op_impl/ai_core/tbe/kernel/ascend950/inplace_partial_rotary_mul/InplacePartialRotaryMul_ec081ae2fec8ce00af9a8192bd55ef8c_relocatable.json
[2026-09-02 07:16:18] ./packages/vendors/custom_transformer/op_impl/ai_core/tbe/kernel/ascend950/inplace_partial_rotary_mul/InplacePartialRotaryMul_ec081ae2fec8ce00af9a8192bd55ef8c_relocatable.o
[2026-09-02 07:16:18] ./packages/vendors/custom_transformer/op_impl/ai_core/tbe/kernel/ascend950/k2q_csr_hist_apt/K2qCsrHist_dfd8419b1e0e08d80d24f73e3ce9e0f8.json
[2026-09-02 07:16:18] ./packages/vendors/custom_transformer/op_impl/ai_core/tbe/kernel/ascend950/k2q_csr_hist_apt/K2qCsrHist_dfd8419b1e0e08d80d24f73e3ce9e0f8.o
[2026-09-02 07:16:18] ./packages/vendors/custom_transformer/op_impl/ai_core/tbe/kernel/ascend950/k2q_csr_meta_apt/K2qCsrMeta_a244802d61acb4a4cb052b8eb01d1d0f.json
[2026-09-02 07:16:18] ./packages/vendors/custom_transformer/op_impl/ai_core/tbe/kernel/ascend950/k2q_csr_meta_apt/K2qCsrMeta_a244802d61acb4a4cb052b8eb01d1d0f.o
[2026-09-02 07:16:18] ./packages/vendors/custom_transformer/op_impl/ai_core/tbe/kernel/ascend950/k2q_csr_row_prefix_apt/K2qCsrRowPrefix_a4861e10541be14cc1e79f84c3a0215c.json
[2026-09-02 07:16:18] ./packages/vendors/custom_transformer/op_impl/ai_core/tbe/kernel/ascend950/k2q_csr_row_prefix_apt/K2qCsrRowPrefix_a4861e10541be14cc1e79f84c3a0215c.o
[2026-09-02 07:16:18] ./packages/vendors/custom_transformer/op_impl/ai_core/tbe/kernel/ascend950/k2q_csr_scatter_apt/K2qCsrScatter_74330bc29358b5921b14b1acc00c50b0.json
[2026-09-02 07:16:18] ./packages/vendors/custom_transformer/op_impl/ai_core/tbe/kernel/ascend950/k2q_csr_scatter_apt/K2qCsrScatter_74330bc29358b5921b14b1acc00c50b0.o
[2026-09-02 07:16:18] ./packages/vendors/custom_transformer/op_impl/ai_core/tbe/kernel/ascend950/k2q_csr_tile_prefix_apt/K2qCsrTilePrefix_dfe2675b91d552a17b3a927ff9428742.json
[2026-09-02 07:16:18] ./packages/vendors/custom_transformer/op_impl/ai_core/tbe/kernel/ascend950/k2q_csr_tile_prefix_apt/K2qCsrTilePrefix_dfe2675b91d552a17b3a927ff9428742.o
[2026-09-02 07:16:18] ./packages/vendors/custom_transformer/op_impl/ai_core/tbe/kernel/ascend950/kda_gate_cumsum/KdaGateCumsum_0fa9c709b216bbd9a8d3a852b71ca8b8.json
[2026-09-02 07:16:18] ./packages/vendors/custom_transformer/op_impl/ai_core/tbe/kernel/ascend950/kda_gate_cumsum/KdaGateCumsum_0fa9c709b216bbd9a8d3a852b71ca8b8.o
[2026-09-02 07:16:18] ./packages/vendors/custom_transformer/op_impl/ai_core/tbe/kernel/ascend950/kda_gate_cumsum/KdaGateCumsum_83cc8ffcc378968a030520810a98813c.json
[2026-09-02 07:16:18] ./packages/vendors/custom_transformer/op_impl/ai_core/tbe/kernel/ascend950/kda_gate_cumsum/KdaGateCumsum_83cc8ffcc378968a030520810a98813c.o
[2026-09-02 07:16:18] ./packages/vendors/custom_transformer/op_impl/ai_core/tbe/kernel/ascend950/kda_gate_cumsum/KdaGateCumsum_cac005a47bb97287f1d2ef6c90c224ba.json
[2026-09-02 07:16:18] ./packages/vendors/custom_transformer/op_impl/ai_core/tbe/kernel/ascend950/kda_gate_cumsum/KdaGateCumsum_cac005a47bb97287f1d2ef6c90c224ba.o
[2026-09-02 07:16:18] ./packages/vendors/custom_transformer/op_impl/ai_core/tbe/kernel/ascend950/kda_layout_swap12/KdaLayoutSwap12_8d5c2eba0a13d06acfab778790ffa218.json
[2026-09-02 07:16:18] ./packages/vendors/custom_transformer/op_impl/ai_core/tbe/kernel/ascend950/kda_layout_swap12/KdaLayoutSwap12_8d5c2eba0a13d06acfab778790ffa218.o
[2026-09-02 07:16:18] ./packages/vendors/custom_transformer/op_impl/ai_core/tbe/kernel/ascend950/kda_layout_swap12/KdaLayoutSwap12_97be89aea58bae36c32ba0016b2c335b.json
[2026-09-02 07:16:18] ./packages/vendors/custom_transformer/op_impl/ai_core/tbe/kernel/ascend950/kda_layout_swap12/KdaLayoutSwap12_97be89aea58bae36c32ba0016b2c335b.o
[2026-09-02 07:16:18] ./packages/vendors/custom_transformer/op_impl/ai_core/tbe/kernel/ascend950/kda_layout_swap12/KdaLayoutSwap12_ec0d507e8e2950215dc76a4f36e2320f.json
[2026-09-02 07:16:18] ./packages/vendors/custom_transformer/op_impl/ai_core/tbe/kernel/ascend950/kda_layout_swap12/KdaLayoutSwap12_ec0d507e8e2950215dc76a4f36e2320f.o
[2026-09-02 07:16:18] ./packages/vendors/custom_transformer/op_impl/ai_core/tbe/kernel/ascend950/kv_compress_epilog/KvCompressEpilog_3c6546eafe05a746c3638581f02b8f60.json
[2026-09-02 07:16:18] ./packages/vendors/custom_transformer/op_impl/ai_core/tbe/kernel/ascend950/kv_compress_epilog/KvCompressEpilog_3c6546eafe05a746c3638581f02b8f60.o
[2026-09-02 07:16:18] ./packages/vendors/custom_transformer/op_impl/ai_core/tbe/kernel/ascend950/kv_compress_epilog/KvCompressEpilog_3c6546eafe05a746c3638581f02b8f60_relocatable.json
[2026-09-02 07:16:18] ./packages/vendors/custom_transformer/op_impl/ai_core/tbe/kernel/ascend950/kv_compress_epilog/KvCompressEpilog_3c6546eafe05a746c3638581f02b8f60_relocatable.o
[2026-09-02 07:16:18] ./packages/vendors/custom_transformer/op_impl/ai_core/tbe/kernel/ascend950/kv_compress_epilog/KvCompressEpilog_89b4d14e60b49f0923397908eaf6b0a9.json
[2026-09-02 07:16:18] ./packages/vendors/custom_transformer/op_impl/ai_core/tbe/kernel/ascend950/kv_compress_epilog/KvCompressEpilog_89b4d14e60b49f0923397908eaf6b0a9.o
[2026-09-02 07:16:18] ./packages/vendors/custom_transformer/op_impl/ai_core/tbe/kernel/ascend950/kv_compress_epilog/KvCompressEpilog_89b4d14e60b49f0923397908eaf6b0a9_relocatable.json
[2026-09-02 07:16:18] ./packages/vendors/custom_transformer/op_impl/ai_core/tbe/kernel/ascend950/kv_compress_epilog/KvCompressEpilog_89b4d14e60b49f0923397908eaf6b0a9_relocatable.o
[2026-09-02 07:16:18] ./packages/vendors/custom_transformer/op_impl/ai_core/tbe/kernel/ascend950/kv_compress_epilog/KvCompressEpilog_93501abe90963cdf56af8b5fe2a7b246.json
[2026-09-02 07:16:18] ./packages/vendors/custom_transformer/op_impl/ai_core/tbe/kernel/ascend950/kv_compress_epilog/KvCompressEpilog_93501abe90963cdf56af8b5fe2a7b246.o
[2026-09-02 07:16:18] ./packages/vendors/custom_transformer/op_impl/ai_core/tbe/kernel/ascend950/kv_compress_epilog/KvCompressEpilog_93501abe90963cdf56af8b5fe2a7b246_relocatable.json
[2026-09-02 07:16:18] ./packages/vendors/custom_transformer/op_impl/ai_core/tbe/kernel/ascend950/kv_compress_epilog/KvCompressEpilog_93501abe90963cdf56af8b5fe2a7b246_relocatable.o
[2026-09-02 07:16:18] ./packages/vendors/custom_transformer/op_impl/ai_core/tbe/kernel/ascend950/kv_compress_epilog/KvCompressEpilog_9cf35cda065805e3eb9689b1cd603b9a.json
[2026-09-02 07:16:18] ./packages/vendors/custom_transformer/op_impl/ai_core/tbe/kernel/ascend950/kv_compress_epilog/KvCompressEpilog_9cf35cda065805e3eb9689b1cd603b9a.o
[2026-09-02 07:16:18] ./packages/vendors/custom_transformer/op_impl/ai_core/tbe/kernel/ascend950/kv_compress_epilog/KvCompressEpilog_9cf35cda065805e3eb9689b1cd603b9a_relocatable.json
[2026-09-02 07:16:18] ./packages/vendors/custom_transformer/op_impl/ai_core/tbe/kernel/ascend950/kv_compress_epilog/KvCompressEpilog_9cf35cda065805e3eb9689b1cd603b9a_relocatable.o
[2026-09-02 07:16:18] ./packages/vendors/custom_transformer/op_impl/ai_core/tbe/kernel/ascend950/kv_quant_sparse_attn_sharedkv/KvQuantSparseAttnSharedkv_c4549f9de9ab41095f092c1e0d6fc065.json
[2026-09-02 07:16:18] ./packages/vendors/custom_transformer/op_impl/ai_core/tbe/kernel/ascend950/kv_quant_sparse_attn_sharedkv/KvQuantSparseAttnSharedkv_c4549f9de9ab41095f092c1e0d6fc065.o
[2026-09-02 07:16:18] ./packages/vendors/custom_transformer/op_impl/ai_core/tbe/kernel/ascend950/moe_gating_top_k_hash/MoeGatingTopKHash_1ec551603c4dbe6982b643a6b7de0287.json
[2026-09-02 07:16:18] ./packages/vendors/custom_transformer/op_impl/ai_core/tbe/kernel/ascend950/moe_gating_top_k_hash/MoeGatingTopKHash_1ec551603c4dbe6982b643a6b7de0287.o
[2026-09-02 07:16:18] ./packages/vendors/custom_transformer/op_impl/ai_core/tbe/kernel/ascend950/moe_gating_top_k_hash/MoeGatingTopKHash_1ec551603c4dbe6982b643a6b7de0287_relocatable.json
[2026-09-02 07:16:18] ./packages/vendors/custom_transformer/op_impl/ai_core/tbe/kernel/ascend950/moe_gating_top_k_hash/MoeGatingTopKHash_1ec551603c4dbe6982b643a6b7de0287_relocatable.o
[2026-09-02 07:16:18] ./packages/vendors/custom_transformer/op_impl/ai_core/tbe/kernel/ascend950/moe_gating_top_k_hash/MoeGatingTopKHash_4d279081224dceb2ba5c4a13ba9e90f5.json
[2026-09-02 07:16:18] ./packages/vendors/custom_transformer/op_impl/ai_core/tbe/kernel/ascend950/moe_gating_top_k_hash/MoeGatingTopKHash_4d279081224dceb2ba5c4a13ba9e90f5.o
[2026-09-02 07:16:18] ./packages/vendors/custom_transformer/op_impl/ai_core/tbe/kernel/ascend950/moe_gating_top_k_hash/MoeGatingTopKHash_4d279081224dceb2ba5c4a13ba9e90f5_relocatable.json
[2026-09-02 07:16:18] ./packages/vendors/custom_transformer/op_impl/ai_core/tbe/kernel/ascend950/moe_gating_top_k_hash/MoeGatingTopKHash_4d279081224dceb2ba5c4a13ba9e90f5_relocatable.o
[2026-09-02 07:16:18] ./packages/vendors/custom_transformer/op_impl/ai_core/tbe/kernel/ascend950/moe_gating_top_k_hash/MoeGatingTopKHash_c9fe881608378d9bec1f72b77dd57c53.json
[2026-09-02 07:16:18] ./packages/vendors/custom_transformer/op_impl/ai_core/tbe/kernel/ascend950/moe_gating_top_k_hash/MoeGatingTopKHash_c9fe881608378d9bec1f72b77dd57c53.o
[2026-09-02 07:16:18] ./packages/vendors/custom_transformer/op_impl/ai_core/tbe/kernel/ascend950/moe_gating_top_k_hash/MoeGatingTopKHash_c9fe881608378d9bec1f72b77dd57c53_relocatable.json
[2026-09-02 07:16:18] ./packages/vendors/custom_transformer/op_impl/ai_core/tbe/kernel/ascend950/moe_gating_top_k_hash/MoeGatingTopKHash_c9fe881608378d9bec1f72b77dd57c53_relocatable.o
[2026-09-02 07:16:18] ./packages/vendors/custom_transformer/op_impl/ai_core/tbe/kernel/ascend950/recurrent_gated_delta_rule/RecurrentGatedDeltaRule_37ef20e52a126f008ab9edfe51ac2143.json
[2026-09-02 07:16:18] ./packages/vendors/custom_transformer/op_impl/ai_core/tbe/kernel/ascend950/recurrent_gated_delta_rule/RecurrentGatedDeltaRule_37ef20e52a126f008ab9edfe51ac2143.o
[2026-09-02 07:16:18] ./packages/vendors/custom_transformer/op_impl/ai_core/tbe/kernel/ascend950/recurrent_gated_delta_rule/RecurrentGatedDeltaRule_85669048de2f4ae7785fd8d81b12f70b.json
[2026-09-02 07:16:18] ./packages/vendors/custom_transformer/op_impl/ai_core/tbe/kernel/ascend950/recurrent_gated_delta_rule/RecurrentGatedDeltaRule_85669048de2f4ae7785fd8d81b12f70b.o
[2026-09-02 07:16:18] ./packages/vendors/custom_transformer/op_impl/ai_core/tbe/kernel/ascend950/recurrent_kda/RecurrentKda_0186767c72512a2472671e777d0deaa1.json
[2026-09-02 07:16:18] ./packages/vendors/custom_transformer/op_impl/ai_core/tbe/kernel/ascend950/recurrent_kda/RecurrentKda_0186767c72512a2472671e777d0deaa1.o
[2026-09-02 07:16:18] ./packages/vendors/custom_transformer/op_impl/ai_core/tbe/kernel/ascend950/recurrent_kda/RecurrentKda_06bba6860f70bfd6aa54df1d4ed1928e.json
[2026-09-02 07:16:18] ./packages/vendors/custom_transformer/op_impl/ai_core/tbe/kernel/ascend950/recurrent_kda/RecurrentKda_06bba6860f70bfd6aa54df1d4ed1928e.o
[2026-09-02 07:16:18] ./packages/vendors/custom_transformer/op_impl/ai_core/tbe/kernel/ascend950/recurrent_kda/RecurrentKda_0d664cc551c476e0826821201856653c.json
[2026-09-02 07:16:18] ./packages/vendors/custom_transformer/op_impl/ai_core/tbe/kernel/ascend950/recurrent_kda/RecurrentKda_0d664cc551c476e0826821201856653c.o
[2026-09-02 07:16:18] ./packages/vendors/custom_transformer/op_impl/ai_core/tbe/kernel/ascend950/recurrent_kda/RecurrentKda_0df854f6a4ff151bc791bef274e55eed.json
[2026-09-02 07:16:18] ./packages/vendors/custom_transformer/op_impl/ai_core/tbe/kernel/ascend950/recurrent_kda/RecurrentKda_0df854f6a4ff151bc791bef274e55eed.o
[2026-09-02 07:16:18] ./packages/vendors/custom_transformer/op_impl/ai_core/tbe/kernel/ascend950/recurrent_kda/RecurrentKda_1ac9a791ca2957b2fe0a2e96909b5782.json
[2026-09-02 07:16:18] ./packages/vendors/custom_transformer/op_impl/ai_core/tbe/kernel/ascend950/recurrent_kda/RecurrentKda_1ac9a791ca2957b2fe0a2e96909b5782.o
[2026-09-02 07:16:18] ./packages/vendors/custom_transformer/op_impl/ai_core/tbe/kernel/ascend950/recurrent_kda/RecurrentKda_39c9711de2ad40a711eadea0630c8a75.json
[2026-09-02 07:16:18] ./packages/vendors/custom_transformer/op_impl/ai_core/tbe/kernel/ascend950/recurrent_kda/RecurrentKda_39c9711de2ad40a711eadea0630c8a75.o
[2026-09-02 07:16:18] ./packages/vendors/custom_transformer/op_impl/ai_core/tbe/kernel/ascend950/recurrent_kda/RecurrentKda_3cefe87adadca503415e75bbe725e4dc.json
[2026-09-02 07:16:18] ./packages/vendors/custom_transformer/op_impl/ai_core/tbe/kernel/ascend950/recurrent_kda/RecurrentKda_3cefe87adadca503415e75bbe725e4dc.o
[2026-09-02 07:16:18] ./packages/vendors/custom_transformer/op_impl/ai_core/tbe/kernel/ascend950/recurrent_kda/RecurrentKda_59c3e32e3a40bfa6f60cde8bfa20ba20.json
[2026-09-02 07:16:18] ./packages/vendors/custom_transformer/op_impl/ai_core/tbe/kernel/ascend950/recurrent_kda/RecurrentKda_59c3e32e3a40bfa6f60cde8bfa20ba20.o
[2026-09-02 07:16:18] ./packages/vendors/custom_transformer/op_impl/ai_core/tbe/kernel/ascend950/recurrent_kda/RecurrentKda_64203904f43f5fd64dfa7e42df8f03eb.json
[2026-09-02 07:16:18] ./packages/vendors/custom_transformer/op_impl/ai_core/tbe/kernel/ascend950/recurrent_kda/RecurrentKda_64203904f43f5fd64dfa7e42df8f03eb.o
[2026-09-02 07:16:18] ./packages/vendors/custom_transformer/op_impl/ai_core/tbe/kernel/ascend950/recurrent_kda/RecurrentKda_66cc944118a98dd25f2dca556e96cca5.json
[2026-09-02 07:16:18] ./packages/vendors/custom_transformer/op_impl/ai_core/tbe/kernel/ascend950/recurrent_kda/RecurrentKda_66cc944118a98dd25f2dca556e96cca5.o
[2026-09-02 07:16:18] ./packages/vendors/custom_transformer/op_impl/ai_core/tbe/kernel/ascend950/recurrent_kda/RecurrentKda_72f39dda8dcbfc58ff9300637f2424db.json
[2026-09-02 07:16:18] ./packages/vendors/custom_transformer/op_impl/ai_core/tbe/kernel/ascend950/recurrent_kda/RecurrentKda_72f39dda8dcbfc58ff9300637f2424db.o
[2026-09-02 07:16:18] ./packages/vendors/custom_transformer/op_impl/ai_core/tbe/kernel/ascend950/recurrent_kda/RecurrentKda_8ca0cf5f4b4df0cb538b6816ceac321a.json
[2026-09-02 07:16:18] ./packages/vendors/custom_transformer/op_impl/ai_core/tbe/kernel/ascend950/recurrent_kda/RecurrentKda_8ca0cf5f4b4df0cb538b6816ceac321a.o
[2026-09-02 07:16:18] ./packages/vendors/custom_transformer/op_impl/ai_core/tbe/kernel/ascend950/recurrent_kda/RecurrentKda_9cd90613e36f87f7db8a1ded7e3411d8.json
[2026-09-02 07:16:18] ./packages/vendors/custom_transformer/op_impl/ai_core/tbe/kernel/ascend950/recurrent_kda/RecurrentKda_9cd90613e36f87f7db8a1ded7e3411d8.o
[2026-09-02 07:16:18] ./packages/vendors/custom_transformer/op_impl/ai_core/tbe/kernel/ascend950/recurrent_kda/RecurrentKda_ac50a4ca4a34fcd0a99ee185d11b23d7.json
[2026-09-02 07:16:18] ./packages/vendors/custom_transformer/op_impl/ai_core/tbe/kernel/ascend950/recurrent_kda/RecurrentKda_ac50a4ca4a34fcd0a99ee185d11b23d7.o
[2026-09-02 07:16:18] ./packages/vendors/custom_transformer/op_impl/ai_core/tbe/kernel/ascend950/recurrent_kda/RecurrentKda_ae5cf5a3be4d685eeed12f28b9c4c3ef.json
[2026-09-02 07:16:18] ./packages/vendors/custom_transformer/op_impl/ai_core/tbe/kernel/ascend950/recurrent_kda/RecurrentKda_ae5cf5a3be4d685eeed12f28b9c4c3ef.o
[2026-09-02 07:16:18] ./packages/vendors/custom_transformer/op_impl/ai_core/tbe/kernel/ascend950/recurrent_kda/RecurrentKda_ca037719b6acf440548cbea42487658e.json
[2026-09-02 07:16:18] ./packages/vendors/custom_transformer/op_impl/ai_core/tbe/kernel/ascend950/recurrent_kda/RecurrentKda_ca037719b6acf440548cbea42487658e.o
[2026-09-02 07:16:18] ./packages/vendors/custom_transformer/op_impl/ai_core/tbe/kernel/ascend950/recurrent_kda/RecurrentKda_d6a7049ffad5a62c895e48cca8e33bb2.json
[2026-09-02 07:16:18] ./packages/vendors/custom_transformer/op_impl/ai_core/tbe/kernel/ascend950/recurrent_kda/RecurrentKda_d6a7049ffad5a62c895e48cca8e33bb2.o
[2026-09-02 07:16:18] ./packages/vendors/custom_transformer/op_impl/ai_core/tbe/kernel/ascend950/recurrent_kda/RecurrentKda_ffaeadddcddf5857d177cd15970b7c6c.json
[2026-09-02 07:16:18] ./packages/vendors/custom_transformer/op_impl/ai_core/tbe/kernel/ascend950/recurrent_kda/RecurrentKda_ffaeadddcddf5857d177cd15970b7c6c.o
[2026-09-02 07:16:18] ./packages/vendors/custom_transformer/op_impl/ai_core/tbe/kernel/ascend950/situ_mx_quant_apt/SituMxQuant_2523b24ae84b6af089a958e4663dbfe1.json
[2026-09-02 07:16:18] ./packages/vendors/custom_transformer/op_impl/ai_core/tbe/kernel/ascend950/situ_mx_quant_apt/SituMxQuant_2523b24ae84b6af089a958e4663dbfe1.o
[2026-09-02 07:16:18] ./packages/vendors/custom_transformer/op_impl/ai_core/tbe/kernel/ascend950/situ_mx_quant_apt/SituMxQuant_7825d69e2871b3db99b1bf78661e1b4b.json
[2026-09-02 07:16:18] ./packages/vendors/custom_transformer/op_impl/ai_core/tbe/kernel/ascend950/situ_mx_quant_apt/SituMxQuant_7825d69e2871b3db99b1bf78661e1b4b.o
[2026-09-02 07:16:18] ./packages/vendors/custom_transformer/op_impl/ai_core/tbe/kernel/ascend950/sparse_attention_score/SparseAttentionScore_329cbab42fcf66827fcc71358c7c15b6.json
[2026-09-02 07:16:18] ./packages/vendors/custom_transformer/op_impl/ai_core/tbe/kernel/ascend950/sparse_attention_score/SparseAttentionScore_329cbab42fcf66827fcc71358c7c15b6.o
[2026-09-02 07:16:18] ./packages/vendors/custom_transformer/op_impl/ai_core/tbe/kernel/ascend950/sparse_attention_score/SparseAttentionScore_4ff55ab71b2ac41ef0104ac4a23dbc46.json
[2026-09-02 07:16:18] ./packages/vendors/custom_transformer/op_impl/ai_core/tbe/kernel/ascend950/sparse_attention_score/SparseAttentionScore_4ff55ab71b2ac41ef0104ac4a23dbc46.o
[2026-09-02 07:16:18] ./packages/vendors/custom_transformer/op_impl/ai_core/tbe/kernel/ascend950/sparse_attention_score/SparseAttentionScore_ac74ac7de8c7197f8fb7ac46dd5ffea0.json
[2026-09-02 07:16:18] ./packages/vendors/custom_transformer/op_impl/ai_core/tbe/kernel/ascend950/sparse_attention_score/SparseAttentionScore_ac74ac7de8c7197f8fb7ac46dd5ffea0.o
[2026-09-02 07:16:18] ./packages/vendors/custom_transformer/op_impl/ai_core/tbe/kernel/ascend950/sparse_attention_score/SparseAttentionScore_d539f3860f35560203c5b32624d3465c.json
[2026-09-02 07:16:18] ./packages/vendors/custom_transformer/op_impl/ai_core/tbe/kernel/ascend950/sparse_attention_score/SparseAttentionScore_d539f3860f35560203c5b32624d3465c.o
[2026-09-02 07:16:18] ./packages/vendors/custom_transformer/op_impl/ai_core/tbe/kernel/ascend950/swiglu_group_quant/SwigluGroupQuant_0fc6eb1b2db4b34cb3cea209d26c5d61.json
[2026-09-02 07:16:18] ./packages/vendors/custom_transformer/op_impl/ai_core/tbe/kernel/ascend950/swiglu_group_quant/SwigluGroupQuant_0fc6eb1b2db4b34cb3cea209d26c5d61.o
[2026-09-02 07:16:18] ./packages/vendors/custom_transformer/op_impl/ai_core/tbe/kernel/ascend950/swiglu_group_quant/SwigluGroupQuant_0fc6eb1b2db4b34cb3cea209d26c5d61_relocatable.json
[2026-09-02 07:16:18] ./packages/vendors/custom_transformer/op_impl/ai_core/tbe/kernel/ascend950/swiglu_group_quant/SwigluGroupQuant_0fc6eb1b2db4b34cb3cea209d26c5d61_relocatable.o
[2026-09-02 07:16:18] ./packages/vendors/custom_transformer/op_impl/ai_core/tbe/kernel/ascend950/swiglu_group_quant/SwigluGroupQuant_18fcbe6d5d11a6bb17d1249acfec5a01.json
[2026-09-02 07:16:18] ./packages/vendors/custom_transformer/op_impl/ai_core/tbe/kernel/ascend950/swiglu_group_quant/SwigluGroupQuant_18fcbe6d5d11a6bb17d1249acfec5a01.o
[2026-09-02 07:16:18] ./packages/vendors/custom_transformer/op_impl/ai_core/tbe/kernel/ascend950/swiglu_group_quant/SwigluGroupQuant_18fcbe6d5d11a6bb17d1249acfec5a01_relocatable.json
[2026-09-02 07:16:18] ./packages/vendors/custom_transformer/op_impl/ai_core/tbe/kernel/ascend950/swiglu_group_quant/SwigluGroupQuant_18fcbe6d5d11a6bb17d1249acfec5a01_relocatable.o
[2026-09-02 07:16:18] ./packages/vendors/custom_transformer/op_impl/ai_core/tbe/kernel/ascend950/swiglu_group_quant/SwigluGroupQuant_1df42471c05b03f5ef9588ff119adb9a.json
[2026-09-02 07:16:18] ./packages/vendors/custom_transformer/op_impl/ai_core/tbe/kernel/ascend950/swiglu_group_quant/SwigluGroupQuant_1df42471c05b03f5ef9588ff119adb9a.o
[2026-09-02 07:16:18] ./packages/vendors/custom_transformer/op_impl/ai_core/tbe/kernel/ascend950/swiglu_group_quant/SwigluGroupQuant_1df42471c05b03f5ef9588ff119adb9a_relocatable.json
[2026-09-02 07:16:18] ./packages/vendors/custom_transformer/op_impl/ai_core/tbe/kernel/ascend950/swiglu_group_quant/SwigluGroupQuant_1df42471c05b03f5ef9588ff119adb9a_relocatable.o
[2026-09-02 07:16:18] ./packages/vendors/custom_transformer/op_impl/ai_core/tbe/kernel/ascend950/swiglu_group_quant/SwigluGroupQuant_240cde4c3c56fb6032e7e1a94906df35.json
[2026-09-02 07:16:18] ./packages/vendors/custom_transformer/op_impl/ai_core/tbe/kernel/ascend950/swiglu_group_quant/SwigluGroupQuant_240cde4c3c56fb6032e7e1a94906df35.o
[2026-09-02 07:16:18] ./packages/vendors/custom_transformer/op_impl/ai_core/tbe/kernel/ascend950/swiglu_group_quant/SwigluGroupQuant_240cde4c3c56fb6032e7e1a94906df35_relocatable.json
[2026-09-02 07:16:18] ./packages/vendors/custom_transformer/op_impl/ai_core/tbe/kernel/ascend950/swiglu_group_quant/SwigluGroupQuant_240cde4c3c56fb6032e7e1a94906df35_relocatable.o
[2026-09-02 07:16:18] ./packages/vendors/custom_transformer/op_impl/ai_core/tbe/kernel/ascend950/swiglu_group_quant/SwigluGroupQuant_24fb44829d9e2da75787e6c0157c82b6.json
[2026-09-02 07:16:18] ./packages/vendors/custom_transformer/op_impl/ai_core/tbe/kernel/ascend950/swiglu_group_quant/SwigluGroupQuant_24fb44829d9e2da75787e6c0157c82b6.o
[2026-09-02 07:16:18] ./packages/vendors/custom_transformer/op_impl/ai_core/tbe/kernel/ascend950/swiglu_group_quant/SwigluGroupQuant_24fb44829d9e2da75787e6c0157c82b6_relocatable.json
[2026-09-02 07:16:18] ./packages/vendors/custom_transformer/op_impl/ai_core/tbe/kernel/ascend950/swiglu_group_quant/SwigluGroupQuant_24fb44829d9e2da75787e6c0157c82b6_relocatable.o
[2026-09-02 07:16:18] ./packages/vendors/custom_transformer/op_impl/ai_core/tbe/kernel/ascend950/swiglu_group_quant/SwigluGroupQuant_8c09f79e9134b5ec04883638a770bad3.json
[2026-09-02 07:16:18] ./packages/vendors/custom_transformer/op_impl/ai_core/tbe/kernel/ascend950/swiglu_group_quant/SwigluGroupQuant_8c09f79e9134b5ec04883638a770bad3.o
[2026-09-02 07:16:18] ./packages/vendors/custom_transformer/op_impl/ai_core/tbe/kernel/ascend950/swiglu_group_quant/SwigluGroupQuant_8c09f79e9134b5ec04883638a770bad3_relocatable.json
[2026-09-02 07:16:18] ./packages/vendors/custom_transformer/op_impl/ai_core/tbe/kernel/ascend950/swiglu_group_quant/SwigluGroupQuant_8c09f79e9134b5ec04883638a770bad3_relocatable.o
[2026-09-02 07:16:18] ./packages/vendors/custom_transformer/op_impl/ai_core/tbe/kernel/ascend950/swiglu_group_quant/SwigluGroupQuant_b54fb9bdfaba9ffc6b0d90e69db73fc4.json
[2026-09-02 07:16:18] ./packages/vendors/custom_transformer/op_impl/ai_core/tbe/kernel/ascend950/swiglu_group_quant/SwigluGroupQuant_b54fb9bdfaba9ffc6b0d90e69db73fc4.o
[2026-09-02 07:16:18] ./packages/vendors/custom_transformer/op_impl/ai_core/tbe/kernel/ascend950/swiglu_group_quant/SwigluGroupQuant_b54fb9bdfaba9ffc6b0d90e69db73fc4_relocatable.json
[2026-09-02 07:16:18] ./packages/vendors/custom_transformer/op_impl/ai_core/tbe/kernel/ascend950/swiglu_group_quant/SwigluGroupQuant_b54fb9bdfaba9ffc6b0d90e69db73fc4_relocatable.o
[2026-09-02 07:16:18] ./packages/vendors/custom_transformer/op_impl/ai_core/tbe/kernel/ascend950/swiglu_group_quant/SwigluGroupQuant_dede0fb9de7b00a2ceb87a9a229a219c.json
[2026-09-02 07:16:18] ./packages/vendors/custom_transformer/op_impl/ai_core/tbe/kernel/ascend950/swiglu_group_quant/SwigluGroupQuant_dede0fb9de7b00a2ceb87a9a229a219c.o
[2026-09-02 07:16:18] ./packages/vendors/custom_transformer/op_impl/ai_core/tbe/kernel/ascend950/swiglu_group_quant/SwigluGroupQuant_dede0fb9de7b00a2ceb87a9a229a219c_relocatable.json
[2026-09-02 07:16:18] ./packages/vendors/custom_transformer/op_impl/ai_core/tbe/kernel/ascend950/swiglu_group_quant/SwigluGroupQuant_dede0fb9de7b00a2ceb87a9a229a219c_relocatable.o
[2026-09-02 07:16:18] ./packages/vendors/custom_transformer/op_impl/ai_core/tbe/kernel/ascend950/vllm_quant_lightning_indexer/VllmQuantLightningIndexer_2b6d1df6269f00620ed1b8c1155de695.json
[2026-09-02 07:16:18] ./packages/vendors/custom_transformer/op_impl/ai_core/tbe/kernel/ascend950/vllm_quant_lightning_indexer/VllmQuantLightningIndexer_2b6d1df6269f00620ed1b8c1155de695.o
[2026-09-02 07:16:18] ./packages/vendors/custom_transformer/op_impl/ai_core/tbe/kernel/config/ascend950/binary_info_config.json
[2026-09-02 07:16:18] ./packages/vendors/custom_transformer/op_impl/ai_core/tbe/kernel/config/ascend950/causal_conv1d.json
[2026-09-02 07:16:18] ./packages/vendors/custom_transformer/op_impl/ai_core/tbe/kernel/config/ascend950/chunk_fwd_o.json
[2026-09-02 07:16:18] ./packages/vendors/custom_transformer/op_impl/ai_core/tbe/kernel/config/ascend950/chunk_gated_delta_rule_fwd_h.json
[2026-09-02 07:16:18] ./packages/vendors/custom_transformer/op_impl/ai_core/tbe/kernel/config/ascend950/chunk_kda_fwd.json
[2026-09-02 07:16:18] ./packages/vendors/custom_transformer/op_impl/ai_core/tbe/kernel/config/ascend950/compressor.json
[2026-09-02 07:16:18] ./packages/vendors/custom_transformer/op_impl/ai_core/tbe/kernel/config/ascend950/compressor_metadata.json
[2026-09-02 07:16:18] ./packages/vendors/custom_transformer/op_impl/ai_core/tbe/kernel/config/ascend950/fused_infer_attention_score_v2_sink.json
[2026-09-02 07:16:18] ./packages/vendors/custom_transformer/op_impl/ai_core/tbe/kernel/config/ascend950/hc_post.json
[2026-09-02 07:16:18] ./packages/vendors/custom_transformer/op_impl/ai_core/tbe/kernel/config/ascend950/hc_pre.json
[2026-09-02 07:16:18] ./packages/vendors/custom_transformer/op_impl/ai_core/tbe/kernel/config/ascend950/indexer_compress_epilog_v2.json
[2026-09-02 07:16:18] ./packages/vendors/custom_transformer/op_impl/ai_core/tbe/kernel/config/ascend950/inplace_partial_rotary_mul.json
[2026-09-02 07:16:18] ./packages/vendors/custom_transformer/op_impl/ai_core/tbe/kernel/config/ascend950/k2q_csr_hist_apt.json
[2026-09-02 07:16:18] ./packages/vendors/custom_transformer/op_impl/ai_core/tbe/kernel/config/ascend950/k2q_csr_meta_apt.json
[2026-09-02 07:16:18] ./packages/vendors/custom_transformer/op_impl/ai_core/tbe/kernel/config/ascend950/k2q_csr_row_prefix_apt.json
[2026-09-02 07:16:18] ./packages/vendors/custom_transformer/op_impl/ai_core/tbe/kernel/config/ascend950/k2q_csr_scatter_apt.json
[2026-09-02 07:16:18] ./packages/vendors/custom_transformer/op_impl/ai_core/tbe/kernel/config/ascend950/k2q_csr_tile_prefix_apt.json
[2026-09-02 07:16:18] ./packages/vendors/custom_transformer/op_impl/ai_core/tbe/kernel/config/ascend950/kda_gate_cumsum.json
[2026-09-02 07:16:18] ./packages/vendors/custom_transformer/op_impl/ai_core/tbe/kernel/config/ascend950/kda_layout_swap12.json
[2026-09-02 07:16:18] ./packages/vendors/custom_transformer/op_impl/ai_core/tbe/kernel/config/ascend950/kv_compress_epilog.json
[2026-09-02 07:16:18] ./packages/vendors/custom_transformer/op_impl/ai_core/tbe/kernel/config/ascend950/kv_quant_sparse_attn_sharedkv.json
[2026-09-02 07:16:18] ./packages/vendors/custom_transformer/op_impl/ai_core/tbe/kernel/config/ascend950/moe_gating_top_k_hash.json
[2026-09-02 07:16:18] ./packages/vendors/custom_transformer/op_impl/ai_core/tbe/kernel/config/ascend950/recurrent_gated_delta_rule.json
[2026-09-02 07:16:18] ./packages/vendors/custom_transformer/op_impl/ai_core/tbe/kernel/config/ascend950/recurrent_kda.json
[2026-09-02 07:16:18] ./packages/vendors/custom_transformer/op_impl/ai_core/tbe/kernel/config/ascend950/relocatable_kernel_info_config.json
[2026-09-02 07:16:18] ./packages/vendors/custom_transformer/op_impl/ai_core/tbe/kernel/config/ascend950/situ_mx_quant_apt.json
[2026-09-02 07:16:18] ./packages/vendors/custom_transformer/op_impl/ai_core/tbe/kernel/config/ascend950/sparse_attention_score.json
[2026-09-02 07:16:18] ./packages/vendors/custom_transformer/op_impl/ai_core/tbe/kernel/config/ascend950/swiglu_group_quant.json
[2026-09-02 07:16:18] ./packages/vendors/custom_transformer/op_impl/ai_core/tbe/kernel/config/ascend950/vllm_quant_lightning_indexer.json
[2026-09-02 07:16:18] ./packages/vendors/custom_transformer/op_impl/ai_core/tbe/op_tiling/lib/linux/x86_64/libcust_opmaster_rt2.0.so
[2026-09-02 07:16:18] ./packages/vendors/custom_transformer/op_impl/ai_core/tbe/op_tiling/liboptiling.so
[2026-09-02 07:16:18] ./packages/vendors/custom_transformer/op_impl/cpu/aicpu_kernel/impl/libfia_v2_sink_aicpu_kernels.so
[2026-09-02 07:16:18] ./packages/vendors/custom_transformer/op_impl/cpu/aicpu_kernel/impl/libtransformer_aicpu_kernels.so
[2026-09-02 07:16:18] ./packages/vendors/custom_transformer/op_impl/cpu/config/cust_aicpu_kernel.json
[2026-09-02 07:16:18] ./packages/vendors/custom_transformer/op_proto/inc/causal_conv1d_proto.h
[2026-09-02 07:16:18] ./packages/vendors/custom_transformer/op_proto/inc/chunk_fwd_o_proto.h
[2026-09-02 07:16:18] ./packages/vendors/custom_transformer/op_proto/inc/chunk_gated_delta_rule_fwd_h_proto.h
[2026-09-02 07:16:18] ./packages/vendors/custom_transformer/op_proto/inc/chunk_kda_fwd_proto.h
[2026-09-02 07:16:18] ./packages/vendors/custom_transformer/op_proto/inc/compressor_metadata_proto.h
[2026-09-02 07:16:18] ./packages/vendors/custom_transformer/op_proto/inc/compressor_proto.h
[2026-09-02 07:16:18] ./packages/vendors/custom_transformer/op_proto/inc/fused_infer_attention_score_v2_sink_proto.h
[2026-09-02 07:16:18] ./packages/vendors/custom_transformer/op_proto/inc/hc_post_proto.h
[2026-09-02 07:16:18] ./packages/vendors/custom_transformer/op_proto/inc/hc_pre_proto.h
[2026-09-02 07:16:18] ./packages/vendors/custom_transformer/op_proto/inc/indexer_compress_epilog_v2_proto.h
[2026-09-02 07:16:18] ./packages/vendors/custom_transformer/op_proto/inc/inplace_partial_rotary_mul_proto.h
[2026-09-02 07:16:18] ./packages/vendors/custom_transformer/op_proto/inc/k2q_csr_hist_proto.h
[2026-09-02 07:16:18] ./packages/vendors/custom_transformer/op_proto/inc/k2q_csr_meta_proto.h
[2026-09-02 07:16:18] ./packages/vendors/custom_transformer/op_proto/inc/k2q_csr_row_prefix_proto.h
[2026-09-02 07:16:18] ./packages/vendors/custom_transformer/op_proto/inc/k2q_csr_scatter_proto.h
[2026-09-02 07:16:18] ./packages/vendors/custom_transformer/op_proto/inc/k2q_csr_tile_prefix_proto.h
[2026-09-02 07:16:18] ./packages/vendors/custom_transformer/op_proto/inc/kda_gate_cumsum_proto.h
[2026-09-02 07:16:18] ./packages/vendors/custom_transformer/op_proto/inc/kda_layout_swap12_proto.h
[2026-09-02 07:16:18] ./packages/vendors/custom_transformer/op_proto/inc/kv_compress_epilog_proto.h
[2026-09-02 07:16:18] ./packages/vendors/custom_transformer/op_proto/inc/kv_quant_sparse_attn_sharedkv_proto.h
[2026-09-02 07:16:18] ./packages/vendors/custom_transformer/op_proto/inc/moe_gating_top_k_hash_proto.h
[2026-09-02 07:16:18] ./packages/vendors/custom_transformer/op_proto/inc/recurrent_gated_delta_rule_proto.h
[2026-09-02 07:16:18] ./packages/vendors/custom_transformer/op_proto/inc/recurrent_kda_proto.h
[2026-09-02 07:16:18] ./packages/vendors/custom_transformer/op_proto/inc/situ_mx_quant_proto.h
[2026-09-02 07:16:18] ./packages/vendors/custom_transformer/op_proto/inc/sparse_attention_score_proto.h
[2026-09-02 07:16:18] ./packages/vendors/custom_transformer/op_proto/inc/store_kv_block_proto.h
[2026-09-02 07:16:18] ./packages/vendors/custom_transformer/op_proto/inc/swiglu_group_quant_proto.h
[2026-09-02 07:16:18] ./packages/vendors/custom_transformer/op_proto/inc/vllm_quant_lightning_indexer_proto.h
[2026-09-02 07:16:18] ./packages/vendors/custom_transformer/op_proto/lib/linux/x86_64/libcust_opsproto_rt2.0.so
[2026-09-02 07:16:18] ./packages/vendors/custom_transformer/version.info
[2026-09-02 07:16:18] ./uninstall.sh
[2026-09-02 07:16:18] ./upgrade.sh
[2026-09-02 07:16:18] CRC: 2421741630
[2026-09-02 07:16:18] SHA256: 2abfda731a7ececc3aced8b2075e2257091e13ecc9dc67d8c947dde9ca260563
[2026-09-02 07:16:18] Skipping md5sum at user request
[2026-09-02 07:16:18] 
[2026-09-02 07:16:18] Self-extractable archive "cann-ops-transformer-custom_linux-x86_64.run" successfully created.
[2026-09-02 07:16:18] Copy /home/t00886357/fia_sink_a5_port_base/vllm-ascend/csrc/build/_CPack_Packages/Linux/External/cann-ops-transformer-custom_linux-x86_64.run/cann-ops-transformer-custom_linux-x86_64.run to /home/t00886357/fia_sink_a5_port_base/vllm-ascend/csrc/build/
[2026-09-02 07:16:18] Copy /home/t00886357/fia_sink_a5_port_base/vllm-ascend/csrc/build/_CPack_Packages/Linux/External/cann-ops-transformer-custom_linux-x86_64.run/cann-ops-transformer-custom_linux-x86_64.run to /home/t00886357/fia_sink_a5_port_base/vllm-ascend/csrc/build_out/
[2026-09-02 07:16:18] CPack: - package: /home/t00886357/fia_sink_a5_port_base/vllm-ascend/csrc/build/cann-ops-transformer-custom_linux-x86_64.run.json generated.
[2026-09-02 07:16:18] CPack: - package: /home/t00886357/fia_sink_a5_port_base/vllm-ascend/csrc/build/cann-ops-transformer-custom_linux-x86_64.run generated.
[build_aclnn] build.sh finished
[build_aclnn] custom_ops_install_dir=/home/t00886357/fia_sink_a5_port_base/vllm-ascend/vllm_ascend/_cann_ops_custom
[build_aclnn] installer candidate count=1
[build_aclnn] installer candidate: -rwxr-xr-x 1 root root 39M Sep  2 07:16 ./build/cann-ops-transformer-custom_linux-x86_64.run
[build_aclnn] running installer: ./build/cann-ops-transformer-custom_linux-x86_64.run
Verifying archive integrity...     0%    10%    20%    31%    41%    52%    62%    72%    83%    93%  100%   SHA256 checksums are OK. All good.
Uncompressing version:1.0     0%    10%    20%    31%    41%    52%    62%    72%    83%    93%  100%  
[ops_custom] [2026-09-02 07:16:19] [INFO] create /home/t00886357/fia_sink_a5_port_base/vllm-ascend/vllm_ascend/_cann_ops_custom/vendors.
[ops_custom] [2026-09-02 07:16:19] [INFO] create /home/t00886357/fia_sink_a5_port_base/vllm-ascend/vllm_ascend/_cann_ops_custom/vendors/custom_transformer.
[ops_custom] [2026-09-02 07:16:19] [INFO] validate shared libraries before installation
[ops_custom] [2026-09-02 07:16:19] [INFO] upgrade framework
[ops_custom] [2026-09-02 07:16:19] [INFO] no need to upgrade ops framework files
[ops_custom] [2026-09-02 07:16:19] [INFO] upgrade op proto
[ops_custom] [2026-09-02 07:16:19] [INFO] create /home/t00886357/fia_sink_a5_port_base/vllm-ascend/vllm_ascend/_cann_ops_custom/vendors/custom_transformer/op_proto.
[ops_custom] [2026-09-02 07:16:19] [INFO] copy new ops op_proto files ......
[ops_custom] [2026-09-02 07:16:19] [INFO] upgrade op impl
[ops_custom] [2026-09-02 07:16:19] [INFO] create /home/t00886357/fia_sink_a5_port_base/vllm-ascend/vllm_ascend/_cann_ops_custom/vendors/custom_transformer/op_impl.
[ops_custom] [2026-09-02 07:16:19] [INFO] copy new ops op_impl files ......
[ops_custom] [2026-09-02 07:16:19] [INFO] upgrade op api
[ops_custom] [2026-09-02 07:16:19] [INFO] create /home/t00886357/fia_sink_a5_port_base/vllm-ascend/vllm_ascend/_cann_ops_custom/vendors/custom_transformer/op_api.
[ops_custom] [2026-09-02 07:16:19] [INFO] copy new ops op_api files ......
[ops_custom] [2026-09-02 07:16:19] [INFO] upgrade uninstall
[ops_custom] [2026-09-02 07:16:19] [INFO] copy new uninstall.sh files ......
[ops_custom] [2026-09-02 07:16:19] [INFO] upgrade version.info
[ops_custom] [2026-09-02 07:16:19] [INFO] copy new version.info files ......
[ops_custom] [2026-09-02 07:16:19] [INFO] no need to upgrade custom.proto files
[ops_custom] [2026-09-02 07:16:19] [INFO] using requirements: when custom module install finished or before you run the custom module, execute the command [ source /home/t00886357/fia_sink_a5_port_base/vllm-ascend/vllm_ascend/_cann_ops_custom/vendors/custom_transformer/bin/set_env.bash ] to set the environment path
SUCCESS
[build_aclnn] installer finished
[build_aclnn] installed files under /home/t00886357/fia_sink_a5_port_base/vllm-ascend/vllm_ascend/_cann_ops_custom (maxdepth=4, first 120 entries):
[build_aclnn] install: /home/t00886357/fia_sink_a5_port_base/vllm-ascend/vllm_ascend/_cann_ops_custom/.gitkeep
[build_aclnn] install: /home/t00886357/fia_sink_a5_port_base/vllm-ascend/vllm_ascend/_cann_ops_custom/vendors
[build_aclnn] install: /home/t00886357/fia_sink_a5_port_base/vllm-ascend/vllm_ascend/_cann_ops_custom/vendors/custom_transformer
[build_aclnn] install: /home/t00886357/fia_sink_a5_port_base/vllm-ascend/vllm_ascend/_cann_ops_custom/vendors/custom_transformer/bin
[build_aclnn] install: /home/t00886357/fia_sink_a5_port_base/vllm-ascend/vllm_ascend/_cann_ops_custom/vendors/custom_transformer/bin/set_env.bash
[build_aclnn] install: /home/t00886357/fia_sink_a5_port_base/vllm-ascend/vllm_ascend/_cann_ops_custom/vendors/custom_transformer/op_api
[build_aclnn] install: /home/t00886357/fia_sink_a5_port_base/vllm-ascend/vllm_ascend/_cann_ops_custom/vendors/custom_transformer/op_api/include
[build_aclnn] install: /home/t00886357/fia_sink_a5_port_base/vllm-ascend/vllm_ascend/_cann_ops_custom/vendors/custom_transformer/op_api/lib
[build_aclnn] install: /home/t00886357/fia_sink_a5_port_base/vllm-ascend/vllm_ascend/_cann_ops_custom/vendors/custom_transformer/op_impl
[build_aclnn] install: /home/t00886357/fia_sink_a5_port_base/vllm-ascend/vllm_ascend/_cann_ops_custom/vendors/custom_transformer/op_impl/ai_core
[build_aclnn] install: /home/t00886357/fia_sink_a5_port_base/vllm-ascend/vllm_ascend/_cann_ops_custom/vendors/custom_transformer/op_impl/cpu
[build_aclnn] install: /home/t00886357/fia_sink_a5_port_base/vllm-ascend/vllm_ascend/_cann_ops_custom/vendors/custom_transformer/op_proto
[build_aclnn] install: /home/t00886357/fia_sink_a5_port_base/vllm-ascend/vllm_ascend/_cann_ops_custom/vendors/custom_transformer/op_proto/inc
[build_aclnn] install: /home/t00886357/fia_sink_a5_port_base/vllm-ascend/vllm_ascend/_cann_ops_custom/vendors/custom_transformer/op_proto/lib
[build_aclnn] install: /home/t00886357/fia_sink_a5_port_base/vllm-ascend/vllm_ascend/_cann_ops_custom/vendors/custom_transformer/scripts
[build_aclnn] install: /home/t00886357/fia_sink_a5_port_base/vllm-ascend/vllm_ascend/_cann_ops_custom/vendors/custom_transformer/scripts/uninstall.sh
[build_aclnn] install: /home/t00886357/fia_sink_a5_port_base/vllm-ascend/vllm_ascend/_cann_ops_custom/vendors/custom_transformer/version.info
[build_aclnn] VLLM_BATCH_INVARIANT is not set to 1, skipping batch_invariant ops build
Running bash build_aclnn.sh ...
build_aclnn.sh executed successfully!
Found existing ASCEND_HOME_PATH: /usr/local/Ascend/cann-9.1.0
Found existing PYTHON_EXECUTABLE: /usr/local/python3.11.10/bin/python3
Found existing PYTHON_INCLUDE_PATH: /usr/local/python3.11.10/include/python3.11
/usr/local/python3.11.10/lib/python3.11/site-packages/setuptools/_distutils/cmd.py:90: DevelopDeprecationWarning: develop command is deprecated.
!!

        ********************************************************************************
        Please avoid running ``setup.py`` and ``develop``.
        Instead, use standards-based tools like pip or uv.

        This deprecation is overdue, please update your project and remove deprecated
        calls to avoid build errors in the future.

        See https://github.com/pypa/setuptools/issues/917 for details.
        ********************************************************************************

!!
  self.initialize_options()
cmake config command: ['cmake', '-DCMAKE_BUILD_TYPE=Release', '-DCMAKE_EXPORT_COMPILE_COMMANDS=1', '-DASCEND_HOME_PATH=/usr/local/Ascend/cann-9.1.0', '-DPYTHON_EXECUTABLE=/usr/local/python3.11.10/bin/python3', '-DPYTHON_INCLUDE_PATH=/usr/local/python3.11.10/include/python3.11', '-DCMAKE_INSTALL_PREFIX=/home/t00886357/fia_sink_a5_port_base/vllm-ascend/vllm_ascend', '-DCMAKE_PREFIX_PATH=/usr/local/python3.11.10/lib/python3.11/site-packages/pybind11/share/cmake/pybind11', '-DSOC_VERSION=ascend950pr_9599', '-DFETCHCONTENT_BASE_DIR=/home/t00886357/fia_sink_a5_port_base/vllm-ascend/.deps', '-DTORCH_NPU_PATH=/usr/local/python3.11.10/lib/python3.11/site-packages/torch_npu', '/home/t00886357/fia_sink_a5_port_base/vllm-ascend']
CMake Warning (author) at /usr/local/python3.11.10/lib/python3.11/site-packages/pybind11/share/cmake/pybind11/FindPythonLibsNew.cmake:101 (message):
  Policy CMP0148 is not set: The FindPythonInterp and FindPythonLibs modules
  are removed.  Run "cmake --help-policy CMP0148" for policy details.  Use
  the cmake_policy command to set the policy and suppress this warning, or
  preferably upgrade to using FindPython, either by calling it explicitly
  before pybind11, or by setting PYBIND11_FINDPYTHON ON before pybind11.
Call Stack (most recent call first):
  /usr/local/python3.11.10/lib/python3.11/site-packages/pybind11/share/cmake/pybind11/pybind11Tools.cmake:44 (find_package)
  /usr/local/python3.11.10/lib/python3.11/site-packages/pybind11/share/cmake/pybind11/pybind11Common.cmake:243 (include)
  /usr/local/python3.11.10/lib/python3.11/site-packages/pybind11/share/cmake/pybind11/pybind11Config.cmake:257 (include)
  CMakeLists.txt:15 (find_package)
This warning is for project developers.  Use -Wno-author to suppress it.

CMake Warning (deprecated) at /usr/local/python3.11.10/lib/python3.11/site-packages/pybind11/share/cmake/pybind11/FindPythonLibsNew.cmake:110 (cmake_policy):
  The OLD behavior for policy CMP0148 will be removed from a future version
  of CMake.

  The cmake-policies(7) manual explains that the OLD behaviors of all
  policies are deprecated and that a policy should be set to OLD only under
  specific short-term circumstances.  Projects should be ported to the NEW
  behavior and not rely on setting a policy to OLD.
Call Stack (most recent call first):
  /usr/local/python3.11.10/lib/python3.11/site-packages/pybind11/share/cmake/pybind11/pybind11Tools.cmake:44 (find_package)
  /usr/local/python3.11.10/lib/python3.11/site-packages/pybind11/share/cmake/pybind11/pybind11Common.cmake:243 (include)
  /usr/local/python3.11.10/lib/python3.11/site-packages/pybind11/share/cmake/pybind11/pybind11Config.cmake:257 (include)
  CMakeLists.txt:15 (find_package)
This warning is for project developers.  Use -Wno-author or -Wno-deprecated
to suppress it.

-- Found pybind11: /usr/local/python3.11.10/lib/python3.11/site-packages/pybind11/include (found version "3.1.0")
CMake Warning at /usr/local/python3.11.10/lib/python3.11/site-packages/torch/share/cmake/Torch/TorchConfig.cmake:22 (message):
  static library kineto_LIBRARY-NOTFOUND not found.
Call Stack (most recent call first):
  /usr/local/python3.11.10/lib/python3.11/site-packages/torch/share/cmake/Torch/TorchConfig.cmake:125 (append_torchlib_if_found)
  CMakeLists.txt:20 (find_package)


-- Detected SOC version: ascend950pr_9599
-- A5 hardware detected: disabling MLAPO operators
-- A5 hardware detected: excluding batch_matmul_transpose operators
-- Hardware ascend950pr_9599 detected: skip vllm_ascend_kernels compile
TORCH_NPU_PATH is /usr/local/python3.11.10/lib/python3.11/site-packages/torch_npu
-- aclrtMemcpyBatchAsync: detected in CANN headers, enabling batch memcpy path
-- Configuring done (9.5s)
-- Generating done (0.0s)
-- Build files have been written to: /home/t00886357/fia_sink_a5_port_base/vllm-ascend/build/temp.linux-x86_64-cpython-311
CMake Warning:
  Ignoring extra path from command line:

   "cmake"


CMake Warning (author) at /usr/local/python3.11.10/lib/python3.11/site-packages/pybind11/share/cmake/pybind11/FindPythonLibsNew.cmake:101 (message):
  Policy CMP0148 is not set: The FindPythonInterp and FindPythonLibs modules
  are removed.  Run "cmake --help-policy CMP0148" for policy details.  Use
  the cmake_policy command to set the policy and suppress this warning, or
  preferably upgrade to using FindPython, either by calling it explicitly
  before pybind11, or by setting PYBIND11_FINDPYTHON ON before pybind11.
Call Stack (most recent call first):
  /usr/local/python3.11.10/lib/python3.11/site-packages/pybind11/share/cmake/pybind11/pybind11Tools.cmake:44 (find_package)
  /usr/local/python3.11.10/lib/python3.11/site-packages/pybind11/share/cmake/pybind11/pybind11Common.cmake:243 (include)
  /usr/local/python3.11.10/lib/python3.11/site-packages/pybind11/share/cmake/pybind11/pybind11Config.cmake:257 (include)
  CMakeLists.txt:15 (find_package)
This warning is for project developers.  Use -Wno-author to suppress it.

CMake Warning (deprecated) at /usr/local/python3.11.10/lib/python3.11/site-packages/pybind11/share/cmake/pybind11/FindPythonLibsNew.cmake:110 (cmake_policy):
  The OLD behavior for policy CMP0148 will be removed from a future version
  of CMake.

  The cmake-policies(7) manual explains that the OLD behaviors of all
  policies are deprecated and that a policy should be set to OLD only under
  specific short-term circumstances.  Projects should be ported to the NEW
  behavior and not rely on setting a policy to OLD.
Call Stack (most recent call first):
  /usr/local/python3.11.10/lib/python3.11/site-packages/pybind11/share/cmake/pybind11/pybind11Tools.cmake:44 (find_package)
  /usr/local/python3.11.10/lib/python3.11/site-packages/pybind11/share/cmake/pybind11/pybind11Common.cmake:243 (include)
  /usr/local/python3.11.10/lib/python3.11/site-packages/pybind11/share/cmake/pybind11/pybind11Config.cmake:257 (include)
  CMakeLists.txt:15 (find_package)
This warning is for project developers.  Use -Wno-author or -Wno-deprecated
to suppress it.

-- Found pybind11: /usr/local/python3.11.10/lib/python3.11/site-packages/pybind11/include (found version "3.1.0")
CMake Warning at /usr/local/python3.11.10/lib/python3.11/site-packages/torch/share/cmake/Torch/TorchConfig.cmake:22 (message):
  static library kineto_LIBRARY-NOTFOUND not found.
Call Stack (most recent call first):
  /usr/local/python3.11.10/lib/python3.11/site-packages/torch/share/cmake/Torch/TorchConfig.cmake:125 (append_torchlib_if_found)
  CMakeLists.txt:20 (find_package)


-- Detected SOC version: ascend950pr_9599
-- A5 hardware detected: disabling MLAPO operators
-- A5 hardware detected: excluding batch_matmul_transpose operators
-- Hardware ascend950pr_9599 detected: skip vllm_ascend_kernels compile
TORCH_NPU_PATH is /usr/local/python3.11.10/lib/python3.11/site-packages/torch_npu
-- aclrtMemcpyBatchAsync: detected in CANN headers, enabling batch memcpy path
-- Configuring done (8.5s)
-- Generating done (0.0s)
-- Build files have been written to: /home/t00886357/fia_sink_a5_port_base/vllm-ascend/build/temp.linux-x86_64-cpython-311
Using MAX_JOBS=64 as the number of jobs.
[100%] Built target vllm_ascend_C
-- Install configuration: "Release"
-- Installing: /home/t00886357/fia_sink_a5_port_base/vllm-ascend/vllm_ascend/vllm_ascend_C.cpython-311-x86_64-linux-gnu.so
Copy: build/temp.linux-x86_64-cpython-311/vllm_ascend_C.cpython-311-x86_64-linux-gnu.so -> build/lib.linux-x86_64-cpython-311/vllm_ascend/vllm_ascend_C.cpython-311-x86_64-linux-gnu.so
Copy: /home/t00886357/fia_sink_a5_port_base/vllm-ascend/vllm_ascend/_cann_ops_custom -> build/lib.linux-x86_64-cpython-311/vllm_ascend/_cann_ops_custom
copying build/lib.linux-x86_64-cpython-311/vllm_ascend/vllm_ascend_C.cpython-311-x86_64-linux-gnu.so -> vllm_ascend
[build.sh] done (SOC_VERSION=ascend950pr_9599). artifacts:
-rwxr-x---  1 root root    10475 Sep  2 07:16 FusedInferAttentionScoreV2Sink_f94076a7655ef41b5c54277d6ebc204f.json
-rwxr-x---  1 root root     5288 Sep  2 07:16 FusedInferAttentionScoreV2Sink_f94076a7655ef41b5c54277d6ebc204f.o
-rwxr-x---  1 root root    10485 Sep  2 07:16 FusedInferAttentionScoreV2Sink_f9bae0033134e0df2b402ea5dee83479.json
-rwxr-x---  1 root root     5288 Sep  2 07:16 FusedInferAttentionScoreV2Sink_f9bae0033134e0df2b402ea5dee83479.o
