/usr/local/python3.11.10/lib/python3.11/site-packages/setuptools/dist.py:765: SetuptoolsDeprecationWarning: License classifiers are deprecated.
!!

        ********************************************************************************
        Please consider removing the following classifiers in favor of a SPDX license expression:

        License :: OSI Approved :: Apache Software License

        See https://packaging.python.org/en/latest/guides/writing-pyproject-toml/#license for details.
        ********************************************************************************

!!
  self._finalize_license_expression()
running build_ext
running build_aclnn
[build_aclnn] start: ROOT_DIR=/home/t00886357/fia_sink_a5_port_base/vllm-ascend SOC_VERSION=ascend950pr_9599 cwd=/home/t00886357/fia_sink_a5_port_base/vllm-ascend
[build_aclnn] env: ASCEND_HOME_PATH=/usr/local/Ascend/cann-9.1.0 ASCEND_TOOLKIT_HOME=/usr/local/Ascend/cann-9.1.0
[build_aclnn] matched SOC branch: ascend950
[build_aclnn] catlass include=/home/t00886357/fia_sink_a5_port_base/vllm-ascend/csrc/third_party/catlass/include
[build_aclnn] resolved SOC_ARG=ascend950
[build_aclnn] resolved CUSTOM_OPS=moe_gating_top_k_hash;inplace_partial_rotary_mul;kv_compress_epilog;compressor;compressor_metadata;vllm_quant_lightning_indexer;vllm_quant_lightning_indexer_metadata;kv_quant_sparse_attn_sharedkv;kv_quant_sparse_attn_sharedkv_metadata;hc_post;hc_pre;swiglu_group_quant;situ_mx_quant;indexer_compress_epilog_v2;causal_conv1d;recurrent_gated_delta_rule;recurrent_kda;chunk_fwd_o;chunk_gated_delta_rule_fwd_h;chunk_kda_fwd;kda_gate_cumsum;kda_layout_swap12;store_kv_block;store_kv_block_metadata;k2q_csr;sparse_attention_score;fused_infer_attention_score_v2_sink;fused_infer_attention_score_v2_sink_metadata
[build_aclnn] custom op count=28
[build_aclnn] op moe_gating_top_k_hash: dir=/home/t00886357/fia_sink_a5_port_base/vllm-ascend/csrc/moe/moe_gating_top_k_hash cmake=yes op_host_cmake=yes op_kernel_cpp_count=1
[build_aclnn] op inplace_partial_rotary_mul: dir=/home/t00886357/fia_sink_a5_port_base/vllm-ascend/csrc/attention/inplace_partial_rotary_mul cmake=yes op_host_cmake=yes op_kernel_cpp_count=1
[build_aclnn] op kv_compress_epilog: dir=/home/t00886357/fia_sink_a5_port_base/vllm-ascend/csrc/attention/kv_compress_epilog cmake=yes op_host_cmake=yes op_kernel_cpp_count=1
[build_aclnn] op compressor: dir=/home/t00886357/fia_sink_a5_port_base/vllm-ascend/csrc/attention/compressor cmake=yes op_host_cmake=yes op_kernel_cpp_count=1
[build_aclnn] op compressor_metadata: dir=/home/t00886357/fia_sink_a5_port_base/vllm-ascend/csrc/attention/compressor_metadata cmake=yes op_host_cmake=yes op_kernel_cpp_count=1
[build_aclnn] op vllm_quant_lightning_indexer: dir=/home/t00886357/fia_sink_a5_port_base/vllm-ascend/csrc/attention/vllm_quant_lightning_indexer cmake=yes op_host_cmake=yes op_kernel_cpp_count=1
[build_aclnn] op vllm_quant_lightning_indexer_metadata: dir=/home/t00886357/fia_sink_a5_port_base/vllm-ascend/csrc/attention/vllm_quant_lightning_indexer_metadata cmake=yes op_host_cmake=no op_kernel_cpp_count=0
[build_aclnn] op kv_quant_sparse_attn_sharedkv: dir=/home/t00886357/fia_sink_a5_port_base/vllm-ascend/csrc/attention/kv_quant_sparse_attn_sharedkv cmake=yes op_host_cmake=yes op_kernel_cpp_count=1
[build_aclnn] op kv_quant_sparse_attn_sharedkv_metadata: dir=/home/t00886357/fia_sink_a5_port_base/vllm-ascend/csrc/attention/kv_quant_sparse_attn_sharedkv_metadata cmake=yes op_host_cmake=yes op_kernel_cpp_count=0
[build_aclnn] op hc_post: dir=/home/t00886357/fia_sink_a5_port_base/vllm-ascend/csrc/moe/hc_post cmake=yes op_host_cmake=yes op_kernel_cpp_count=1
[build_aclnn] op hc_pre: dir=/home/t00886357/fia_sink_a5_port_base/vllm-ascend/csrc/moe/hc_pre cmake=yes op_host_cmake=yes op_kernel_cpp_count=1
[build_aclnn] op swiglu_group_quant: dir=/home/t00886357/fia_sink_a5_port_base/vllm-ascend/csrc/moe/swiglu_group_quant cmake=yes op_host_cmake=yes op_kernel_cpp_count=1
[build_aclnn] op situ_mx_quant: dir=/home/t00886357/fia_sink_a5_port_base/vllm-ascend/csrc/moe/situ_mx_quant cmake=yes op_host_cmake=yes op_kernel_cpp_count=1
[build_aclnn] op indexer_compress_epilog_v2: dir=/home/t00886357/fia_sink_a5_port_base/vllm-ascend/csrc/attention/indexer_compress_epilog_v2 cmake=yes op_host_cmake=yes op_kernel_cpp_count=1
[build_aclnn] op causal_conv1d: dir=/home/t00886357/fia_sink_a5_port_base/vllm-ascend/csrc/moe/causal_conv1d cmake=yes op_host_cmake=yes op_kernel_cpp_count=1
[build_aclnn] op recurrent_gated_delta_rule: dir=/home/t00886357/fia_sink_a5_port_base/vllm-ascend/csrc/attention/recurrent_gated_delta_rule cmake=yes op_host_cmake=yes op_kernel_cpp_count=1
[build_aclnn] op recurrent_kda: dir=/home/t00886357/fia_sink_a5_port_base/vllm-ascend/csrc/attention/recurrent_kda cmake=yes op_host_cmake=yes op_kernel_cpp_count=1
[build_aclnn] op chunk_fwd_o: dir=/home/t00886357/fia_sink_a5_port_base/vllm-ascend/csrc/moe/chunk_fwd_o cmake=yes op_host_cmake=yes op_kernel_cpp_count=1
[build_aclnn] op chunk_gated_delta_rule_fwd_h: dir=/home/t00886357/fia_sink_a5_port_base/vllm-ascend/csrc/moe/chunk_gated_delta_rule_fwd_h cmake=yes op_host_cmake=yes op_kernel_cpp_count=1
[build_aclnn] op chunk_kda_fwd: dir=/home/t00886357/fia_sink_a5_port_base/vllm-ascend/csrc/attention/chunk_kda_fwd cmake=yes op_host_cmake=yes op_kernel_cpp_count=1
[build_aclnn] op kda_gate_cumsum: dir=/home/t00886357/fia_sink_a5_port_base/vllm-ascend/csrc/attention/kda_gate_cumsum cmake=yes op_host_cmake=yes op_kernel_cpp_count=1
[build_aclnn] op kda_layout_swap12: dir=/home/t00886357/fia_sink_a5_port_base/vllm-ascend/csrc/attention/kda_layout_swap12 cmake=yes op_host_cmake=yes op_kernel_cpp_count=1
[build_aclnn] op store_kv_block: dir=/home/t00886357/fia_sink_a5_port_base/vllm-ascend/csrc/attention/store_kv_block cmake=yes op_host_cmake=yes op_kernel_cpp_count=1
[build_aclnn] op store_kv_block_metadata: dir=/home/t00886357/fia_sink_a5_port_base/vllm-ascend/csrc/attention/store_kv_block_metadata cmake=yes op_host_cmake=no op_kernel_cpp_count=0
[build_aclnn] op k2q_csr: dir=/home/t00886357/fia_sink_a5_port_base/vllm-ascend/csrc/attention/k2q_csr cmake=yes op_host_cmake=no op_kernel_cpp_count=0
[build_aclnn] op sparse_attention_score: dir=/home/t00886357/fia_sink_a5_port_base/vllm-ascend/csrc/attention/sparse_attention_score cmake=yes op_host_cmake=yes op_kernel_cpp_count=2
[build_aclnn] op fused_infer_attention_score_v2_sink: dir=/home/t00886357/fia_sink_a5_port_base/vllm-ascend/csrc/attention/fused_infer_attention_score_v2_sink cmake=yes op_host_cmake=no op_kernel_cpp_count=1
[build_aclnn] op fused_infer_attention_score_v2_sink_metadata: dir=/home/t00886357/fia_sink_a5_port_base/vllm-ascend/csrc/attention/fused_infer_attention_score_v2_sink_metadata cmake=yes op_host_cmake=no op_kernel_cpp_count=0
[build_aclnn] subshell cwd before cd=/home/t00886357/fia_sink_a5_port_base/vllm-ascend
[build_aclnn] subshell cwd after cd=/home/t00886357/fia_sink_a5_port_base/vllm-ascend/csrc
[build_aclnn] preserving csrc/build and cleaning output dirs
[build_aclnn] build command: bash build.sh --pkg --ops="moe_gating_top_k_hash;inplace_partial_rotary_mul;kv_compress_epilog;compressor;compressor_metadata;vllm_quant_lightning_indexer;vllm_quant_lightning_indexer_metadata;kv_quant_sparse_attn_sharedkv;kv_quant_sparse_attn_sharedkv_metadata;hc_post;hc_pre;swiglu_group_quant;situ_mx_quant;indexer_compress_epilog_v2;causal_conv1d;recurrent_gated_delta_rule;recurrent_kda;chunk_fwd_o;chunk_gated_delta_rule_fwd_h;chunk_kda_fwd;kda_gate_cumsum;kda_layout_swap12;store_kv_block;store_kv_block_metadata;k2q_csr;sparse_attention_score;fused_infer_attention_score_v2_sink;fused_infer_attention_score_v2_sink_metadata" --soc="ascend950"
[build_aclnn] building custom ops moe_gating_top_k_hash;inplace_partial_rotary_mul;kv_compress_epilog;compressor;compressor_metadata;vllm_quant_lightning_indexer;vllm_quant_lightning_indexer_metadata;kv_quant_sparse_attn_sharedkv;kv_quant_sparse_attn_sharedkv_metadata;hc_post;hc_pre;swiglu_group_quant;situ_mx_quant;indexer_compress_epilog_v2;causal_conv1d;recurrent_gated_delta_rule;recurrent_kda;chunk_fwd_o;chunk_gated_delta_rule_fwd_h;chunk_kda_fwd;kda_gate_cumsum;kda_layout_swap12;store_kv_block;store_kv_block_metadata;k2q_csr;sparse_attention_score;fused_infer_attention_score_v2_sink;fused_infer_attention_score_v2_sink_metadata for ascend950pr_9599
json found in /home/t00886357/fia_sink_a5_port_base/vllm-ascend/csrc/third_party/json, and not force rebuild cann third_party
CMake Warning (author) at /usr/local/python3.11.10/lib/python3.11/site-packages/cmake/data/share/cmake-4.4/Modules/ExternalProject/shared_internal_commands.cmake:1277 (message):
  The DOWNLOAD_EXTRACT_TIMESTAMP option was not given and policy CMP0135 is
  not set.  The policy's OLD behavior will be used.  When using a URL
  download, the timestamps of extracted files should preferably be that of
  the time of extraction, otherwise code that depends on the extracted
  contents might not be rebuilt if the URL changes.  The OLD behavior
  preserves the timestamps from the archive instead, but this is usually not
  what you want.  Update your project to the NEW behavior or specify the
  DOWNLOAD_EXTRACT_TIMESTAMP option with a value of true to avoid this
  robustness issue.
Call Stack (most recent call first):
  /usr/local/python3.11.10/lib/python3.11/site-packages/cmake/data/share/cmake-4.4/Modules/ExternalProject.cmake:3283 (_ep_add_download_command)
  cmake/third_party/ascend_protobuf.cmake:47 (ExternalProject_Add)
  CMakeLists.txt:136 (include)
This warning is for project developers.  Use -Wno-author to suppress it.

json found in /home/t00886357/fia_sink_a5_port_base/vllm-ascend/csrc/third_party/json, and not force rebuild cann third_party
CMake Warning (author) at /usr/local/python3.11.10/lib/python3.11/site-packages/cmake/data/share/cmake-4.4/Modules/ExternalProject/shared_internal_commands.cmake:1277 (message):
  The DOWNLOAD_EXTRACT_TIMESTAMP option was not given and policy CMP0135 is
  not set.  The policy's OLD behavior will be used.  When using a URL
  download, the timestamps of extracted files should preferably be that of
  the time of extraction, otherwise code that depends on the extracted
  contents might not be rebuilt if the URL changes.  The OLD behavior
  preserves the timestamps from the archive instead, but this is usually not
  what you want.  Update your project to the NEW behavior or specify the
  DOWNLOAD_EXTRACT_TIMESTAMP option with a value of true to avoid this
  robustness issue.
Call Stack (most recent call first):
  /usr/local/python3.11.10/lib/python3.11/site-packages/cmake/data/share/cmake-4.4/Modules/ExternalProject.cmake:3283 (_ep_add_download_command)
  cmake/third_party/ascend_protobuf.cmake:47 (ExternalProject_Add)
  CMakeLists.txt:136 (include)
This warning is for project developers.  Use -Wno-author to suppress it.

[2026-09-02 06:23:26] [2026-09-02 06:23:20] Info: use CMake generator Ninja
[2026-09-02 06:23:26] [2026-09-02 06:23:20] Info: cmake config generator=-G Ninja -DBUILD_OPEN_PROJECT=ON -DASCEND_OP_NAME=moe_gating_top_k_hash;inplace_partial_rotary_mul;kv_compress_epilog;compressor;compressor_metadata;vllm_quant_lightning_indexer;vllm_quant_lightning_indexer_metadata;kv_quant_sparse_attn_sharedkv;kv_quant_sparse_attn_sharedkv_metadata;hc_post;hc_pre;swiglu_group_quant;situ_mx_quant;indexer_compress_epilog_v2;causal_conv1d;recurrent_gated_delta_rule;recurrent_kda;chunk_fwd_o;chunk_gated_delta_rule_fwd_h;chunk_kda_fwd;kda_gate_cumsum;kda_layout_swap12;store_kv_block;store_kv_block_metadata;k2q_csr;sparse_attention_score;fused_infer_attention_score_v2_sink;fused_infer_attention_score_v2_sink_metadata -DCANN_3RD_LIB_PATH=/home/t00886357/fia_sink_a5_port_base/vllm-ascend/csrc/third_party -DCUSTOM_ASCEND_CANN_PACKAGE_PATH=/usr/local/Ascend/cann-9.1.0 -DCHECK_COMPATIBLE=true -DASCEND_COMPUTE_UNIT=ascend950; -DENABLE_BUILT_IN=OFF -DENABLE_OPS_HOST=ON -DENABLE_OPS_KERNEL=ON -DENABLE_BUILD_PKG=ON .
[2026-09-02 06:23:26] -- build with 3~8 packages........
[2026-09-02 06:23:26] -- compile project with library
[2026-09-02 06:23:26] -- ASCEND_CANN_PACKAGE_PATH=/usr/local/Ascend/cann-9.1.0
[2026-09-02 06:23:26] -- ENABLE_CCACHE=ON, CUSTOM_CCACHE=
[2026-09-02 06:23:26] -- CCACHE_PROGRAM=CCACHE_PROGRAM-NOTFOUND
[2026-09-02 06:23:26] -- ASCEND_COMPUTE_UNIT=ascend950;
[2026-09-02 06:23:26] -- ASCEND_OP_NAME=moe_gating_top_k_hash;inplace_partial_rotary_mul;kv_compress_epilog;compressor;compressor_metadata;vllm_quant_lightning_indexer;vllm_quant_lightning_indexer_metadata;kv_quant_sparse_attn_sharedkv;kv_quant_sparse_attn_sharedkv_metadata;hc_post;hc_pre;swiglu_group_quant;situ_mx_quant;indexer_compress_epilog_v2;causal_conv1d;recurrent_gated_delta_rule;recurrent_kda;chunk_fwd_o;chunk_gated_delta_rule_fwd_h;chunk_kda_fwd;kda_gate_cumsum;kda_layout_swap12;store_kv_block;store_kv_block_metadata;k2q_csr;sparse_attention_score;fused_infer_attention_score_v2_sink;fused_infer_attention_score_v2_sink_metadata
[2026-09-02 06:23:26] -- TILING_KEY=
[2026-09-02 06:23:26] -- TESTS_UT_OPS_TEST=
[2026-09-02 06:23:26] -- TESTS_EXAMPLE_OPS_TEST=
[2026-09-02 06:23:26] -- CMAKE_BUILD_TYPE=Release
[2026-09-02 06:23:26] -- VERSION=
[2026-09-02 06:23:26] -- Start building custom package.
[2026-09-02 06:23:26] -- Search libs under install path /usr/local/Ascend/cann-9.1.0
[2026-09-02 06:23:26] -- CMAKE_MODULE_PATH            :/home/t00886357/fia_sink_a5_port_base/vllm-ascend/csrc/cmake/modules
[2026-09-02 06:23:26] -- compile option:   -Wall -Wextra -Wshadow -Wformat=2 -fno-common -fPIC -Wformat-signedness -Wno-missing-include-dirs -Wno-write-strings
[2026-09-02 06:23:26] -- Transformer Variables in dlog module:
[2026-09-02 06:23:26] -- dlog_TRANSFORMER_INCLUDE_DIR="/usr/local/Ascend/cann-9.1.0/pkg_inc/base"
[2026-09-02 06:23:26] -- dlog_SHARED_LIBRARY="/usr/local/Ascend/cann-9.1.0/lib64/libascendalog.so"
[2026-09-02 06:23:26] -- 
[2026-09-02 06:23:26]  Properties for TARGET dlog:
[2026-09-02 06:23:26]    dlog.INTERFACE_COMPILE_DEFINITIONS = "LOG_CPP;PROCESS_LOG"
[2026-09-02 06:23:26]    dlog.INTERFACE_LINK_LIBRARIES = "dlog_headers"
[2026-09-02 06:23:26]    dlog.IMPORTED_LOCATION = "/usr/local/Ascend/cann-9.1.0/lib64/libascendalog.so"
[2026-09-02 06:23:26] 
[2026-09-02 06:23:26] -- 
[2026-09-02 06:23:26]  Properties for TARGET dlog_headers:
[2026-09-02 06:23:26]    dlog_headers.INTERFACE_INCLUDE_DIRECTORIES = "/usr/local/Ascend/cann-9.1.0/pkg_inc/base"
[2026-09-02 06:23:26] 
[2026-09-02 06:23:26] -- Found OPABSE include:/usr/local/Ascend/cann-9.1.0/x86_64-linux/include
[2026-09-02 06:23:26] -- Found OPABSE lib:/usr/local/Ascend/cann-9.1.0/x86_64-linux/lib64/libops_base.so
[2026-09-02 06:23:26] -- Found platform include:/usr/local/Ascend/cann-9.1.0/x86_64-linux/include
[2026-09-02 06:23:26] -- Found register library:/usr/local/Ascend/cann-9.1.0/x86_64-linux/lib64/libregister.so
[2026-09-02 06:23:26] -- Found opp_registry library:/usr/local/Ascend/cann-9.1.0/x86_64-linux/lib64/libopp_registry.so
[2026-09-02 06:23:26] -- Found exe_graph library:/usr/local/Ascend/cann-9.1.0/x86_64-linux/lib64/libexe_graph.so
[2026-09-02 06:23:26] -- Found graph_base library:/usr/local/Ascend/cann-9.1.0/x86_64-linux/lib64/libgraph_base.so
[2026-09-02 06:23:26] -- Found error_manager library:/usr/local/Ascend/cann-9.1.0/x86_64-linux/lib64/liberror_manager.so
[2026-09-02 06:23:26] -- Found metadef library:/usr/local/Ascend/cann-9.1.0/x86_64-linux/lib64/libmetadef.so
[2026-09-02 06:23:26] -- Found rt2_registry library:/usr/local/Ascend/cann-9.1.0/x86_64-linux/lib64/librt2_registry.a
[2026-09-02 06:23:26] -- Found source metadef include dir:  /usr/local/Ascend/cann-9.1.0/x86_64-linux/include/;/usr/local/Ascend/cann-9.1.0/x86_64-linux/include/exe_graph
[2026-09-02 06:23:26] -- Found graph library:/usr/local/Ascend/cann-9.1.0/x86_64-linux/lib64/libgraph.so
[2026-09-02 06:23:26] -- Found source acl include dir:  /usr/local/Ascend/cann-9.1.0/x86_64-linux/include
[2026-09-02 06:23:26] -- Found source npuruntime include dir: /usr/local/Ascend/cann-9.1.0/x86_64-linux/pkg_inc/runtime
[2026-09-02 06:23:26] -- Found aclnn include dir:  /usr/local/Ascend/cann-9.1.0/x86_64-linux/include
[2026-09-02 06:23:26] -- Found opdev include dir:  /usr/local/Ascend/cann-9.1.0/x86_64-linux/include/aclnn
[2026-09-02 06:23:26] -- Found tilingapi include:/usr/local/Ascend/cann-9.1.0/x86_64-linux/include
[2026-09-02 06:23:26] -- TILINGAPI_INC_DIRS: /usr/local/Ascend/cann-9.1.0/x86_64-linux/include;/usr/local/Ascend/cann-9.1.0/x86_64-linux/ascendc;/usr/local/Ascend/cann-9.1.0/x86_64-linux/ascendc/include;/usr/local/Ascend/cann-9.1.0/x86_64-linux/ascendc/include/highlevel_api;/usr/local/Ascend/cann-9.1.0/x86_64-linux/ascendc/include/highlevel_api/lib;/usr/local/Ascend/cann-9.1.0/x86_64-linux/ascendc/include/highlevel_api/impl;/usr/local/Ascend/cann-9.1.0/x86_64-linux/ascendc/include/highlevel_api/tiling
[2026-09-02 06:23:26] -- Found tilingapi lib:/usr/local/Ascend/cann-9.1.0/x86_64-linux/lib64/libtiling_api.a
[2026-09-02 06:23:26] -- Using AICPU include dirs: /usr/local/Ascend/cann-9.1.0/x86_64-linux/include/aicpu;/usr/local/Ascend/cann-9.1.0/x86_64-linux/include/experiment;/usr/local/Ascend/cann-9.1.0/x86_64-linux/include/experiment/cce;/usr/local/Ascend/cann-9.1.0/x86_64-linux/include/experiment/msprof;/usr/local/Ascend/cann-9.1.0/x86_64-linux/pkg_inc;/usr/local/Ascend/cann-9.1.0/x86_64-linux/pkg_inc/aicpu;/usr/local/Ascend/cann-9.1.0/x86_64-linux/pkg_inc/aicpu_common/context;/usr/local/Ascend/cann-9.1.0/x86_64-linux/pkg_inc/aicpu_common/context/common;/usr/local/Ascend/cann-9.1.0/x86_64-linux/pkg_inc/aicpu_common/context/cpu_proto;/usr/local/Ascend/cann-9.1.0/x86_64-linux/pkg_inc/aicpu_common/context/utils;/usr/local/Ascend/cann-9.1.0/x86_64-linux/include/aicpu_common/context;/usr/local/Ascend/cann-9.1.0/x86_64-linux/include/aicpu_common/context/common;/usr/local/Ascend/cann-9.1.0/x86_64-linux/include/aicpu_common/context/cpu_proto;/usr/local/Ascend/cann-9.1.0/x86_64-linux/include/experiment/datagw/aicpu/common;/usr/local/Ascend/cann-9.1.0/x86_64-linux/include/aicpu_common/context/utils
[2026-09-02 06:23:26] -- Found abseil-cpp in /home/t00886357/fia_sink_a5_port_base/vllm-ascend/csrc/third_party/abseil-cpp
[2026-09-02 06:23:26] -- Could NOT find ascend_protobuf_build_transformer (missing: ASCEND_PROTOBUF_SHARED_INCLUDE) 
[2026-09-02 06:23:26] -- [ThirdPartyLib][ascend protobuf] ascend protobuf shared not found, finding binary file.
[2026-09-02 06:23:26] -- [ThirdPartyLib][ascend protobuf] found in file:///home/t00886357/fia_sink_a5_port_base/vllm-ascend/csrc/third_party/pkg/protobuf-25.1.tar.gz.
[2026-09-02 06:23:26] -- Variables in alog module:
[2026-09-02 06:23:26] -- alog_a_INCLUDE_DIR="/usr/local/Ascend/cann-9.1.0/include"
[2026-09-02 06:23:26] -- slog_a_SHARED_LIBRARY="/usr/local/Ascend/cann-9.1.0/lib64/libascendalog.so"
[2026-09-02 06:23:26] -- alog_a_SHARED_LIBRARY="/usr/local/Ascend/cann-9.1.0/lib64/libascendalog.so"
[2026-09-02 06:23:26] -- 
[2026-09-02 06:23:26]  Properties for TARGET slog_a:
[2026-09-02 06:23:26]    slog_a.INTERFACE_COMPILE_DEFINITIONS = "LOG_CPP;PROCESS_LOG"
[2026-09-02 06:23:26]    slog_a.INTERFACE_LINK_LIBRARIES = "alog_headers"
[2026-09-02 06:23:26]    slog_a.IMPORTED_LOCATION = "/usr/local/Ascend/cann-9.1.0/lib64/libascendalog.so"
[2026-09-02 06:23:26] 
[2026-09-02 06:23:26] -- 
[2026-09-02 06:23:26]  Properties for TARGET alog_a:
[2026-09-02 06:23:26]    alog_a.INTERFACE_COMPILE_DEFINITIONS = "LOG_CPP;PROCESS_LOG"
[2026-09-02 06:23:26]    alog_a.INTERFACE_LINK_LIBRARIES = "alog_headers"
[2026-09-02 06:23:26]    alog_a.IMPORTED_LOCATION = "/usr/local/Ascend/cann-9.1.0/lib64/libascendalog.so"
[2026-09-02 06:23:26] 
[2026-09-02 06:23:26] -- 
[2026-09-02 06:23:26]  Properties for TARGET alog_headers:
[2026-09-02 06:23:26]    alog_headers.INTERFACE_INCLUDE_DIRECTORIES = "/usr/local/Ascend/cann-9.1.0/include;/usr/local/Ascend/cann-9.1.0/include/base"
[2026-09-02 06:23:26] 
[2026-09-02 06:23:26] -- Could NOT find unified_dlog (missing: _INCLUDE_ROOT_DIR) 
[2026-09-02 06:23:26] -- === Debug: BUILD is BUILD_OPEN_PROJECT
[2026-09-02 06:23:26] -- === Debug: BUILD is NOT BUILD_OPS_RTY_KERNEL
[2026-09-02 06:23:26] -- === Debug: BUILD is BUILD_OPEN_PROJECT
[2026-09-02 06:23:26] -- === Debug: BUILD is NOT BUILD_OPS_RTY_KERNEL
[2026-09-02 06:23:26] -- k2q_csr: vendored k2q_csr_common/op_kernel -> */op_kernel/common
[2026-09-02 06:23:26] -- [kv_quant_sparse_attn_sharedkv_metadata] Found aicpu sources: /home/t00886357/fia_sink_a5_port_base/vllm-ascend/csrc/attention/kv_quant_sparse_attn_sharedkv_metadata/op_kernel_aicpu/kv_quant_sparse_attn_sharedkv_metadata_aicpu.cpp, ascend dir: /usr/local/Ascend/cann-9.1.0, ophost name: ophost_transformer
[2026-09-02 06:23:26] -- Detected architecture: x86_64
[2026-09-02 06:23:26] -- End building custom package.
[2026-09-02 06:23:26] -- create aclnn master header file: /home/t00886357/fia_sink_a5_port_base/vllm-ascend/csrc/build/aclnn_ops_transformer_custom.h
[2026-09-02 06:23:26] -- no operator info to generate
[2026-09-02 06:23:26] -- Linking cust_aicpu_kernels with ARM toolchain: /usr/local/Ascend/cann-9.1.0/toolkit/toolchain/hcc/bin/aarch64-target-linux-gnu-g++
[2026-09-02 06:23:26] -- Objects: $<TARGET_OBJECTS:fused_infer_attention_score_v2_sink_metadata_obj>;$<TARGET_OBJECTS:kv_quant_sparse_attn_sharedkv_metadata_obj>;$<TARGET_OBJECTS:store_kv_block_metadata_obj>;$<TARGET_OBJECTS:vllm_quant_lightning_indexer_metadata_obj>
[2026-09-02 06:23:26] -- Output: /home/t00886357/fia_sink_a5_port_base/vllm-ascend/csrc/build/libtransformer_aicpu_kernels.so
[2026-09-02 06:23:26] -- Configuring done (3.0s)
[2026-09-02 06:23:26] -- Generating done (0.1s)
[2026-09-02 06:23:26] -- Build files have been written to: /home/t00886357/fia_sink_a5_port_base/vllm-ascend/csrc/build
[2026-09-02 06:23:26] [1/53] Generating binary/ascend950/bin/fused_infer_attention_score_v2_sink
[2026-09-02 06:23:26] [2/53] Performing build step for 'tiling_sink_task'
[2026-09-02 06:23:26] ninja: no work to do.
[2026-09-02 06:23:26] [3/53] Generating binary/ascend950/src/k2q_csr_hist_apt/k2q_csr_hist_apt_ascend950_src_copy.done
[2026-09-02 06:23:26] [4/53] Generating binary/ascend950/src/k2q_csr_meta_apt/k2q_csr_meta_apt_ascend950_src_copy.done
[2026-09-02 06:23:26] [5/53] Generating binary/ascend950/src/k2q_csr_row_prefix_apt/k2q_csr_row_prefix_apt_ascend950_src_copy.done
[2026-09-02 06:23:26] [6/53] Generating binary/ascend950/src/k2q_csr_scatter_apt/k2q_csr_scatter_apt_ascend950_src_copy.done
[2026-09-02 06:23:26] [7/53] Generating binary/ascend950/src/k2q_csr_tile_prefix_apt/k2q_csr_tile_prefix_apt_ascend950_src_copy.done
[2026-09-02 06:23:26] [8/53] No install step for 'tiling_sink_task'
[2026-09-02 06:23:26] [9/53] cd /home/t00886357/fia_sink_a5_port_base/vllm-ascend/csrc/build && /usr/local/python3.11.10/bin/python3.11 /home/t00886357/fia_sink_a5_port_base/vllm-ascend/csrc/cmake/scripts/util/ascendc_impl_build.py "" "" "" "" /home/t00886357/fia_sink_a5_port_base/vllm-ascend/csrc/build/impl /home/t00886357/fia_sink_a5_port_base/vllm-ascend/csrc/build/autogen --opsinfo-dir /home/t00886357/fia_sink_a5_port_base/vllm-ascend/csrc/build/autogen /home/t00886357/fia_sink_a5_port_base/vllm-ascend/csrc/build/autogen/inner /home/t00886357/fia_sink_a5_port_base/vllm-ascend/csrc/build/autogen/exc
[2026-09-02 06:23:26] [10/53] Completed 'tiling_sink_task'
[2026-09-02 06:23:26] [11/53] cd /home/t00886357/fia_sink_a5_port_base/vllm-ascend/csrc/build && /usr/local/python3.11.10/lib/python3.11/site-packages/cmake/data/bin/cmake -E make_directory /home/t00886357/fia_sink_a5_port_base/vllm-ascend/csrc/build/binary/ascend950/gen && /usr/local/python3.11.10/bin/python3.11 /home/t00886357/fia_sink_a5_port_base/vllm-ascend/csrc/cmake/scripts/util/ascendc_bin_param_build.py /home/t00886357/fia_sink_a5_port_base/vllm-ascend/csrc/build/autogen/aic-ascend950-ops-info.ini /home/t00886357/fia_sink_a5_port_base/vllm-ascend/csrc/build/binary/ascend950/gen ascend950 --opc-config-file /home/t00886357/fia_sink_a5_port_base/vllm-ascend/csrc/build/autogen/custom_opc_options.ini && /usr/local/python3.11.10/bin/python3.11 /home/t00886357/fia_sink_a5_port_base/vllm-ascend/csrc/cmake/scripts/util/ascendc_bin_param_build.py /home/t00886357/fia_sink_a5_port_base/vllm-ascend/csrc/build/autogen/inner/aic-ascend950-ops-info.ini /home/t00886357/fia_sink_a5_port_base/vllm-ascend/csrc/build/binary/ascend950/gen ascend950 --opc-config-file /home/t00886357/fia_sink_a5_port_base/vllm-ascend/csrc/build/autogen/custom_opc_options.ini && /usr/local/python3.11.10/bin/python3.11 /home/t00886357/fia_sink_a5_port_base/vllm-ascend/csrc/cmake/scripts/util/ascendc_bin_param_build.py /home/t00886357/fia_sink_a5_port_base/vllm-ascend/csrc/build/autogen/exc/aic-ascend950-ops-info.ini /home/t00886357/fia_sink_a5_port_base/vllm-ascend/csrc/build/binary/ascend950/gen ascend950 --opc-config-file /home/t00886357/fia_sink_a5_port_base/vllm-ascend/csrc/build/autogen/custom_opc_options.ini && bash /home/t00886357/fia_sink_a5_port_base/vllm-ascend/csrc/cmake/scripts/fix_format.sh /home/t00886357/fia_sink_a5_port_base/vllm-ascend/csrc/build/binary/ascend950/gen
[2026-09-02 06:23:26] INFO: /home/t00886357/fia_sink_a5_port_base/vllm-ascend/csrc/build/autogen/inner/aic-ascend950-ops-info.ini does not exists in this project, skip generating compile commands.
[2026-09-02 06:23:26] [12/53] Building CXX object moe/causal_conv1d/op_host/CMakeFiles/ophost_transformer_tiling_obj.dir/__/__/__/attention/inplace_partial_rotary_mul/op_host/rope_regbase_tiling_a_and_b.cpp.o
[2026-09-02 06:23:26] In file included from /home/t00886357/fia_sink_a5_port_base/vllm-ascend/csrc/attention/inplace_partial_rotary_mul/op_host/rope_regbase_tiling_a_and_b.cpp:15:
[2026-09-02 06:23:26] /home/t00886357/fia_sink_a5_port_base/vllm-ascend/csrc/attention/inplace_partial_rotary_mul/op_host/inplace_partial_rotary_mul_tiling.h:220:7: warning: ‘class optiling::RopeRegBaseTilingClass’ has virtual functions and accessible non-virtual destructor [-Wnon-virtual-dtor]
[2026-09-02 06:23:26]   220 | class RopeRegBaseTilingClass {
[2026-09-02 06:23:26]       |       ^~~~~~~~~~~~~~~~~~~~~~
[2026-09-02 06:23:26] /home/t00886357/fia_sink_a5_port_base/vllm-ascend/csrc/attention/inplace_partial_rotary_mul/op_host/inplace_partial_rotary_mul_tiling.h:349:7: warning: base class ‘class optiling::RopeRegBaseTilingClass’ has accessible non-virtual destructor [-Wnon-virtual-dtor]
[2026-09-02 06:23:26]   349 | class RopeRegBaseTilingClassAAndB : public RopeRegBaseTilingClass {
[2026-09-02 06:23:26]       |       ^~~~~~~~~~~~~~~~~~~~~~~~~~~
[2026-09-02 06:23:26] /home/t00886357/fia_sink_a5_port_base/vllm-ascend/csrc/attention/inplace_partial_rotary_mul/op_host/inplace_partial_rotary_mul_tiling.h:349:7: warning: ‘class optiling::RopeRegBaseTilingClassAAndB’ has virtual functions and accessible non-virtual destructor [-Wnon-virtual-dtor]
[2026-09-02 06:23:26] /home/t00886357/fia_sink_a5_port_base/vllm-ascend/csrc/attention/inplace_partial_rotary_mul/op_host/inplace_partial_rotary_mul_tiling.h:384:7: warning: base class ‘class optiling::RopeRegBaseTilingClass’ has accessible non-virtual destructor [-Wnon-virtual-dtor]
[2026-09-02 06:23:26]   384 | class RopeRegBaseTilingClassAB : public RopeRegBaseTilingClass {
[2026-09-02 06:23:26]       |       ^~~~~~~~~~~~~~~~~~~~~~~~
[2026-09-02 06:23:26] /home/t00886357/fia_sink_a5_port_base/vllm-ascend/csrc/attention/inplace_partial_rotary_mul/op_host/inplace_partial_rotary_mul_tiling.h:384:7: warning: ‘class optiling::RopeRegBaseTilingClassAB’ has virtual functions and accessible non-virtual destructor [-Wnon-virtual-dtor]
[2026-09-02 06:23:26] /home/t00886357/fia_sink_a5_port_base/vllm-ascend/csrc/attention/inplace_partial_rotary_mul/op_host/inplace_partial_rotary_mul_tiling.h:408:7: warning: base class ‘class optiling::RopeRegBaseTilingClass’ has accessible non-virtual destructor [-Wnon-virtual-dtor]
[2026-09-02 06:23:26]   408 | class RopeRegBaseTilingClassABAAndBA : public RopeRegBaseTilingClass {
[2026-09-02 06:23:26]       |       ^~~~~~~~~~~~~~~~~~~~~~~~~~~~~~
[2026-09-02 06:23:26] /home/t00886357/fia_sink_a5_port_base/vllm-ascend/csrc/attention/inplace_partial_rotary_mul/op_host/inplace_partial_rotary_mul_tiling.h:408:7: warning: ‘class optiling::RopeRegBaseTilingClassABAAndBA’ has virtual functions and accessible non-virtual destructor [-Wnon-virtual-dtor]
[2026-09-02 06:23:26] /home/t00886357/fia_sink_a5_port_base/vllm-ascend/csrc/attention/inplace_partial_rotary_mul/op_host/inplace_partial_rotary_mul_tiling.h:442:7: warning: base class ‘class optiling::RopeRegBaseTilingClass’ has accessible non-virtual destructor [-Wnon-virtual-dtor]
[2026-09-02 06:23:26]   442 | class RopeRegBaseTilingClassBAB : public RopeRegBaseTilingClass {
[2026-09-02 06:23:26]       |       ^~~~~~~~~~~~~~~~~~~~~~~~~
[2026-09-02 06:23:26] /home/t00886357/fia_sink_a5_port_base/vllm-ascend/csrc/attention/inplace_partial_rotary_mul/op_host/inplace_partial_rotary_mul_tiling.h:442:7: warning: ‘class optiling::RopeRegBaseTilingClassBAB’ has virtual functions and accessible non-virtual destructor [-Wnon-virtual-dtor]
[2026-09-02 06:23:26] /home/t00886357/fia_sink_a5_port_base/vllm-ascend/csrc/attention/inplace_partial_rotary_mul/op_host/inplace_partial_rotary_mul_tiling.h: In constructor ‘optiling::RopeRegBaseTilingClassBAB::RopeRegBaseTilingClassBAB(gert::TilingContext*)’:
[2026-09-02 06:23:26] /home/t00886357/fia_sink_a5_port_base/vllm-ascend/csrc/attention/inplace_partial_rotary_mul/op_host/inplace_partial_rotary_mul_tiling.h:444:61: warning: declaration of ‘context_’ shadows a member of ‘optiling::RopeRegBaseTilingClassBAB’ [-Wshadow]
[2026-09-02 06:23:26]   444 |     explicit RopeRegBaseTilingClassBAB(gert::TilingContext *context_) : RopeRegBaseTilingClass(context_)
[2026-09-02 06:23:26]       |                                        ~~~~~~~~~~~~~~~~~~~~~^~~~~~~~
[2026-09-02 06:23:26] /home/t00886357/fia_sink_a5_port_base/vllm-ascend/csrc/attention/inplace_partial_rotary_mul/op_host/inplace_partial_rotary_mul_tiling.h:336:26: note: shadowed declaration is here
[2026-09-02 06:23:26]   336 |     gert::TilingContext* context_ = nullptr;
[2026-09-02 06:23:26]       |                          ^~~~~~~~
[2026-09-02 06:23:26] /home/t00886357/fia_sink_a5_port_base/vllm-ascend/csrc/attention/inplace_partial_rotary_mul/op_host/inplace_partial_rotary_mul_tiling.h: In constructor ‘optiling::RopeRegBaseTilingClassBAB::RopeRegBaseTilingClassBAB(gert::TilingContext*)’:
[2026-09-02 06:23:26] /home/t00886357/fia_sink_a5_port_base/vllm-ascend/csrc/attention/inplace_partial_rotary_mul/op_host/inplace_partial_rotary_mul_tiling.h:444:61: warning: declaration of ‘context_’ shadows a member of ‘optiling::RopeRegBaseTilingClassBAB’ [-Wshadow]
[2026-09-02 06:23:26]   444 |     explicit RopeRegBaseTilingClassBAB(gert::TilingContext *context_) : RopeRegBaseTilingClass(context_)
[2026-09-02 06:23:26]       |                                        ~~~~~~~~~~~~~~~~~~~~~^~~~~~~~
[2026-09-02 06:23:26] /home/t00886357/fia_sink_a5_port_base/vllm-ascend/csrc/attention/inplace_partial_rotary_mul/op_host/inplace_partial_rotary_mul_tiling.h:336:26: note: shadowed declaration is here
[2026-09-02 06:23:26]   336 |     gert::TilingContext* context_ = nullptr;
[2026-09-02 06:23:26]       |                          ^~~~~~~~
[2026-09-02 06:23:26] /home/t00886357/fia_sink_a5_port_base/vllm-ascend/csrc/attention/inplace_partial_rotary_mul/op_host/inplace_partial_rotary_mul_tiling.h: In constructor ‘optiling::RopeRegBaseTilingClassBAB::RopeRegBaseTilingClassBAB(gert::TilingContext*)’:
[2026-09-02 06:23:26] /home/t00886357/fia_sink_a5_port_base/vllm-ascend/csrc/attention/inplace_partial_rotary_mul/op_host/inplace_partial_rotary_mul_tiling.h:444:61: warning: declaration of ‘context_’ shadows a member of ‘optiling::RopeRegBaseTilingClassBAB’ [-Wshadow]
[2026-09-02 06:23:26]   444 |     explicit RopeRegBaseTilingClassBAB(gert::TilingContext *context_) : RopeRegBaseTilingClass(context_)
[2026-09-02 06:23:26]       |                                        ~~~~~~~~~~~~~~~~~~~~~^~~~~~~~
[2026-09-02 06:23:26] /home/t00886357/fia_sink_a5_port_base/vllm-ascend/csrc/attention/inplace_partial_rotary_mul/op_host/inplace_partial_rotary_mul_tiling.h:336:26: note: shadowed declaration is here
[2026-09-02 06:23:26]   336 |     gert::TilingContext* context_ = nullptr;
[2026-09-02 06:23:26]       |                          ^~~~~~~~
[2026-09-02 06:23:26] In file included from /home/t00886357/fia_sink_a5_port_base/vllm-ascend/csrc/utils/inc/log/ops_log.h:18,
[2026-09-02 06:23:26]                  from /home/t00886357/fia_sink_a5_port_base/vllm-ascend/csrc/utils/inc/error/ops_error.h:18,
[2026-09-02 06:23:26]                  from /home/t00886357/fia_sink_a5_port_base/vllm-ascend/csrc/attention/inplace_partial_rotary_mul/op_host/inplace_partial_rotary_mul_tiling.h:27:
[2026-09-02 06:23:26] /home/t00886357/fia_sink_a5_port_base/vllm-ascend/csrc/attention/inplace_partial_rotary_mul/op_host/rope_regbase_tiling_a_and_b.cpp: In member function ‘void optiling::RopeRegBaseTilingClassAAndB::SetTilingData()’:
[2026-09-02 06:23:26] /home/t00886357/fia_sink_a5_port_base/vllm-ascend/csrc/utils/inc/log/inner/dfx_base.h:120:17: warning: format ‘%ld’ expects argument of type ‘long int’, but argument 31 has type ‘uint64_t’ {aka ‘long unsigned int’} [-Wformat=]
[2026-09-02 06:23:26]   120 |                 "[%s:%d][%s]%s[%s][%lu] OpName:[%s] " #FMT,                                                     \
[2026-09-02 06:23:26] /home/t00886357/fia_sink_a5_port_base/vllm-ascend/csrc/utils/inc/log/inner/dfx_base.h:149:44: note: in expansion of macro ‘OPS_LOG_STUB’
[2026-09-02 06:23:26]   149 | #define OPS_LOG_STUB_I(OPS_DESC, FMT, ...) OPS_LOG_STUB(OP, DLOG_INFO, OPS_DESC, FMT, ##__VA_ARGS__)
[2026-09-02 06:23:26]       |                                            ^~~~~~~~~~~~
[2026-09-02 06:23:26] /home/t00886357/fia_sink_a5_port_base/vllm-ascend/csrc/utils/inc/log/ops_log.h:22:34: note: in expansion of macro ‘OPS_LOG_STUB_I’
[2026-09-02 06:23:26]    22 | #define OPS_LOG_I(OPS_DESC, ...) OPS_LOG_STUB_I(OPS_DESC, __VA_ARGS__)
[2026-09-02 06:23:26]       |                                  ^~~~~~~~~~~~~~
[2026-09-02 06:23:26] /home/t00886357/fia_sink_a5_port_base/vllm-ascend/csrc/attention/inplace_partial_rotary_mul/op_host/rope_regbase_tiling_a_and_b.cpp:155:5: note: in expansion of macro ‘OPS_LOG_I’
[2026-09-02 06:23:26]   155 |     OPS_LOG_I(context_->GetNodeName(),
[2026-09-02 06:23:26]       |     ^~~~~~~~~
[2026-09-02 06:23:26] [13/53] Building CXX object moe/causal_conv1d/op_host/CMakeFiles/ophost_transformer_tiling_obj.dir/__/__/chunk_gated_delta_rule_fwd_h/op_host/chunk_gated_delta_rule_fwd_h_tiling.cpp.o
[2026-09-02 06:23:26] /home/t00886357/fia_sink_a5_port_base/vllm-ascend/csrc/moe/chunk_gated_delta_rule_fwd_h/op_host/chunk_gated_delta_rule_fwd_h_tiling.cpp: In function ‘void optiling::ChunkGatedDeltaRuleFwdHTilingDataPrint(gert::TilingContext*, ChunkGatedDeltaRuleFwdHTilingData&)’:
[2026-09-02 06:23:26] /home/t00886357/fia_sink_a5_port_base/vllm-ascend/csrc/moe/chunk_gated_delta_rule_fwd_h/op_host/chunk_gated_delta_rule_fwd_h_tiling.cpp:59:10: warning: unused variable ‘nodeName’ [-Wunused-variable]
[2026-09-02 06:23:26]    59 |     auto nodeName = context->GetNodeName();
[2026-09-02 06:23:26]       |          ^~~~~~~~
[2026-09-02 06:23:26] /home/t00886357/fia_sink_a5_port_base/vllm-ascend/csrc/moe/chunk_gated_delta_rule_fwd_h/op_host/chunk_gated_delta_rule_fwd_h_tiling.cpp:57:117: warning: unused parameter ‘tiling’ [-Wunused-parameter]
[2026-09-02 06:23:26]    57 | static void ChunkGatedDeltaRuleFwdHTilingDataPrint(gert::TilingContext *context, ChunkGatedDeltaRuleFwdHTilingData &tiling)
[2026-09-02 06:23:26]       |                                                                                  ~~~~~~~~~~~~~~~~~~~~~~~~~~~~~~~~~~~^~~~~~
[2026-09-02 06:23:26] [14/53] Building CXX object moe/causal_conv1d/op_host/CMakeFiles/ophost_transformer_tiling_obj.dir/__/__/hc_post/op_host/hc_post_tiling.cpp.o
[2026-09-02 06:23:26] /home/t00886357/fia_sink_a5_port_base/vllm-ascend/csrc/moe/hc_post/op_host/hc_post_tiling.cpp: In function ‘ge::graphStatus optiling::TilingPrepare4HcPost(gert::TilingParseContext*)’:
[2026-09-02 06:23:26] /home/t00886357/fia_sink_a5_port_base/vllm-ascend/csrc/moe/hc_post/op_host/hc_post_tiling.cpp:222:64: warning: unused parameter ‘context’ [-Wunused-parameter]
[2026-09-02 06:23:26]   222 | ge::graphStatus TilingPrepare4HcPost(gert::TilingParseContext* context)
[2026-09-02 06:23:26]       |                                      ~~~~~~~~~~~~~~~~~~~~~~~~~~^~~~~~~
[2026-09-02 06:23:26] [15/53] Building CXX object moe/causal_conv1d/op_host/CMakeFiles/ophost_transformer_tiling_obj.dir/__/__/__/attention/inplace_partial_rotary_mul/op_host/rope_regbase_tiling_bab.cpp.o
[2026-09-02 06:23:26] In file included from /home/t00886357/fia_sink_a5_port_base/vllm-ascend/csrc/attention/inplace_partial_rotary_mul/op_host/rope_regbase_tiling_bab.cpp:16:
[2026-09-02 06:23:26] /home/t00886357/fia_sink_a5_port_base/vllm-ascend/csrc/attention/inplace_partial_rotary_mul/op_host/inplace_partial_rotary_mul_tiling.h:220:7: warning: ‘class optiling::RopeRegBaseTilingClass’ has virtual functions and accessible non-virtual destructor [-Wnon-virtual-dtor]
[2026-09-02 06:23:26]   220 | class RopeRegBaseTilingClass {
[2026-09-02 06:23:26]       |       ^~~~~~~~~~~~~~~~~~~~~~
[2026-09-02 06:23:26] /home/t00886357/fia_sink_a5_port_base/vllm-ascend/csrc/attention/inplace_partial_rotary_mul/op_host/inplace_partial_rotary_mul_tiling.h:349:7: warning: base class ‘class optiling::RopeRegBaseTilingClass’ has accessible non-virtual destructor [-Wnon-virtual-dtor]
[2026-09-02 06:23:26]   349 | class RopeRegBaseTilingClassAAndB : public RopeRegBaseTilingClass {
[2026-09-02 06:23:26]       |       ^~~~~~~~~~~~~~~~~~~~~~~~~~~
[2026-09-02 06:23:26] /home/t00886357/fia_sink_a5_port_base/vllm-ascend/csrc/attention/inplace_partial_rotary_mul/op_host/inplace_partial_rotary_mul_tiling.h:349:7: warning: ‘class optiling::RopeRegBaseTilingClassAAndB’ has virtual functions and accessible non-virtual destructor [-Wnon-virtual-dtor]
[2026-09-02 06:23:26] /home/t00886357/fia_sink_a5_port_base/vllm-ascend/csrc/attention/inplace_partial_rotary_mul/op_host/inplace_partial_rotary_mul_tiling.h:384:7: warning: base class ‘class optiling::RopeRegBaseTilingClass’ has accessible non-virtual destructor [-Wnon-virtual-dtor]
[2026-09-02 06:23:26]   384 | class RopeRegBaseTilingClassAB : public RopeRegBaseTilingClass {
[2026-09-02 06:23:26]       |       ^~~~~~~~~~~~~~~~~~~~~~~~
[2026-09-02 06:23:26] /home/t00886357/fia_sink_a5_port_base/vllm-ascend/csrc/attention/inplace_partial_rotary_mul/op_host/inplace_partial_rotary_mul_tiling.h:384:7: warning: ‘class optiling::RopeRegBaseTilingClassAB’ has virtual functions and accessible non-virtual destructor [-Wnon-virtual-dtor]
[2026-09-02 06:23:26] /home/t00886357/fia_sink_a5_port_base/vllm-ascend/csrc/attention/inplace_partial_rotary_mul/op_host/inplace_partial_rotary_mul_tiling.h:408:7: warning: base class ‘class optiling::RopeRegBaseTilingClass’ has accessible non-virtual destructor [-Wnon-virtual-dtor]
[2026-09-02 06:23:26]   408 | class RopeRegBaseTilingClassABAAndBA : public RopeRegBaseTilingClass {
[2026-09-02 06:23:26]       |       ^~~~~~~~~~~~~~~~~~~~~~~~~~~~~~
[2026-09-02 06:23:26] /home/t00886357/fia_sink_a5_port_base/vllm-ascend/csrc/attention/inplace_partial_rotary_mul/op_host/inplace_partial_rotary_mul_tiling.h:408:7: warning: ‘class optiling::RopeRegBaseTilingClassABAAndBA’ has virtual functions and accessible non-virtual destructor [-Wnon-virtual-dtor]
[2026-09-02 06:23:26] /home/t00886357/fia_sink_a5_port_base/vllm-ascend/csrc/attention/inplace_partial_rotary_mul/op_host/inplace_partial_rotary_mul_tiling.h:442:7: warning: base class ‘class optiling::RopeRegBaseTilingClass’ has accessible non-virtual destructor [-Wnon-virtual-dtor]
[2026-09-02 06:23:26]   442 | class RopeRegBaseTilingClassBAB : public RopeRegBaseTilingClass {
[2026-09-02 06:23:26]       |       ^~~~~~~~~~~~~~~~~~~~~~~~~
[2026-09-02 06:23:26] /home/t00886357/fia_sink_a5_port_base/vllm-ascend/csrc/attention/inplace_partial_rotary_mul/op_host/inplace_partial_rotary_mul_tiling.h:442:7: warning: ‘class optiling::RopeRegBaseTilingClassBAB’ has virtual functions and accessible non-virtual destructor [-Wnon-virtual-dtor]
[2026-09-02 06:23:26] /home/t00886357/fia_sink_a5_port_base/vllm-ascend/csrc/attention/inplace_partial_rotary_mul/op_host/inplace_partial_rotary_mul_tiling.h: In constructor ‘optiling::RopeRegBaseTilingClassBAB::RopeRegBaseTilingClassBAB(gert::TilingContext*)’:
[2026-09-02 06:23:26] /home/t00886357/fia_sink_a5_port_base/vllm-ascend/csrc/attention/inplace_partial_rotary_mul/op_host/inplace_partial_rotary_mul_tiling.h:444:61: warning: declaration of ‘context_’ shadows a member of ‘optiling::RopeRegBaseTilingClassBAB’ [-Wshadow]
[2026-09-02 06:23:26]   444 |     explicit RopeRegBaseTilingClassBAB(gert::TilingContext *context_) : RopeRegBaseTilingClass(context_)
[2026-09-02 06:23:26]       |                                        ~~~~~~~~~~~~~~~~~~~~~^~~~~~~~
[2026-09-02 06:23:26] /home/t00886357/fia_sink_a5_port_base/vllm-ascend/csrc/attention/inplace_partial_rotary_mul/op_host/inplace_partial_rotary_mul_tiling.h:336:26: note: shadowed declaration is here
[2026-09-02 06:23:26]   336 |     gert::TilingContext* context_ = nullptr;
[2026-09-02 06:23:26]       |                          ^~~~~~~~
[2026-09-02 06:23:26] /home/t00886357/fia_sink_a5_port_base/vllm-ascend/csrc/attention/inplace_partial_rotary_mul/op_host/inplace_partial_rotary_mul_tiling.h: In constructor ‘optiling::RopeRegBaseTilingClassBAB::RopeRegBaseTilingClassBAB(gert::TilingContext*)’:
[2026-09-02 06:23:26] /home/t00886357/fia_sink_a5_port_base/vllm-ascend/csrc/attention/inplace_partial_rotary_mul/op_host/inplace_partial_rotary_mul_tiling.h:444:61: warning: declaration of ‘context_’ shadows a member of ‘optiling::RopeRegBaseTilingClassBAB’ [-Wshadow]
[2026-09-02 06:23:26]   444 |     explicit RopeRegBaseTilingClassBAB(gert::TilingContext *context_) : RopeRegBaseTilingClass(context_)
[2026-09-02 06:23:26]       |                                        ~~~~~~~~~~~~~~~~~~~~~^~~~~~~~
[2026-09-02 06:23:26] /home/t00886357/fia_sink_a5_port_base/vllm-ascend/csrc/attention/inplace_partial_rotary_mul/op_host/inplace_partial_rotary_mul_tiling.h:336:26: note: shadowed declaration is here
[2026-09-02 06:23:26]   336 |     gert::TilingContext* context_ = nullptr;
[2026-09-02 06:23:26]       |                          ^~~~~~~~
[2026-09-02 06:23:26] /home/t00886357/fia_sink_a5_port_base/vllm-ascend/csrc/attention/inplace_partial_rotary_mul/op_host/inplace_partial_rotary_mul_tiling.h: In constructor ‘optiling::RopeRegBaseTilingClassBAB::RopeRegBaseTilingClassBAB(gert::TilingContext*)’:
[2026-09-02 06:23:26] /home/t00886357/fia_sink_a5_port_base/vllm-ascend/csrc/attention/inplace_partial_rotary_mul/op_host/inplace_partial_rotary_mul_tiling.h:444:61: warning: declaration of ‘context_’ shadows a member of ‘optiling::RopeRegBaseTilingClassBAB’ [-Wshadow]
[2026-09-02 06:23:26]   444 |     explicit RopeRegBaseTilingClassBAB(gert::TilingContext *context_) : RopeRegBaseTilingClass(context_)
[2026-09-02 06:23:26]       |                                        ~~~~~~~~~~~~~~~~~~~~~^~~~~~~~
[2026-09-02 06:23:26] /home/t00886357/fia_sink_a5_port_base/vllm-ascend/csrc/attention/inplace_partial_rotary_mul/op_host/inplace_partial_rotary_mul_tiling.h:336:26: note: shadowed declaration is here
[2026-09-02 06:23:26]   336 |     gert::TilingContext* context_ = nullptr;
[2026-09-02 06:23:26]       |                          ^~~~~~~~
[2026-09-02 06:23:26] In file included from /home/t00886357/fia_sink_a5_port_base/vllm-ascend/csrc/utils/inc/log/ops_log.h:18,
[2026-09-02 06:23:26]                  from /home/t00886357/fia_sink_a5_port_base/vllm-ascend/csrc/utils/inc/error/ops_error.h:18,
[2026-09-02 06:23:26]                  from /home/t00886357/fia_sink_a5_port_base/vllm-ascend/csrc/attention/inplace_partial_rotary_mul/op_host/inplace_partial_rotary_mul_tiling.h:27:
[2026-09-02 06:23:26] /home/t00886357/fia_sink_a5_port_base/vllm-ascend/csrc/attention/inplace_partial_rotary_mul/op_host/rope_regbase_tiling_bab.cpp: In member function ‘void optiling::RopeRegBaseTilingClassBAB::PrintTilingData()’:
[2026-09-02 06:23:26] /home/t00886357/fia_sink_a5_port_base/vllm-ascend/csrc/utils/inc/log/inner/dfx_base.h:120:17: warning: format ‘%ld’ expects argument of type ‘long int’, but argument 32 has type ‘uint64_t’ {aka ‘long unsigned int’} [-Wformat=]
[2026-09-02 06:23:26]   120 |                 "[%s:%d][%s]%s[%s][%lu] OpName:[%s] " #FMT,                                                     \
[2026-09-02 06:23:26] /home/t00886357/fia_sink_a5_port_base/vllm-ascend/csrc/utils/inc/log/inner/dfx_base.h:149:44: note: in expansion of macro ‘OPS_LOG_STUB’
[2026-09-02 06:23:26]   149 | #define OPS_LOG_STUB_I(OPS_DESC, FMT, ...) OPS_LOG_STUB(OP, DLOG_INFO, OPS_DESC, FMT, ##__VA_ARGS__)
[2026-09-02 06:23:26]       |                                            ^~~~~~~~~~~~
[2026-09-02 06:23:26] /home/t00886357/fia_sink_a5_port_base/vllm-ascend/csrc/utils/inc/log/ops_log.h:22:34: note: in expansion of macro ‘OPS_LOG_STUB_I’
[2026-09-02 06:23:26]    22 | #define OPS_LOG_I(OPS_DESC, ...) OPS_LOG_STUB_I(OPS_DESC, __VA_ARGS__)
[2026-09-02 06:23:26]       |                                  ^~~~~~~~~~~~~~
[2026-09-02 06:23:26] /home/t00886357/fia_sink_a5_port_base/vllm-ascend/csrc/attention/inplace_partial_rotary_mul/op_host/rope_regbase_tiling_bab.cpp:133:5: note: in expansion of macro ‘OPS_LOG_I’
[2026-09-02 06:23:26]   133 |     OPS_LOG_I(context_->GetNodeName(),
[2026-09-02 06:23:26]       |     ^~~~~~~~~
[2026-09-02 06:23:26] [16/53] Building CXX object moe/causal_conv1d/op_host/CMakeFiles/ophost_transformer_tiling_obj.dir/__/__/swiglu_group_quant/op_host/swiglu_group_quant_tiling.cpp.o
[2026-09-02 06:23:26] /home/t00886357/fia_sink_a5_port_base/vllm-ascend/csrc/moe/swiglu_group_quant/op_host/swiglu_group_quant_tiling.cpp: In member function ‘ge::graphStatus optiling::SwigluGroupQuantTiling::GetAttr()’:
[2026-09-02 06:23:26] /home/t00886357/fia_sink_a5_port_base/vllm-ascend/csrc/moe/swiglu_group_quant/op_host/swiglu_group_quant_tiling.cpp:125:29: warning: comparing floating-point with ‘==’ or ‘!=’ is unsafe [-Wfloat-equal]
[2026-09-02 06:23:26]   125 |         if (*clampValueAttr != 0.0) {
[2026-09-02 06:23:26]       |             ~~~~~~~~~~~~~~~~^~~~~~
[2026-09-02 06:23:26] In file included from /home/t00886357/fia_sink_a5_port_base/vllm-ascend/csrc/utils/inc/log/ops_log.h:18,
[2026-09-02 06:23:26]                  from /home/t00886357/fia_sink_a5_port_base/vllm-ascend/csrc/utils/inc/error/ops_error.h:18,
[2026-09-02 06:23:26]                  from /home/t00886357/fia_sink_a5_port_base/vllm-ascend/csrc/moe/swiglu_group_quant/op_host/swiglu_group_quant_tiling.h:29,
[2026-09-02 06:23:26]                  from /home/t00886357/fia_sink_a5_port_base/vllm-ascend/csrc/moe/swiglu_group_quant/op_host/swiglu_group_quant_tiling.cpp:17:
[2026-09-02 06:23:26] /home/t00886357/fia_sink_a5_port_base/vllm-ascend/csrc/moe/swiglu_group_quant/op_host/swiglu_group_quant_tiling.cpp: In member function ‘ge::graphStatus optiling::SwigluGroupQuantTiling::GetShapeAttrsInfoInner()’:
[2026-09-02 06:23:26] /home/t00886357/fia_sink_a5_port_base/vllm-ascend/csrc/utils/inc/log/inner/dfx_base.h:120:17: warning: format ‘%d’ expects argument of type ‘int’, but argument 12 has type ‘long int’ [-Wformat=]
[2026-09-02 06:23:26]   120 |                 "[%s:%d][%s]%s[%s][%lu] OpName:[%s] " #FMT,                                                     \
[2026-09-02 06:23:26] /home/t00886357/fia_sink_a5_port_base/vllm-ascend/csrc/utils/inc/log/inner/dfx_base.h:131:13: note: in definition of macro ‘OPS_LOG_STUB_IF’
[2026-09-02 06:23:26]   131 |             LOG_FUNC;                                                                                                  \
[2026-09-02 06:23:26]       |             ^~~~~~~~
[2026-09-02 06:23:26] /home/t00886357/fia_sink_a5_port_base/vllm-ascend/csrc/moe/swiglu_group_quant/op_host/swiglu_group_quant_tiling.cpp:181:5: note: in expansion of macro ‘OPS_ERR_IF’
[2026-09-02 06:23:26]   181 |     OPS_ERR_IF((quantMode_ == FP8_QUANT && d_ % 256 != 0),
[2026-09-02 06:23:26]       |     ^~~~~~~~~~
[2026-09-02 06:23:26] /home/t00886357/fia_sink_a5_port_base/vllm-ascend/csrc/utils/inc/log/inner/dfx_base.h:138:9: note: in expansion of macro ‘OPS_LOG_STUB’
[2026-09-02 06:23:26]   138 |         OPS_LOG_STUB(OP, DLOG_ERROR, OPS_DESC, FMT, ##__VA_ARGS__);                                                    \
[2026-09-02 06:23:26]       |         ^~~~~~~~~~~~
[2026-09-02 06:23:26] /home/t00886357/fia_sink_a5_port_base/vllm-ascend/csrc/utils/inc/log/ops_log.h:24:34: note: in expansion of macro ‘OPS_INNER_ERR_STUB’
[2026-09-02 06:23:26]    24 | #define OPS_LOG_E(OPS_DESC, ...) OPS_INNER_ERR_STUB("EZ9999", OPS_DESC, __VA_ARGS__)
[2026-09-02 06:23:26]       |                                  ^~~~~~~~~~~~~~~~~~
[2026-09-02 06:23:26] /home/t00886357/fia_sink_a5_port_base/vllm-ascend/csrc/moe/swiglu_group_quant/op_host/swiglu_group_quant_tiling.cpp:182:19: note: in expansion of macro ‘OPS_LOG_E’
[2026-09-02 06:23:26]   182 |                   OPS_LOG_E(context_->GetNodeName(), "x last Dim must be divisible by 256 when quant_mode == %d.", FP8_QUANT),
[2026-09-02 06:23:26]       |                   ^~~~~~~~~
[2026-09-02 06:23:26] /home/t00886357/fia_sink_a5_port_base/vllm-ascend/csrc/moe/swiglu_group_quant/op_host/swiglu_group_quant_tiling.cpp:182:54: warning: format ‘%d’ expects argument of type ‘int’, but argument 6 has type ‘long int’ [-Wformat=]
[2026-09-02 06:23:26]   182 |                   OPS_LOG_E(context_->GetNodeName(), "x last Dim must be divisible by 256 when quant_mode == %d.", FP8_QUANT),
[2026-09-02 06:23:26]       |                                                                                                                    ~~~~~~~~~
[2026-09-02 06:23:26]       |                                                                                                                    |
[2026-09-02 06:23:26]       |                                                                                                                    long int
[2026-09-02 06:23:26] /home/t00886357/fia_sink_a5_port_base/vllm-ascend/csrc/utils/inc/log/inner/dfx_base.h:131:13: note: in definition of macro ‘OPS_LOG_STUB_IF’
[2026-09-02 06:23:26]   131 |             LOG_FUNC;                                                                                                  \
[2026-09-02 06:23:26]       |             ^~~~~~~~
[2026-09-02 06:23:26] /home/t00886357/fia_sink_a5_port_base/vllm-ascend/csrc/moe/swiglu_group_quant/op_host/swiglu_group_quant_tiling.cpp:181:5: note: in expansion of macro ‘OPS_ERR_IF’
[2026-09-02 06:23:26]   181 |     OPS_ERR_IF((quantMode_ == FP8_QUANT && d_ % 256 != 0),
[2026-09-02 06:23:26]       |     ^~~~~~~~~~
[2026-09-02 06:23:26] /home/t00886357/fia_sink_a5_port_base/vllm-ascend/csrc/utils/inc/log/ops_log.h:24:34: note: in expansion of macro ‘OPS_INNER_ERR_STUB’
[2026-09-02 06:23:26]    24 | #define OPS_LOG_E(OPS_DESC, ...) OPS_INNER_ERR_STUB("EZ9999", OPS_DESC, __VA_ARGS__)
[2026-09-02 06:23:26]       |                                  ^~~~~~~~~~~~~~~~~~
[2026-09-02 06:23:26] /home/t00886357/fia_sink_a5_port_base/vllm-ascend/csrc/moe/swiglu_group_quant/op_host/swiglu_group_quant_tiling.cpp:182:19: note: in expansion of macro ‘OPS_LOG_E’
[2026-09-02 06:23:26]   182 |                   OPS_LOG_E(context_->GetNodeName(), "x last Dim must be divisible by 256 when quant_mode == %d.", FP8_QUANT),
[2026-09-02 06:23:26]       |                   ^~~~~~~~~
[2026-09-02 06:23:26] /home/t00886357/fia_sink_a5_port_base/vllm-ascend/csrc/moe/swiglu_group_quant/op_host/swiglu_group_quant_tiling.cpp: In member function ‘void optiling::SwigluGroupQuantTiling::SetTilingData()’:
[2026-09-02 06:23:26] /home/t00886357/fia_sink_a5_port_base/vllm-ascend/csrc/moe/swiglu_group_quant/op_host/swiglu_group_quant_tiling.cpp:487:32: warning: conversion from ‘double’ to ‘float’ may change value [-Wfloat-conversion]
[2026-09-02 06:23:26]   487 |     tilingData_.set_clampValue(clampValue_);
[2026-09-02 06:23:26]       |                                ^~~~~~~~~~~
[2026-09-02 06:23:26] [17/53] Building CXX object moe/causal_conv1d/op_host/CMakeFiles/ophost_transformer_tiling_obj.dir/__/__/__/attention/fused_infer_attention_score_v2_sink/op_host/fused_infer_attention_score_v2_sink_tiling_register.cpp.o
[2026-09-02 06:23:26] [18/53] Building CXX object moe/causal_conv1d/op_host/CMakeFiles/ophost_transformer_tiling_obj.dir/__/__/chunk_fwd_o/op_host/chunk_fwd_o_tiling.cpp.o
[2026-09-02 06:23:26] /home/t00886357/fia_sink_a5_port_base/vllm-ascend/csrc/moe/chunk_fwd_o/op_host/chunk_fwd_o_tiling.cpp: In function ‘void optiling::ChunkFwdOTilingDataPrint(gert::TilingContext*, ChunkFwdOTilingData&)’:
[2026-09-02 06:23:26] /home/t00886357/fia_sink_a5_port_base/vllm-ascend/csrc/moe/chunk_fwd_o/op_host/chunk_fwd_o_tiling.cpp:40:10: warning: unused variable ‘nodeName’ [-Wunused-variable]
[2026-09-02 06:23:26]    40 |     auto nodeName = context->GetNodeName();
[2026-09-02 06:23:26]       |          ^~~~~~~~
[2026-09-02 06:23:26] /home/t00886357/fia_sink_a5_port_base/vllm-ascend/csrc/moe/chunk_fwd_o/op_host/chunk_fwd_o_tiling.cpp:38:89: warning: unused parameter ‘tiling’ [-Wunused-parameter]
[2026-09-02 06:23:26]    38 | static void ChunkFwdOTilingDataPrint(gert::TilingContext *context, ChunkFwdOTilingData &tiling)
[2026-09-02 06:23:26]       |                                                                    ~~~~~~~~~~~~~~~~~~~~~^~~~~~
[2026-09-02 06:23:26] /home/t00886357/fia_sink_a5_port_base/vllm-ascend/csrc/moe/chunk_fwd_o/op_host/chunk_fwd_o_tiling.cpp: In function ‘ge::graphStatus optiling::Tiling4ChunkFwdO(gert::TilingContext*)’:
[2026-09-02 06:23:26] /home/t00886357/fia_sink_a5_port_base/vllm-ascend/csrc/moe/chunk_fwd_o/op_host/chunk_fwd_o_tiling.cpp:82:19: warning: conversion from ‘double’ to ‘float’ may change value [-Wfloat-conversion]
[2026-09-02 06:23:26]    82 |     float scale = *(attrPtr->GetAttrPointer<double>(ATTR_SCALE_IDX));
[2026-09-02 06:23:26]       |                   ^~~~~~~~~~~~~~~~~~~~~~~~~~~~~~~~~~~~~~~~~~~~~~~~~~
[2026-09-02 06:23:26] [19/53] Building CXX object moe/causal_conv1d/op_host/CMakeFiles/ophost_transformer_tiling_obj.dir/__/__/__/attention/sparse_attention_score/op_host/sparse_attention_score_tiling.cpp.o
[2026-09-02 06:23:26] In file included from /home/t00886357/fia_sink_a5_port_base/vllm-ascend/csrc/utils/inc/log/ops_log.h:18,
[2026-09-02 06:23:26]                  from /home/t00886357/fia_sink_a5_port_base/vllm-ascend/csrc/utils/inc/tiling/tiling_base.h:22,
[2026-09-02 06:23:26]                  from /home/t00886357/fia_sink_a5_port_base/vllm-ascend/csrc/attention/sparse_attention_score/op_host/sparse_attention_score_tiling.cpp:23:
[2026-09-02 06:23:26] /home/t00886357/fia_sink_a5_port_base/vllm-ascend/csrc/utils/inc/log/inner/dfx_base.h:136: warning: "OPS_INNER_ERR_STUB" redefined
[2026-09-02 06:23:26]   136 | #define OPS_INNER_ERR_STUB(ERR_CODE_STR, OPS_DESC, FMT, ...)                                                           \
[2026-09-02 06:23:26]       | 
[2026-09-02 06:23:26] In file included from /home/t00886357/fia_sink_a5_port_base/vllm-ascend/csrc/attention/sparse_attention_score/op_host/sparse_attention_score_tiling.cpp:19:
[2026-09-02 06:23:26] /home/t00886357/fia_sink_a5_port_base/vllm-ascend/csrc/common/include/err/ops_err.h:21: note: this is the location of the previous definition
[2026-09-02 06:23:26]    21 | #define OPS_INNER_ERR_STUB(ERR_CODE_STR, OPS_DESC, FMT, ...)                                                           \
[2026-09-02 06:23:26]       | 
[2026-09-02 06:23:26] In file included from /home/t00886357/fia_sink_a5_port_base/vllm-ascend/csrc/attention/sparse_attention_score/op_host/sparse_attention_score_tiling.cpp:18:
[2026-09-02 06:23:26] /usr/local/Ascend/cann-9.1.0/x86_64-linux/include/op_common/log/log.h:45:9: warning: redundant redeclaration of ‘int32_t CheckLogLevel(int32_t, int32_t)’ in same scope [-Wredundant-decls]
[2026-09-02 06:23:26]    45 | int32_t CheckLogLevel(int32_t moduleId, int32_t logLevel);
[2026-09-02 06:23:26]       |         ^~~~~~~~~~~~~
[2026-09-02 06:23:26] In file included from <command-line>:
[2026-09-02 06:23:26] /home/t00886357/fia_sink_a5_port_base/vllm-ascend/csrc/common/include/cann_compat.h:24:9: note: previous declaration of ‘int32_t CheckLogLevel(int32_t, int32_t)’
[2026-09-02 06:23:26]    24 | int32_t CheckLogLevel(int32_t moduleId, int32_t logLevel);
[2026-09-02 06:23:26]       |         ^~~~~~~~~~~~~
[2026-09-02 06:23:26] /usr/local/Ascend/cann-9.1.0/x86_64-linux/include/op_common/log/log.h:46:6: warning: redundant redeclaration of ‘void DlogRecord(int32_t, int32_t, const char*, ...)’ in same scope [-Wredundant-decls]
[2026-09-02 06:23:26]    46 | void DlogRecord(int32_t moduleId, int32_t level, const char* fmt, ...);
[2026-09-02 06:23:26]       |      ^~~~~~~~~~
[2026-09-02 06:23:26] /home/t00886357/fia_sink_a5_port_base/vllm-ascend/csrc/common/include/cann_compat.h:25:6: note: previous declaration of ‘void DlogRecord(int32_t, int32_t, const char*, ...)’
[2026-09-02 06:23:26]    25 | void DlogRecord(int32_t moduleId, int32_t level, const char *fmt, ...);
[2026-09-02 06:23:26]       |      ^~~~~~~~~~
[2026-09-02 06:23:26] [20/53] Building CXX object moe/causal_conv1d/op_host/CMakeFiles/ophost_transformer_tiling_obj.dir/__/__/__/attention/inplace_partial_rotary_mul/op_host/rope_regbase_tiling_ab.cpp.o
[2026-09-02 06:23:26] In file included from /home/t00886357/fia_sink_a5_port_base/vllm-ascend/csrc/attention/inplace_partial_rotary_mul/op_host/rope_regbase_tiling_ab.cpp:16:
[2026-09-02 06:23:26] /home/t00886357/fia_sink_a5_port_base/vllm-ascend/csrc/attention/inplace_partial_rotary_mul/op_host/inplace_partial_rotary_mul_tiling.h:220:7: warning: ‘class optiling::RopeRegBaseTilingClass’ has virtual functions and accessible non-virtual destructor [-Wnon-virtual-dtor]
[2026-09-02 06:23:26]   220 | class RopeRegBaseTilingClass {
[2026-09-02 06:23:26]       |       ^~~~~~~~~~~~~~~~~~~~~~
[2026-09-02 06:23:26] /home/t00886357/fia_sink_a5_port_base/vllm-ascend/csrc/attention/inplace_partial_rotary_mul/op_host/inplace_partial_rotary_mul_tiling.h:349:7: warning: base class ‘class optiling::RopeRegBaseTilingClass’ has accessible non-virtual destructor [-Wnon-virtual-dtor]
[2026-09-02 06:23:26]   349 | class RopeRegBaseTilingClassAAndB : public RopeRegBaseTilingClass {
[2026-09-02 06:23:26]       |       ^~~~~~~~~~~~~~~~~~~~~~~~~~~
[2026-09-02 06:23:26] /home/t00886357/fia_sink_a5_port_base/vllm-ascend/csrc/attention/inplace_partial_rotary_mul/op_host/inplace_partial_rotary_mul_tiling.h:349:7: warning: ‘class optiling::RopeRegBaseTilingClassAAndB’ has virtual functions and accessible non-virtual destructor [-Wnon-virtual-dtor]
[2026-09-02 06:23:26] /home/t00886357/fia_sink_a5_port_base/vllm-ascend/csrc/attention/inplace_partial_rotary_mul/op_host/inplace_partial_rotary_mul_tiling.h:384:7: warning: base class ‘class optiling::RopeRegBaseTilingClass’ has accessible non-virtual destructor [-Wnon-virtual-dtor]
[2026-09-02 06:23:26]   384 | class RopeRegBaseTilingClassAB : public RopeRegBaseTilingClass {
[2026-09-02 06:23:26]       |       ^~~~~~~~~~~~~~~~~~~~~~~~
[2026-09-02 06:23:26] /home/t00886357/fia_sink_a5_port_base/vllm-ascend/csrc/attention/inplace_partial_rotary_mul/op_host/inplace_partial_rotary_mul_tiling.h:384:7: warning: ‘class optiling::RopeRegBaseTilingClassAB’ has virtual functions and accessible non-virtual destructor [-Wnon-virtual-dtor]
[2026-09-02 06:23:26] /home/t00886357/fia_sink_a5_port_base/vllm-ascend/csrc/attention/inplace_partial_rotary_mul/op_host/inplace_partial_rotary_mul_tiling.h:408:7: warning: base class ‘class optiling::RopeRegBaseTilingClass’ has accessible non-virtual destructor [-Wnon-virtual-dtor]
[2026-09-02 06:23:26]   408 | class RopeRegBaseTilingClassABAAndBA : public RopeRegBaseTilingClass {
[2026-09-02 06:23:26]       |       ^~~~~~~~~~~~~~~~~~~~~~~~~~~~~~
[2026-09-02 06:23:26] /home/t00886357/fia_sink_a5_port_base/vllm-ascend/csrc/attention/inplace_partial_rotary_mul/op_host/inplace_partial_rotary_mul_tiling.h:408:7: warning: ‘class optiling::RopeRegBaseTilingClassABAAndBA’ has virtual functions and accessible non-virtual destructor [-Wnon-virtual-dtor]
[2026-09-02 06:23:26] /home/t00886357/fia_sink_a5_port_base/vllm-ascend/csrc/attention/inplace_partial_rotary_mul/op_host/inplace_partial_rotary_mul_tiling.h:442:7: warning: base class ‘class optiling::RopeRegBaseTilingClass’ has accessible non-virtual destructor [-Wnon-virtual-dtor]
[2026-09-02 06:23:26]   442 | class RopeRegBaseTilingClassBAB : public RopeRegBaseTilingClass {
[2026-09-02 06:23:26]       |       ^~~~~~~~~~~~~~~~~~~~~~~~~
[2026-09-02 06:23:26] /home/t00886357/fia_sink_a5_port_base/vllm-ascend/csrc/attention/inplace_partial_rotary_mul/op_host/inplace_partial_rotary_mul_tiling.h:442:7: warning: ‘class optiling::RopeRegBaseTilingClassBAB’ has virtual functions and accessible non-virtual destructor [-Wnon-virtual-dtor]
[2026-09-02 06:23:26] /home/t00886357/fia_sink_a5_port_base/vllm-ascend/csrc/attention/inplace_partial_rotary_mul/op_host/inplace_partial_rotary_mul_tiling.h: In constructor ‘optiling::RopeRegBaseTilingClassBAB::RopeRegBaseTilingClassBAB(gert::TilingContext*)’:
[2026-09-02 06:23:26] /home/t00886357/fia_sink_a5_port_base/vllm-ascend/csrc/attention/inplace_partial_rotary_mul/op_host/inplace_partial_rotary_mul_tiling.h:444:61: warning: declaration of ‘context_’ shadows a member of ‘optiling::RopeRegBaseTilingClassBAB’ [-Wshadow]
[2026-09-02 06:23:26]   444 |     explicit RopeRegBaseTilingClassBAB(gert::TilingContext *context_) : RopeRegBaseTilingClass(context_)
[2026-09-02 06:23:26]       |                                        ~~~~~~~~~~~~~~~~~~~~~^~~~~~~~
[2026-09-02 06:23:26] /home/t00886357/fia_sink_a5_port_base/vllm-ascend/csrc/attention/inplace_partial_rotary_mul/op_host/inplace_partial_rotary_mul_tiling.h:336:26: note: shadowed declaration is here
[2026-09-02 06:23:26]   336 |     gert::TilingContext* context_ = nullptr;
[2026-09-02 06:23:26]       |                          ^~~~~~~~
[2026-09-02 06:23:26] /home/t00886357/fia_sink_a5_port_base/vllm-ascend/csrc/attention/inplace_partial_rotary_mul/op_host/inplace_partial_rotary_mul_tiling.h: In constructor ‘optiling::RopeRegBaseTilingClassBAB::RopeRegBaseTilingClassBAB(gert::TilingContext*)’:
[2026-09-02 06:23:26] /home/t00886357/fia_sink_a5_port_base/vllm-ascend/csrc/attention/inplace_partial_rotary_mul/op_host/inplace_partial_rotary_mul_tiling.h:444:61: warning: declaration of ‘context_’ shadows a member of ‘optiling::RopeRegBaseTilingClassBAB’ [-Wshadow]
[2026-09-02 06:23:26]   444 |     explicit RopeRegBaseTilingClassBAB(gert::TilingContext *context_) : RopeRegBaseTilingClass(context_)
[2026-09-02 06:23:26]       |                                        ~~~~~~~~~~~~~~~~~~~~~^~~~~~~~
[2026-09-02 06:23:26] /home/t00886357/fia_sink_a5_port_base/vllm-ascend/csrc/attention/inplace_partial_rotary_mul/op_host/inplace_partial_rotary_mul_tiling.h:336:26: note: shadowed declaration is here
[2026-09-02 06:23:26]   336 |     gert::TilingContext* context_ = nullptr;
[2026-09-02 06:23:26]       |                          ^~~~~~~~
[2026-09-02 06:23:26] /home/t00886357/fia_sink_a5_port_base/vllm-ascend/csrc/attention/inplace_partial_rotary_mul/op_host/inplace_partial_rotary_mul_tiling.h: In constructor ‘optiling::RopeRegBaseTilingClassBAB::RopeRegBaseTilingClassBAB(gert::TilingContext*)’:
[2026-09-02 06:23:26] /home/t00886357/fia_sink_a5_port_base/vllm-ascend/csrc/attention/inplace_partial_rotary_mul/op_host/inplace_partial_rotary_mul_tiling.h:444:61: warning: declaration of ‘context_’ shadows a member of ‘optiling::RopeRegBaseTilingClassBAB’ [-Wshadow]
[2026-09-02 06:23:26]   444 |     explicit RopeRegBaseTilingClassBAB(gert::TilingContext *context_) : RopeRegBaseTilingClass(context_)
[2026-09-02 06:23:26]       |                                        ~~~~~~~~~~~~~~~~~~~~~^~~~~~~~
[2026-09-02 06:23:26] /home/t00886357/fia_sink_a5_port_base/vllm-ascend/csrc/attention/inplace_partial_rotary_mul/op_host/inplace_partial_rotary_mul_tiling.h:336:26: note: shadowed declaration is here
[2026-09-02 06:23:26]   336 |     gert::TilingContext* context_ = nullptr;
[2026-09-02 06:23:26]       |                          ^~~~~~~~
[2026-09-02 06:23:26] In file included from /home/t00886357/fia_sink_a5_port_base/vllm-ascend/csrc/utils/inc/log/ops_log.h:18,
[2026-09-02 06:23:26]                  from /home/t00886357/fia_sink_a5_port_base/vllm-ascend/csrc/utils/inc/error/ops_error.h:18,
[2026-09-02 06:23:26]                  from /home/t00886357/fia_sink_a5_port_base/vllm-ascend/csrc/attention/inplace_partial_rotary_mul/op_host/inplace_partial_rotary_mul_tiling.h:27:
[2026-09-02 06:23:26] /home/t00886357/fia_sink_a5_port_base/vllm-ascend/csrc/attention/inplace_partial_rotary_mul/op_host/rope_regbase_tiling_ab.cpp: In member function ‘virtual ge::graphStatus optiling::RopeRegBaseTilingClassAB::PostTiling()’:
[2026-09-02 06:23:26] /home/t00886357/fia_sink_a5_port_base/vllm-ascend/csrc/utils/inc/log/inner/dfx_base.h:120:17: warning: format ‘%ld’ expects argument of type ‘long int’, but argument 28 has type ‘uint64_t’ {aka ‘long unsigned int’} [-Wformat=]
[2026-09-02 06:23:26]   120 |                 "[%s:%d][%s]%s[%s][%lu] OpName:[%s] " #FMT,                                                     \
[2026-09-02 06:23:26] /home/t00886357/fia_sink_a5_port_base/vllm-ascend/csrc/utils/inc/log/inner/dfx_base.h:149:44: note: in expansion of macro ‘OPS_LOG_STUB’
[2026-09-02 06:23:26]   149 | #define OPS_LOG_STUB_I(OPS_DESC, FMT, ...) OPS_LOG_STUB(OP, DLOG_INFO, OPS_DESC, FMT, ##__VA_ARGS__)
[2026-09-02 06:23:26]       |                                            ^~~~~~~~~~~~
[2026-09-02 06:23:26] /home/t00886357/fia_sink_a5_port_base/vllm-ascend/csrc/utils/inc/log/ops_log.h:22:34: note: in expansion of macro ‘OPS_LOG_STUB_I’
[2026-09-02 06:23:26]    22 | #define OPS_LOG_I(OPS_DESC, ...) OPS_LOG_STUB_I(OPS_DESC, __VA_ARGS__)
[2026-09-02 06:23:26]       |                                  ^~~~~~~~~~~~~~
[2026-09-02 06:23:26] /home/t00886357/fia_sink_a5_port_base/vllm-ascend/csrc/attention/inplace_partial_rotary_mul/op_host/rope_regbase_tiling_ab.cpp:139:5: note: in expansion of macro ‘OPS_LOG_I’
[2026-09-02 06:23:26]   139 |     OPS_LOG_I(context_->GetNodeName(),
[2026-09-02 06:23:26]       |     ^~~~~~~~~
[2026-09-02 06:23:26] [21/53] Building CXX object moe/causal_conv1d/op_host/CMakeFiles/ophost_transformer_tiling_obj.dir/__/__/__/attention/indexer_compress_epilog_v2/op_host/indexer_compress_epilog_v2_tiling.cpp.o
[2026-09-02 06:23:26] In file included from /home/t00886357/fia_sink_a5_port_base/vllm-ascend/csrc/utils/inc/log/ops_log.h:18,
[2026-09-02 06:23:26]                  from /home/t00886357/fia_sink_a5_port_base/vllm-ascend/csrc/utils/inc/error/ops_error.h:18,
[2026-09-02 06:23:26]                  from /home/t00886357/fia_sink_a5_port_base/vllm-ascend/csrc/attention/indexer_compress_epilog_v2/op_host/indexer_compress_epilog_v2_tiling.h:29,
[2026-09-02 06:23:26]                  from /home/t00886357/fia_sink_a5_port_base/vllm-ascend/csrc/attention/indexer_compress_epilog_v2/op_host/indexer_compress_epilog_v2_tiling.cpp:17:
[2026-09-02 06:23:26] /home/t00886357/fia_sink_a5_port_base/vllm-ascend/csrc/attention/indexer_compress_epilog_v2/op_host/indexer_compress_epilog_v2_tiling.cpp: In member function ‘ge::graphStatus optiling::IndexerCompressEpilogV2Tiling::GetShapeAttrsInfoInner()’:
[2026-09-02 06:23:26] /home/t00886357/fia_sink_a5_port_base/vllm-ascend/csrc/utils/inc/log/inner/dfx_base.h:120:17: warning: format ‘%d’ expects argument of type ‘int’, but argument 12 has type ‘long int’ [-Wformat=]
[2026-09-02 06:23:26]   120 |                 "[%s:%d][%s]%s[%s][%lu] OpName:[%s] " #FMT,                                                     \
[2026-09-02 06:23:26] /home/t00886357/fia_sink_a5_port_base/vllm-ascend/csrc/utils/inc/log/inner/dfx_base.h:131:13: note: in definition of macro ‘OPS_LOG_STUB_IF’
[2026-09-02 06:23:26]   131 |             LOG_FUNC;                                                                                                  \
[2026-09-02 06:23:26]       |             ^~~~~~~~
[2026-09-02 06:23:26] /home/t00886357/fia_sink_a5_port_base/vllm-ascend/csrc/attention/indexer_compress_epilog_v2/op_host/indexer_compress_epilog_v2_tiling.cpp:99:5: note: in expansion of macro ‘OPS_ERR_IF’
[2026-09-02 06:23:26]    99 |     OPS_ERR_IF(
[2026-09-02 06:23:26]       |     ^~~~~~~~~~
[2026-09-02 06:23:26] /home/t00886357/fia_sink_a5_port_base/vllm-ascend/csrc/utils/inc/log/inner/dfx_base.h:138:9: note: in expansion of macro ‘OPS_LOG_STUB’
[2026-09-02 06:23:26]   138 |         OPS_LOG_STUB(OP, DLOG_ERROR, OPS_DESC, FMT, ##__VA_ARGS__);                                                    \
[2026-09-02 06:23:26]       |         ^~~~~~~~~~~~
[2026-09-02 06:23:26] /home/t00886357/fia_sink_a5_port_base/vllm-ascend/csrc/utils/inc/log/ops_log.h:24:34: note: in expansion of macro ‘OPS_INNER_ERR_STUB’
[2026-09-02 06:23:26]    24 | #define OPS_LOG_E(OPS_DESC, ...) OPS_INNER_ERR_STUB("EZ9999", OPS_DESC, __VA_ARGS__)
[2026-09-02 06:23:26]       |                                  ^~~~~~~~~~~~~~~~~~
[2026-09-02 06:23:26] /home/t00886357/fia_sink_a5_port_base/vllm-ascend/csrc/attention/indexer_compress_epilog_v2/op_host/indexer_compress_epilog_v2_tiling.cpp:101:9: note: in expansion of macro ‘OPS_LOG_E’
[2026-09-02 06:23:26]   101 |         OPS_LOG_E(context_, "the dim of indexer_compress_cache only support %d, please check.", INPUTS_DIM_LIMIT),
[2026-09-02 06:23:26]       |         ^~~~~~~~~
[2026-09-02 06:23:26] /home/t00886357/fia_sink_a5_port_base/vllm-ascend/csrc/attention/indexer_compress_epilog_v2/op_host/indexer_compress_epilog_v2_tiling.cpp:101:29: warning: format ‘%d’ expects argument of type ‘int’, but argument 6 has type ‘long int’ [-Wformat=]
[2026-09-02 06:23:26]   101 |         OPS_LOG_E(context_, "the dim of indexer_compress_cache only support %d, please check.", INPUTS_DIM_LIMIT),
[2026-09-02 06:23:26]       |                                                                                                 ~~~~~~~~~~~~~~~~
[2026-09-02 06:23:26]       |                                                                                                 |
[2026-09-02 06:23:26]       |                                                                                                 long int
[2026-09-02 06:23:26] /home/t00886357/fia_sink_a5_port_base/vllm-ascend/csrc/utils/inc/log/inner/dfx_base.h:131:13: note: in definition of macro ‘OPS_LOG_STUB_IF’
[2026-09-02 06:23:26]   131 |             LOG_FUNC;                                                                                                  \
[2026-09-02 06:23:26]       |             ^~~~~~~~
[2026-09-02 06:23:26] /home/t00886357/fia_sink_a5_port_base/vllm-ascend/csrc/attention/indexer_compress_epilog_v2/op_host/indexer_compress_epilog_v2_tiling.cpp:99:5: note: in expansion of macro ‘OPS_ERR_IF’
[2026-09-02 06:23:26]    99 |     OPS_ERR_IF(
[2026-09-02 06:23:26]       |     ^~~~~~~~~~
[2026-09-02 06:23:26] /home/t00886357/fia_sink_a5_port_base/vllm-ascend/csrc/utils/inc/log/ops_log.h:24:34: note: in expansion of macro ‘OPS_INNER_ERR_STUB’
[2026-09-02 06:23:26]    24 | #define OPS_LOG_E(OPS_DESC, ...) OPS_INNER_ERR_STUB("EZ9999", OPS_DESC, __VA_ARGS__)
[2026-09-02 06:23:26]       |                                  ^~~~~~~~~~~~~~~~~~
[2026-09-02 06:23:26] /home/t00886357/fia_sink_a5_port_base/vllm-ascend/csrc/attention/indexer_compress_epilog_v2/op_host/indexer_compress_epilog_v2_tiling.cpp:101:9: note: in expansion of macro ‘OPS_LOG_E’
[2026-09-02 06:23:26]   101 |         OPS_LOG_E(context_, "the dim of indexer_compress_cache only support %d, please check.", INPUTS_DIM_LIMIT),
[2026-09-02 06:23:26]       |         ^~~~~~~~~
[2026-09-02 06:23:26] /home/t00886357/fia_sink_a5_port_base/vllm-ascend/csrc/attention/indexer_compress_epilog_v2/op_host/indexer_compress_epilog_v2_tiling.cpp: At global scope:
[2026-09-02 06:23:26] /home/t00886357/fia_sink_a5_port_base/vllm-ascend/csrc/attention/indexer_compress_epilog_v2/op_host/indexer_compress_epilog_v2_tiling.cpp:30:9: warning: ‘int64_t optiling::{anonymous}::DownAlign(int64_t, int64_t)’ defined but not used [-Wunused-function]
[2026-09-02 06:23:26]    30 | int64_t DownAlign(int64_t x, int64_t y) {
[2026-09-02 06:23:26]       |         ^~~~~~~~~
[2026-09-02 06:23:26] [22/53] Building CXX object moe/causal_conv1d/op_host/CMakeFiles/ophost_transformer_tiling_obj.dir/__/__/__/attention/inplace_partial_rotary_mul/op_host/rope_regbase_tiling_aba_and_ba.cpp.o
[2026-09-02 06:23:26] In file included from /home/t00886357/fia_sink_a5_port_base/vllm-ascend/csrc/attention/inplace_partial_rotary_mul/op_host/rope_regbase_tiling_aba_and_ba.cpp:15:
[2026-09-02 06:23:26] /home/t00886357/fia_sink_a5_port_base/vllm-ascend/csrc/attention/inplace_partial_rotary_mul/op_host/inplace_partial_rotary_mul_tiling.h:220:7: warning: ‘class optiling::RopeRegBaseTilingClass’ has virtual functions and accessible non-virtual destructor [-Wnon-virtual-dtor]
[2026-09-02 06:23:26]   220 | class RopeRegBaseTilingClass {
[2026-09-02 06:23:26]       |       ^~~~~~~~~~~~~~~~~~~~~~
[2026-09-02 06:23:26] /home/t00886357/fia_sink_a5_port_base/vllm-ascend/csrc/attention/inplace_partial_rotary_mul/op_host/inplace_partial_rotary_mul_tiling.h:349:7: warning: base class ‘class optiling::RopeRegBaseTilingClass’ has accessible non-virtual destructor [-Wnon-virtual-dtor]
[2026-09-02 06:23:26]   349 | class RopeRegBaseTilingClassAAndB : public RopeRegBaseTilingClass {
[2026-09-02 06:23:26]       |       ^~~~~~~~~~~~~~~~~~~~~~~~~~~
[2026-09-02 06:23:26] /home/t00886357/fia_sink_a5_port_base/vllm-ascend/csrc/attention/inplace_partial_rotary_mul/op_host/inplace_partial_rotary_mul_tiling.h:349:7: warning: ‘class optiling::RopeRegBaseTilingClassAAndB’ has virtual functions and accessible non-virtual destructor [-Wnon-virtual-dtor]
[2026-09-02 06:23:26] /home/t00886357/fia_sink_a5_port_base/vllm-ascend/csrc/attention/inplace_partial_rotary_mul/op_host/inplace_partial_rotary_mul_tiling.h:384:7: warning: base class ‘class optiling::RopeRegBaseTilingClass’ has accessible non-virtual destructor [-Wnon-virtual-dtor]
[2026-09-02 06:23:26]   384 | class RopeRegBaseTilingClassAB : public RopeRegBaseTilingClass {
[2026-09-02 06:23:26]       |       ^~~~~~~~~~~~~~~~~~~~~~~~
[2026-09-02 06:23:26] /home/t00886357/fia_sink_a5_port_base/vllm-ascend/csrc/attention/inplace_partial_rotary_mul/op_host/inplace_partial_rotary_mul_tiling.h:384:7: warning: ‘class optiling::RopeRegBaseTilingClassAB’ has virtual functions and accessible non-virtual destructor [-Wnon-virtual-dtor]
[2026-09-02 06:23:26] /home/t00886357/fia_sink_a5_port_base/vllm-ascend/csrc/attention/inplace_partial_rotary_mul/op_host/inplace_partial_rotary_mul_tiling.h:408:7: warning: base class ‘class optiling::RopeRegBaseTilingClass’ has accessible non-virtual destructor [-Wnon-virtual-dtor]
[2026-09-02 06:23:26]   408 | class RopeRegBaseTilingClassABAAndBA : public RopeRegBaseTilingClass {
[2026-09-02 06:23:26]       |       ^~~~~~~~~~~~~~~~~~~~~~~~~~~~~~
[2026-09-02 06:23:26] /home/t00886357/fia_sink_a5_port_base/vllm-ascend/csrc/attention/inplace_partial_rotary_mul/op_host/inplace_partial_rotary_mul_tiling.h:408:7: warning: ‘class optiling::RopeRegBaseTilingClassABAAndBA’ has virtual functions and accessible non-virtual destructor [-Wnon-virtual-dtor]
[2026-09-02 06:23:26] /home/t00886357/fia_sink_a5_port_base/vllm-ascend/csrc/attention/inplace_partial_rotary_mul/op_host/inplace_partial_rotary_mul_tiling.h:442:7: warning: base class ‘class optiling::RopeRegBaseTilingClass’ has accessible non-virtual destructor [-Wnon-virtual-dtor]
[2026-09-02 06:23:26]   442 | class RopeRegBaseTilingClassBAB : public RopeRegBaseTilingClass {
[2026-09-02 06:23:26]       |       ^~~~~~~~~~~~~~~~~~~~~~~~~
[2026-09-02 06:23:26] /home/t00886357/fia_sink_a5_port_base/vllm-ascend/csrc/attention/inplace_partial_rotary_mul/op_host/inplace_partial_rotary_mul_tiling.h:442:7: warning: ‘class optiling::RopeRegBaseTilingClassBAB’ has virtual functions and accessible non-virtual destructor [-Wnon-virtual-dtor]
[2026-09-02 06:23:26] /home/t00886357/fia_sink_a5_port_base/vllm-ascend/csrc/attention/inplace_partial_rotary_mul/op_host/inplace_partial_rotary_mul_tiling.h: In constructor ‘optiling::RopeRegBaseTilingClassBAB::RopeRegBaseTilingClassBAB(gert::TilingContext*)’:
[2026-09-02 06:23:26] /home/t00886357/fia_sink_a5_port_base/vllm-ascend/csrc/attention/inplace_partial_rotary_mul/op_host/inplace_partial_rotary_mul_tiling.h:444:61: warning: declaration of ‘context_’ shadows a member of ‘optiling::RopeRegBaseTilingClassBAB’ [-Wshadow]
[2026-09-02 06:23:26]   444 |     explicit RopeRegBaseTilingClassBAB(gert::TilingContext *context_) : RopeRegBaseTilingClass(context_)
[2026-09-02 06:23:26]       |                                        ~~~~~~~~~~~~~~~~~~~~~^~~~~~~~
[2026-09-02 06:23:26] /home/t00886357/fia_sink_a5_port_base/vllm-ascend/csrc/attention/inplace_partial_rotary_mul/op_host/inplace_partial_rotary_mul_tiling.h:336:26: note: shadowed declaration is here
[2026-09-02 06:23:26]   336 |     gert::TilingContext* context_ = nullptr;
[2026-09-02 06:23:26]       |                          ^~~~~~~~
[2026-09-02 06:23:26] /home/t00886357/fia_sink_a5_port_base/vllm-ascend/csrc/attention/inplace_partial_rotary_mul/op_host/inplace_partial_rotary_mul_tiling.h: In constructor ‘optiling::RopeRegBaseTilingClassBAB::RopeRegBaseTilingClassBAB(gert::TilingContext*)’:
[2026-09-02 06:23:26] /home/t00886357/fia_sink_a5_port_base/vllm-ascend/csrc/attention/inplace_partial_rotary_mul/op_host/inplace_partial_rotary_mul_tiling.h:444:61: warning: declaration of ‘context_’ shadows a member of ‘optiling::RopeRegBaseTilingClassBAB’ [-Wshadow]
[2026-09-02 06:23:26]   444 |     explicit RopeRegBaseTilingClassBAB(gert::TilingContext *context_) : RopeRegBaseTilingClass(context_)
[2026-09-02 06:23:26]       |                                        ~~~~~~~~~~~~~~~~~~~~~^~~~~~~~
[2026-09-02 06:23:26] /home/t00886357/fia_sink_a5_port_base/vllm-ascend/csrc/attention/inplace_partial_rotary_mul/op_host/inplace_partial_rotary_mul_tiling.h:336:26: note: shadowed declaration is here
[2026-09-02 06:23:26]   336 |     gert::TilingContext* context_ = nullptr;
[2026-09-02 06:23:26]       |                          ^~~~~~~~
[2026-09-02 06:23:26] /home/t00886357/fia_sink_a5_port_base/vllm-ascend/csrc/attention/inplace_partial_rotary_mul/op_host/inplace_partial_rotary_mul_tiling.h: In constructor ‘optiling::RopeRegBaseTilingClassBAB::RopeRegBaseTilingClassBAB(gert::TilingContext*)’:
[2026-09-02 06:23:26] /home/t00886357/fia_sink_a5_port_base/vllm-ascend/csrc/attention/inplace_partial_rotary_mul/op_host/inplace_partial_rotary_mul_tiling.h:444:61: warning: declaration of ‘context_’ shadows a member of ‘optiling::RopeRegBaseTilingClassBAB’ [-Wshadow]
[2026-09-02 06:23:26]   444 |     explicit RopeRegBaseTilingClassBAB(gert::TilingContext *context_) : RopeRegBaseTilingClass(context_)
[2026-09-02 06:23:26]       |                                        ~~~~~~~~~~~~~~~~~~~~~^~~~~~~~
[2026-09-02 06:23:26] /home/t00886357/fia_sink_a5_port_base/vllm-ascend/csrc/attention/inplace_partial_rotary_mul/op_host/inplace_partial_rotary_mul_tiling.h:336:26: note: shadowed declaration is here
[2026-09-02 06:23:26]   336 |     gert::TilingContext* context_ = nullptr;
[2026-09-02 06:23:26]       |                          ^~~~~~~~
[2026-09-02 06:23:26] In file included from /home/t00886357/fia_sink_a5_port_base/vllm-ascend/csrc/utils/inc/log/ops_log.h:18,
[2026-09-02 06:23:26]                  from /home/t00886357/fia_sink_a5_port_base/vllm-ascend/csrc/utils/inc/error/ops_error.h:18,
[2026-09-02 06:23:26]                  from /home/t00886357/fia_sink_a5_port_base/vllm-ascend/csrc/attention/inplace_partial_rotary_mul/op_host/inplace_partial_rotary_mul_tiling.h:27:
[2026-09-02 06:23:26] /home/t00886357/fia_sink_a5_port_base/vllm-ascend/csrc/attention/inplace_partial_rotary_mul/op_host/rope_regbase_tiling_aba_and_ba.cpp: In member function ‘void optiling::RopeRegBaseTilingClassABAAndBA::SetTilingData()’:
[2026-09-02 06:23:26] /home/t00886357/fia_sink_a5_port_base/vllm-ascend/csrc/utils/inc/log/inner/dfx_base.h:120:17: warning: format ‘%ld’ expects argument of type ‘long int’, but argument 31 has type ‘uint64_t’ {aka ‘long unsigned int’} [-Wformat=]
[2026-09-02 06:23:26]   120 |                 "[%s:%d][%s]%s[%s][%lu] OpName:[%s] " #FMT,                                                     \
[2026-09-02 06:23:26] /home/t00886357/fia_sink_a5_port_base/vllm-ascend/csrc/utils/inc/log/inner/dfx_base.h:149:44: note: in expansion of macro ‘OPS_LOG_STUB’
[2026-09-02 06:23:26]   149 | #define OPS_LOG_STUB_I(OPS_DESC, FMT, ...) OPS_LOG_STUB(OP, DLOG_INFO, OPS_DESC, FMT, ##__VA_ARGS__)
[2026-09-02 06:23:26]       |                                            ^~~~~~~~~~~~
[2026-09-02 06:23:26] /home/t00886357/fia_sink_a5_port_base/vllm-ascend/csrc/utils/inc/log/ops_log.h:22:34: note: in expansion of macro ‘OPS_LOG_STUB_I’
[2026-09-02 06:23:26]    22 | #define OPS_LOG_I(OPS_DESC, ...) OPS_LOG_STUB_I(OPS_DESC, __VA_ARGS__)
[2026-09-02 06:23:26]       |                                  ^~~~~~~~~~~~~~
[2026-09-02 06:23:26] /home/t00886357/fia_sink_a5_port_base/vllm-ascend/csrc/attention/inplace_partial_rotary_mul/op_host/rope_regbase_tiling_aba_and_ba.cpp:181:5: note: in expansion of macro ‘OPS_LOG_I’
[2026-09-02 06:23:26]   181 |     OPS_LOG_I(context_->GetNodeName(),
[2026-09-02 06:23:26]       |     ^~~~~~~~~
[2026-09-02 06:23:26] [23/53] Building CXX object moe/causal_conv1d/op_host/CMakeFiles/ophost_transformer_tiling_obj.dir/__/__/__/attention/kv_quant_sparse_attn_sharedkv/op_host/kv_quant_sparse_attn_sharedkv_check_existance.cpp.o
[2026-09-02 06:23:26] In file included from /home/t00886357/fia_sink_a5_port_base/vllm-ascend/csrc/attention/kv_quant_sparse_attn_sharedkv/op_host/kv_quant_sparse_attn_sharedkv_check.h:24,
[2026-09-02 06:23:26]                  from /home/t00886357/fia_sink_a5_port_base/vllm-ascend/csrc/attention/kv_quant_sparse_attn_sharedkv/op_host/kv_quant_sparse_attn_sharedkv_check_existance.cpp:16:
[2026-09-02 06:23:26] /usr/local/Ascend/cann-9.1.0/x86_64-linux/include/op_common/log/log.h:45:9: warning: redundant redeclaration of ‘int32_t CheckLogLevel(int32_t, int32_t)’ in same scope [-Wredundant-decls]
[2026-09-02 06:23:26]    45 | int32_t CheckLogLevel(int32_t moduleId, int32_t logLevel);
[2026-09-02 06:23:26]       |         ^~~~~~~~~~~~~
[2026-09-02 06:23:26] In file included from <command-line>:
[2026-09-02 06:23:26] /home/t00886357/fia_sink_a5_port_base/vllm-ascend/csrc/common/include/cann_compat.h:24:9: note: previous declaration of ‘int32_t CheckLogLevel(int32_t, int32_t)’
[2026-09-02 06:23:26]    24 | int32_t CheckLogLevel(int32_t moduleId, int32_t logLevel);
[2026-09-02 06:23:26]       |         ^~~~~~~~~~~~~
[2026-09-02 06:23:26] /usr/local/Ascend/cann-9.1.0/x86_64-linux/include/op_common/log/log.h:46:6: warning: redundant redeclaration of ‘void DlogRecord(int32_t, int32_t, const char*, ...)’ in same scope [-Wredundant-decls]
[2026-09-02 06:23:26]    46 | void DlogRecord(int32_t moduleId, int32_t level, const char* fmt, ...);
[2026-09-02 06:23:26]       |      ^~~~~~~~~~
[2026-09-02 06:23:26] /home/t00886357/fia_sink_a5_port_base/vllm-ascend/csrc/common/include/cann_compat.h:25:6: note: previous declaration of ‘void DlogRecord(int32_t, int32_t, const char*, ...)’
[2026-09-02 06:23:26]    25 | void DlogRecord(int32_t moduleId, int32_t level, const char *fmt, ...);
[2026-09-02 06:23:26]       |      ^~~~~~~~~~
[2026-09-02 06:23:26] /home/t00886357/fia_sink_a5_port_base/vllm-ascend/csrc/attention/kv_quant_sparse_attn_sharedkv/op_host/kv_quant_sparse_attn_sharedkv_check.h:415:7: warning: ‘class optiling::KvQuantSASTilingCheck’ has virtual functions and accessible non-virtual destructor [-Wnon-virtual-dtor]
[2026-09-02 06:23:26]   415 | class KvQuantSASTilingCheck {
[2026-09-02 06:23:26]       |       ^~~~~~~~~~~~~~~~~~~~~
[2026-09-02 06:23:26] /home/t00886357/fia_sink_a5_port_base/vllm-ascend/csrc/attention/kv_quant_sparse_attn_sharedkv/op_host/kv_quant_sparse_attn_sharedkv_check_existance.cpp: In member function ‘ge::graphStatus optiling::KvQuantSASTilingCheck::CheckCmpRatioExistence()’:
[2026-09-02 06:23:26] /home/t00886357/fia_sink_a5_port_base/vllm-ascend/csrc/attention/kv_quant_sparse_attn_sharedkv/op_host/kv_quant_sparse_attn_sharedkv_check_existance.cpp:156:30: warning: format ‘%u’ expects argument of type ‘unsigned int’, but argument 6 has type ‘long int’ [-Wformat=]
[2026-09-02 06:23:26]   156 |             OP_LOGE(opName_, "when SWA mode, cmpRatio must be 1 or 4 or 128, but got %u", *opParamInfo_.cmpRatio),
[2026-09-02 06:23:26]       |                                                                                           ~~~~~~~~~~~~~~~~~~~~~~
[2026-09-02 06:23:26]       |                                                                                           |
[2026-09-02 06:23:26]       |                                                                                           long int
[2026-09-02 06:23:26] /usr/local/Ascend/cann-9.1.0/x86_64-linux/include/op_common/log/log.h:1130:13: note: in definition of macro ‘OP_CHECK_IF’
[2026-09-02 06:23:26]  1130 |             log;                                 \
[2026-09-02 06:23:26]       |             ^~~
[2026-09-02 06:23:26] /home/t00886357/fia_sink_a5_port_base/vllm-ascend/csrc/attention/kv_quant_sparse_attn_sharedkv/op_host/kv_quant_sparse_attn_sharedkv_check_existance.cpp:156:13: note: in expansion of macro ‘OP_LOGE’
[2026-09-02 06:23:26]   156 |             OP_LOGE(opName_, "when SWA mode, cmpRatio must be 1 or 4 or 128, but got %u", *opParamInfo_.cmpRatio),
[2026-09-02 06:23:26]       |             ^~~~~~~
[2026-09-02 06:23:26] /home/t00886357/fia_sink_a5_port_base/vllm-ascend/csrc/attention/kv_quant_sparse_attn_sharedkv/op_host/kv_quant_sparse_attn_sharedkv_check_existance.cpp:160:30: warning: format ‘%u’ expects argument of type ‘unsigned int’, but argument 6 has type ‘long int’ [-Wformat=]
[2026-09-02 06:23:26]   160 |             OP_LOGE(opName_, "when CFA mode, cmpRatio must be 4 or 128, but got %u", *opParamInfo_.cmpRatio),
[2026-09-02 06:23:26]       |                                                                                      ~~~~~~~~~~~~~~~~~~~~~~
[2026-09-02 06:23:26]       |                                                                                      |
[2026-09-02 06:23:26]       |                                                                                      long int
[2026-09-02 06:23:26] /usr/local/Ascend/cann-9.1.0/x86_64-linux/include/op_common/log/log.h:1130:13: note: in definition of macro ‘OP_CHECK_IF’
[2026-09-02 06:23:26]  1130 |             log;                                 \
[2026-09-02 06:23:26]       |             ^~~
[2026-09-02 06:23:26] /home/t00886357/fia_sink_a5_port_base/vllm-ascend/csrc/attention/kv_quant_sparse_attn_sharedkv/op_host/kv_quant_sparse_attn_sharedkv_check_existance.cpp:160:13: note: in expansion of macro ‘OP_LOGE’
[2026-09-02 06:23:26]   160 |             OP_LOGE(opName_, "when CFA mode, cmpRatio must be 4 or 128, but got %u", *opParamInfo_.cmpRatio),
[2026-09-02 06:23:26]       |             ^~~~~~~
[2026-09-02 06:23:26] /home/t00886357/fia_sink_a5_port_base/vllm-ascend/csrc/attention/kv_quant_sparse_attn_sharedkv/op_host/kv_quant_sparse_attn_sharedkv_check_existance.cpp:164:30: warning: format ‘%u’ expects argument of type ‘unsigned int’, but argument 6 has type ‘long int’ [-Wformat=]
[2026-09-02 06:23:26]   164 |             OP_LOGE(opName_, "when SCFA mode, cmpRatio must be 4 or 128, but got %u", *opParamInfo_.cmpRatio),
[2026-09-02 06:23:26]       |                                                                                       ~~~~~~~~~~~~~~~~~~~~~~
[2026-09-02 06:23:26]       |                                                                                       |
[2026-09-02 06:23:26]       |                                                                                       long int
[2026-09-02 06:23:26] /usr/local/Ascend/cann-9.1.0/x86_64-linux/include/op_common/log/log.h:1130:13: note: in definition of macro ‘OP_CHECK_IF’
[2026-09-02 06:23:26]  1130 |             log;                                 \
[2026-09-02 06:23:26]       |             ^~~
[2026-09-02 06:23:26] /home/t00886357/fia_sink_a5_port_base/vllm-ascend/csrc/attention/kv_quant_sparse_attn_sharedkv/op_host/kv_quant_sparse_attn_sharedkv_check_existance.cpp:164:13: note: in expansion of macro ‘OP_LOGE’
[2026-09-02 06:23:26]   164 |             OP_LOGE(opName_, "when SCFA mode, cmpRatio must be 4 or 128, but got %u", *opParamInfo_.cmpRatio),
[2026-09-02 06:23:26]       |             ^~~~~~~
[2026-09-02 06:23:26] [24/53] Building CXX object moe/causal_conv1d/op_host/CMakeFiles/ophost_transformer_tiling_obj.dir/__/__/__/attention/fused_infer_attention_score_v2_sink/op_host/fused_infer_attention_score_v2_sink_tiling_check.cpp.o
[2026-09-02 06:23:26] [25/53] Building CXX object moe/causal_conv1d/op_host/CMakeFiles/ophost_transformer_tiling_obj.dir/__/__/__/attention/fused_infer_attention_score_v2_sink/op_host/fused_infer_attention_score_v2_sink_tiling.cpp.o
[2026-09-02 06:23:26] [26/53] Building CXX object moe/causal_conv1d/op_host/CMakeFiles/ophost_transformer_tiling_obj.dir/__/__/__/attention/kv_quant_sparse_attn_sharedkv/op_host/kv_quant_sparse_attn_sharedkv_check.cpp.o
[2026-09-02 06:23:26] In file included from /home/t00886357/fia_sink_a5_port_base/vllm-ascend/csrc/attention/kv_quant_sparse_attn_sharedkv/op_host/kv_quant_sparse_attn_sharedkv_check.h:24,
[2026-09-02 06:23:26]                  from /home/t00886357/fia_sink_a5_port_base/vllm-ascend/csrc/attention/kv_quant_sparse_attn_sharedkv/op_host/kv_quant_sparse_attn_sharedkv_check.cpp:16:
[2026-09-02 06:23:26] /usr/local/Ascend/cann-9.1.0/x86_64-linux/include/op_common/log/log.h:45:9: warning: redundant redeclaration of ‘int32_t CheckLogLevel(int32_t, int32_t)’ in same scope [-Wredundant-decls]
[2026-09-02 06:23:26]    45 | int32_t CheckLogLevel(int32_t moduleId, int32_t logLevel);
[2026-09-02 06:23:26]       |         ^~~~~~~~~~~~~
[2026-09-02 06:23:26] In file included from <command-line>:
[2026-09-02 06:23:26] /home/t00886357/fia_sink_a5_port_base/vllm-ascend/csrc/common/include/cann_compat.h:24:9: note: previous declaration of ‘int32_t CheckLogLevel(int32_t, int32_t)’
[2026-09-02 06:23:26]    24 | int32_t CheckLogLevel(int32_t moduleId, int32_t logLevel);
[2026-09-02 06:23:26]       |         ^~~~~~~~~~~~~
[2026-09-02 06:23:26] /usr/local/Ascend/cann-9.1.0/x86_64-linux/include/op_common/log/log.h:46:6: warning: redundant redeclaration of ‘void DlogRecord(int32_t, int32_t, const char*, ...)’ in same scope [-Wredundant-decls]
[2026-09-02 06:23:26]    46 | void DlogRecord(int32_t moduleId, int32_t level, const char* fmt, ...);
[2026-09-02 06:23:26]       |      ^~~~~~~~~~
[2026-09-02 06:23:26] /home/t00886357/fia_sink_a5_port_base/vllm-ascend/csrc/common/include/cann_compat.h:25:6: note: previous declaration of ‘void DlogRecord(int32_t, int32_t, const char*, ...)’
[2026-09-02 06:23:26]    25 | void DlogRecord(int32_t moduleId, int32_t level, const char *fmt, ...);
[2026-09-02 06:23:26]       |      ^~~~~~~~~~
[2026-09-02 06:23:26] /home/t00886357/fia_sink_a5_port_base/vllm-ascend/csrc/attention/kv_quant_sparse_attn_sharedkv/op_host/kv_quant_sparse_attn_sharedkv_check.h:415:7: warning: ‘class optiling::KvQuantSASTilingCheck’ has virtual functions and accessible non-virtual destructor [-Wnon-virtual-dtor]
[2026-09-02 06:23:26]   415 | class KvQuantSASTilingCheck {
[2026-09-02 06:23:26]       |       ^~~~~~~~~~~~~~~~~~~~~
[2026-09-02 06:23:26] [27/53] Building CXX object moe/causal_conv1d/op_host/CMakeFiles/ophost_transformer_tiling_obj.dir/__/__/__/attention/kv_compress_epilog/op_host/kv_compress_epilog_tiling_arch35.cpp.o
[2026-09-02 06:23:26] [28/53] Building CXX object moe/causal_conv1d/op_host/CMakeFiles/ophost_transformer_tiling_obj.dir/__/__/__/attention/inplace_partial_rotary_mul/op_host/inplace_partial_rotary_mul_tiling.cpp.o
[2026-09-02 06:23:26] In file included from /home/t00886357/fia_sink_a5_port_base/vllm-ascend/csrc/attention/inplace_partial_rotary_mul/op_host/inplace_partial_rotary_mul_tiling.cpp:15:
[2026-09-02 06:23:26] /home/t00886357/fia_sink_a5_port_base/vllm-ascend/csrc/attention/inplace_partial_rotary_mul/op_host/inplace_partial_rotary_mul_tiling.h:220:7: warning: ‘class optiling::RopeRegBaseTilingClass’ has virtual functions and accessible non-virtual destructor [-Wnon-virtual-dtor]
[2026-09-02 06:23:26]   220 | class RopeRegBaseTilingClass {
[2026-09-02 06:23:26]       |       ^~~~~~~~~~~~~~~~~~~~~~
[2026-09-02 06:23:26] /home/t00886357/fia_sink_a5_port_base/vllm-ascend/csrc/attention/inplace_partial_rotary_mul/op_host/inplace_partial_rotary_mul_tiling.h:349:7: warning: base class ‘class optiling::RopeRegBaseTilingClass’ has accessible non-virtual destructor [-Wnon-virtual-dtor]
[2026-09-02 06:23:26]   349 | class RopeRegBaseTilingClassAAndB : public RopeRegBaseTilingClass {
[2026-09-02 06:23:26]       |       ^~~~~~~~~~~~~~~~~~~~~~~~~~~
[2026-09-02 06:23:26] /home/t00886357/fia_sink_a5_port_base/vllm-ascend/csrc/attention/inplace_partial_rotary_mul/op_host/inplace_partial_rotary_mul_tiling.h:349:7: warning: ‘class optiling::RopeRegBaseTilingClassAAndB’ has virtual functions and accessible non-virtual destructor [-Wnon-virtual-dtor]
[2026-09-02 06:23:26] /home/t00886357/fia_sink_a5_port_base/vllm-ascend/csrc/attention/inplace_partial_rotary_mul/op_host/inplace_partial_rotary_mul_tiling.h:384:7: warning: base class ‘class optiling::RopeRegBaseTilingClass’ has accessible non-virtual destructor [-Wnon-virtual-dtor]
[2026-09-02 06:23:26]   384 | class RopeRegBaseTilingClassAB : public RopeRegBaseTilingClass {
[2026-09-02 06:23:26]       |       ^~~~~~~~~~~~~~~~~~~~~~~~
[2026-09-02 06:23:26] /home/t00886357/fia_sink_a5_port_base/vllm-ascend/csrc/attention/inplace_partial_rotary_mul/op_host/inplace_partial_rotary_mul_tiling.h:384:7: warning: ‘class optiling::RopeRegBaseTilingClassAB’ has virtual functions and accessible non-virtual destructor [-Wnon-virtual-dtor]
[2026-09-02 06:23:26] /home/t00886357/fia_sink_a5_port_base/vllm-ascend/csrc/attention/inplace_partial_rotary_mul/op_host/inplace_partial_rotary_mul_tiling.h:408:7: warning: base class ‘class optiling::RopeRegBaseTilingClass’ has accessible non-virtual destructor [-Wnon-virtual-dtor]
[2026-09-02 06:23:26]   408 | class RopeRegBaseTilingClassABAAndBA : public RopeRegBaseTilingClass {
[2026-09-02 06:23:26]       |       ^~~~~~~~~~~~~~~~~~~~~~~~~~~~~~
[2026-09-02 06:23:26] /home/t00886357/fia_sink_a5_port_base/vllm-ascend/csrc/attention/inplace_partial_rotary_mul/op_host/inplace_partial_rotary_mul_tiling.h:408:7: warning: ‘class optiling::RopeRegBaseTilingClassABAAndBA’ has virtual functions and accessible non-virtual destructor [-Wnon-virtual-dtor]
[2026-09-02 06:23:26] /home/t00886357/fia_sink_a5_port_base/vllm-ascend/csrc/attention/inplace_partial_rotary_mul/op_host/inplace_partial_rotary_mul_tiling.h:442:7: warning: base class ‘class optiling::RopeRegBaseTilingClass’ has accessible non-virtual destructor [-Wnon-virtual-dtor]
[2026-09-02 06:23:26]   442 | class RopeRegBaseTilingClassBAB : public RopeRegBaseTilingClass {
[2026-09-02 06:23:26]       |       ^~~~~~~~~~~~~~~~~~~~~~~~~
[2026-09-02 06:23:26] /home/t00886357/fia_sink_a5_port_base/vllm-ascend/csrc/attention/inplace_partial_rotary_mul/op_host/inplace_partial_rotary_mul_tiling.h:442:7: warning: ‘class optiling::RopeRegBaseTilingClassBAB’ has virtual functions and accessible non-virtual destructor [-Wnon-virtual-dtor]
[2026-09-02 06:23:26] /home/t00886357/fia_sink_a5_port_base/vllm-ascend/csrc/attention/inplace_partial_rotary_mul/op_host/inplace_partial_rotary_mul_tiling.h: In constructor ‘optiling::RopeRegBaseTilingClassBAB::RopeRegBaseTilingClassBAB(gert::TilingContext*)’:
[2026-09-02 06:23:26] /home/t00886357/fia_sink_a5_port_base/vllm-ascend/csrc/attention/inplace_partial_rotary_mul/op_host/inplace_partial_rotary_mul_tiling.h:444:61: warning: declaration of ‘context_’ shadows a member of ‘optiling::RopeRegBaseTilingClassBAB’ [-Wshadow]
[2026-09-02 06:23:26]   444 |     explicit RopeRegBaseTilingClassBAB(gert::TilingContext *context_) : RopeRegBaseTilingClass(context_)
[2026-09-02 06:23:26]       |                                        ~~~~~~~~~~~~~~~~~~~~~^~~~~~~~
[2026-09-02 06:23:26] /home/t00886357/fia_sink_a5_port_base/vllm-ascend/csrc/attention/inplace_partial_rotary_mul/op_host/inplace_partial_rotary_mul_tiling.h:336:26: note: shadowed declaration is here
[2026-09-02 06:23:26]   336 |     gert::TilingContext* context_ = nullptr;
[2026-09-02 06:23:26]       |                          ^~~~~~~~
[2026-09-02 06:23:26] /home/t00886357/fia_sink_a5_port_base/vllm-ascend/csrc/attention/inplace_partial_rotary_mul/op_host/inplace_partial_rotary_mul_tiling.h: In constructor ‘optiling::RopeRegBaseTilingClassBAB::RopeRegBaseTilingClassBAB(gert::TilingContext*)’:
[2026-09-02 06:23:26] /home/t00886357/fia_sink_a5_port_base/vllm-ascend/csrc/attention/inplace_partial_rotary_mul/op_host/inplace_partial_rotary_mul_tiling.h:444:61: warning: declaration of ‘context_’ shadows a member of ‘optiling::RopeRegBaseTilingClassBAB’ [-Wshadow]
[2026-09-02 06:23:26]   444 |     explicit RopeRegBaseTilingClassBAB(gert::TilingContext *context_) : RopeRegBaseTilingClass(context_)
[2026-09-02 06:23:26]       |                                        ~~~~~~~~~~~~~~~~~~~~~^~~~~~~~
[2026-09-02 06:23:26] /home/t00886357/fia_sink_a5_port_base/vllm-ascend/csrc/attention/inplace_partial_rotary_mul/op_host/inplace_partial_rotary_mul_tiling.h:336:26: note: shadowed declaration is here
[2026-09-02 06:23:26]   336 |     gert::TilingContext* context_ = nullptr;
[2026-09-02 06:23:26]       |                          ^~~~~~~~
[2026-09-02 06:23:26] /home/t00886357/fia_sink_a5_port_base/vllm-ascend/csrc/attention/inplace_partial_rotary_mul/op_host/inplace_partial_rotary_mul_tiling.h: In constructor ‘optiling::RopeRegBaseTilingClassBAB::RopeRegBaseTilingClassBAB(gert::TilingContext*)’:
[2026-09-02 06:23:26] /home/t00886357/fia_sink_a5_port_base/vllm-ascend/csrc/attention/inplace_partial_rotary_mul/op_host/inplace_partial_rotary_mul_tiling.h:444:61: warning: declaration of ‘context_’ shadows a member of ‘optiling::RopeRegBaseTilingClassBAB’ [-Wshadow]
[2026-09-02 06:23:26]   444 |     explicit RopeRegBaseTilingClassBAB(gert::TilingContext *context_) : RopeRegBaseTilingClass(context_)
[2026-09-02 06:23:26]       |                                        ~~~~~~~~~~~~~~~~~~~~~^~~~~~~~
[2026-09-02 06:23:26] /home/t00886357/fia_sink_a5_port_base/vllm-ascend/csrc/attention/inplace_partial_rotary_mul/op_host/inplace_partial_rotary_mul_tiling.h:336:26: note: shadowed declaration is here
[2026-09-02 06:23:26]   336 |     gert::TilingContext* context_ = nullptr;
[2026-09-02 06:23:26]       |                          ^~~~~~~~
[2026-09-02 06:23:26] In file included from /home/t00886357/fia_sink_a5_port_base/vllm-ascend/csrc/utils/inc/log/ops_log.h:18,
[2026-09-02 06:23:26]                  from /home/t00886357/fia_sink_a5_port_base/vllm-ascend/csrc/utils/inc/error/ops_error.h:18,
[2026-09-02 06:23:26]                  from /home/t00886357/fia_sink_a5_port_base/vllm-ascend/csrc/attention/inplace_partial_rotary_mul/op_host/inplace_partial_rotary_mul_tiling.h:27:
[2026-09-02 06:23:26] /home/t00886357/fia_sink_a5_port_base/vllm-ascend/csrc/attention/inplace_partial_rotary_mul/op_host/inplace_partial_rotary_mul_tiling.cpp: In member function ‘ge::graphStatus optiling::RotaryPosEmbeddingMembaseTilingClass::GetShapeAttrsInfo()’:
[2026-09-02 06:23:26] /home/t00886357/fia_sink_a5_port_base/vllm-ascend/csrc/utils/inc/log/inner/dfx_base.h:120:17: warning: format ‘%d’ expects argument of type ‘int’, but argument 12 has type ‘unsigned int’ [-Wformat=]
[2026-09-02 06:23:26]   120 |                 "[%s:%d][%s]%s[%s][%lu] OpName:[%s] " #FMT,                                                     \
[2026-09-02 06:23:26] /home/t00886357/fia_sink_a5_port_base/vllm-ascend/csrc/utils/inc/log/inner/dfx_base.h:149:44: note: in expansion of macro ‘OPS_LOG_STUB’
[2026-09-02 06:23:26]   149 | #define OPS_LOG_STUB_I(OPS_DESC, FMT, ...) OPS_LOG_STUB(OP, DLOG_INFO, OPS_DESC, FMT, ##__VA_ARGS__)
[2026-09-02 06:23:26]       |                                            ^~~~~~~~~~~~
[2026-09-02 06:23:26] /home/t00886357/fia_sink_a5_port_base/vllm-ascend/csrc/utils/inc/log/ops_log.h:22:34: note: in expansion of macro ‘OPS_LOG_STUB_I’
[2026-09-02 06:23:26]    22 | #define OPS_LOG_I(OPS_DESC, ...) OPS_LOG_STUB_I(OPS_DESC, __VA_ARGS__)
[2026-09-02 06:23:26]       |                                  ^~~~~~~~~~~~~~
[2026-09-02 06:23:26] /home/t00886357/fia_sink_a5_port_base/vllm-ascend/csrc/attention/inplace_partial_rotary_mul/op_host/inplace_partial_rotary_mul_tiling.cpp:49:5: note: in expansion of macro ‘OPS_LOG_I’
[2026-09-02 06:23:26]    49 |     OPS_LOG_I(context_->GetNodeName(), "[mode]: %d", inputMode);
[2026-09-02 06:23:26]       |     ^~~~~~~~~
[2026-09-02 06:23:26] [29/53] Building CXX object moe/causal_conv1d/op_host/CMakeFiles/ophost_transformer_tiling_obj.dir/__/__/situ_mx_quant/op_host/arch35/situ_mx_quant_tiling_arch35.cpp.o
[2026-09-02 06:23:26] In file included from /home/t00886357/fia_sink_a5_port_base/vllm-ascend/csrc/moe/situ_mx_quant/op_host/arch35/situ_mx_quant_tiling_arch35.cpp:22:
[2026-09-02 06:23:26] /usr/local/Ascend/cann-9.1.0/x86_64-linux/include/op_common/log/log.h:45:9: warning: redundant redeclaration of ‘int32_t CheckLogLevel(int32_t, int32_t)’ in same scope [-Wredundant-decls]
[2026-09-02 06:23:26]    45 | int32_t CheckLogLevel(int32_t moduleId, int32_t logLevel);
[2026-09-02 06:23:26]       |         ^~~~~~~~~~~~~
[2026-09-02 06:23:26] In file included from <command-line>:
[2026-09-02 06:23:26] /home/t00886357/fia_sink_a5_port_base/vllm-ascend/csrc/common/include/cann_compat.h:24:9: note: previous declaration of ‘int32_t CheckLogLevel(int32_t, int32_t)’
[2026-09-02 06:23:26]    24 | int32_t CheckLogLevel(int32_t moduleId, int32_t logLevel);
[2026-09-02 06:23:26]       |         ^~~~~~~~~~~~~
[2026-09-02 06:23:26] /usr/local/Ascend/cann-9.1.0/x86_64-linux/include/op_common/log/log.h:46:6: warning: redundant redeclaration of ‘void DlogRecord(int32_t, int32_t, const char*, ...)’ in same scope [-Wredundant-decls]
[2026-09-02 06:23:26]    46 | void DlogRecord(int32_t moduleId, int32_t level, const char* fmt, ...);
[2026-09-02 06:23:26]       |      ^~~~~~~~~~
[2026-09-02 06:23:26] /home/t00886357/fia_sink_a5_port_base/vllm-ascend/csrc/common/include/cann_compat.h:25:6: note: previous declaration of ‘void DlogRecord(int32_t, int32_t, const char*, ...)’
[2026-09-02 06:23:26]    25 | void DlogRecord(int32_t moduleId, int32_t level, const char *fmt, ...);
[2026-09-02 06:23:26]       |      ^~~~~~~~~~
[2026-09-02 06:23:26] /home/t00886357/fia_sink_a5_port_base/vllm-ascend/csrc/moe/situ_mx_quant/op_host/arch35/situ_mx_quant_tiling_arch35.cpp: In function ‘ge::graphStatus optiling::TilingPrepare4SituMxQuant(gert::TilingParseContext*)’:
[2026-09-02 06:23:26] /home/t00886357/fia_sink_a5_port_base/vllm-ascend/csrc/moe/situ_mx_quant/op_host/arch35/situ_mx_quant_tiling_arch35.cpp:329:69: warning: unused parameter ‘context’ [-Wunused-parameter]
[2026-09-02 06:23:26]   329 | ge::graphStatus TilingPrepare4SituMxQuant(gert::TilingParseContext* context)
[2026-09-02 06:23:26]       |                                           ~~~~~~~~~~~~~~~~~~~~~~~~~~^~~~~~~
[2026-09-02 06:23:26] [30/53] Building CXX object moe/causal_conv1d/op_host/CMakeFiles/ophost_transformer_tiling_obj.dir/__/__/__/attention/inplace_partial_rotary_mul/op_host/inplace_partial_rotary_mul_a3_tiling.cpp.o
[2026-09-02 06:23:26] In file included from /home/t00886357/fia_sink_a5_port_base/vllm-ascend/csrc/attention/inplace_partial_rotary_mul/op_host/inplace_partial_rotary_mul_a3_tiling.cpp:22:
[2026-09-02 06:23:26] /home/t00886357/fia_sink_a5_port_base/vllm-ascend/csrc/attention/inplace_partial_rotary_mul/op_host/inplace_partial_rotary_mul_tiling.h:220:7: warning: ‘class optiling::RopeRegBaseTilingClass’ has virtual functions and accessible non-virtual destructor [-Wnon-virtual-dtor]
[2026-09-02 06:23:26]   220 | class RopeRegBaseTilingClass {
[2026-09-02 06:23:26]       |       ^~~~~~~~~~~~~~~~~~~~~~
[2026-09-02 06:23:26] /home/t00886357/fia_sink_a5_port_base/vllm-ascend/csrc/attention/inplace_partial_rotary_mul/op_host/inplace_partial_rotary_mul_tiling.h:349:7: warning: base class ‘class optiling::RopeRegBaseTilingClass’ has accessible non-virtual destructor [-Wnon-virtual-dtor]
[2026-09-02 06:23:26]   349 | class RopeRegBaseTilingClassAAndB : public RopeRegBaseTilingClass {
[2026-09-02 06:23:26]       |       ^~~~~~~~~~~~~~~~~~~~~~~~~~~
[2026-09-02 06:23:26] /home/t00886357/fia_sink_a5_port_base/vllm-ascend/csrc/attention/inplace_partial_rotary_mul/op_host/inplace_partial_rotary_mul_tiling.h:349:7: warning: ‘class optiling::RopeRegBaseTilingClassAAndB’ has virtual functions and accessible non-virtual destructor [-Wnon-virtual-dtor]
[2026-09-02 06:23:26] /home/t00886357/fia_sink_a5_port_base/vllm-ascend/csrc/attention/inplace_partial_rotary_mul/op_host/inplace_partial_rotary_mul_tiling.h:384:7: warning: base class ‘class optiling::RopeRegBaseTilingClass’ has accessible non-virtual destructor [-Wnon-virtual-dtor]
[2026-09-02 06:23:26]   384 | class RopeRegBaseTilingClassAB : public RopeRegBaseTilingClass {
[2026-09-02 06:23:26]       |       ^~~~~~~~~~~~~~~~~~~~~~~~
[2026-09-02 06:23:26] /home/t00886357/fia_sink_a5_port_base/vllm-ascend/csrc/attention/inplace_partial_rotary_mul/op_host/inplace_partial_rotary_mul_tiling.h:384:7: warning: ‘class optiling::RopeRegBaseTilingClassAB’ has virtual functions and accessible non-virtual destructor [-Wnon-virtual-dtor]
[2026-09-02 06:23:26] /home/t00886357/fia_sink_a5_port_base/vllm-ascend/csrc/attention/inplace_partial_rotary_mul/op_host/inplace_partial_rotary_mul_tiling.h:408:7: warning: base class ‘class optiling::RopeRegBaseTilingClass’ has accessible non-virtual destructor [-Wnon-virtual-dtor]
[2026-09-02 06:23:26]   408 | class RopeRegBaseTilingClassABAAndBA : public RopeRegBaseTilingClass {
[2026-09-02 06:23:26]       |       ^~~~~~~~~~~~~~~~~~~~~~~~~~~~~~
[2026-09-02 06:23:26] /home/t00886357/fia_sink_a5_port_base/vllm-ascend/csrc/attention/inplace_partial_rotary_mul/op_host/inplace_partial_rotary_mul_tiling.h:408:7: warning: ‘class optiling::RopeRegBaseTilingClassABAAndBA’ has virtual functions and accessible non-virtual destructor [-Wnon-virtual-dtor]
[2026-09-02 06:23:26] /home/t00886357/fia_sink_a5_port_base/vllm-ascend/csrc/attention/inplace_partial_rotary_mul/op_host/inplace_partial_rotary_mul_tiling.h:442:7: warning: base class ‘class optiling::RopeRegBaseTilingClass’ has accessible non-virtual destructor [-Wnon-virtual-dtor]
[2026-09-02 06:23:26]   442 | class RopeRegBaseTilingClassBAB : public RopeRegBaseTilingClass {
[2026-09-02 06:23:26]       |       ^~~~~~~~~~~~~~~~~~~~~~~~~
[2026-09-02 06:23:26] /home/t00886357/fia_sink_a5_port_base/vllm-ascend/csrc/attention/inplace_partial_rotary_mul/op_host/inplace_partial_rotary_mul_tiling.h:442:7: warning: ‘class optiling::RopeRegBaseTilingClassBAB’ has virtual functions and accessible non-virtual destructor [-Wnon-virtual-dtor]
[2026-09-02 06:23:26] /home/t00886357/fia_sink_a5_port_base/vllm-ascend/csrc/attention/inplace_partial_rotary_mul/op_host/inplace_partial_rotary_mul_tiling.h: In constructor ‘optiling::RopeRegBaseTilingClassBAB::RopeRegBaseTilingClassBAB(gert::TilingContext*)’:
[2026-09-02 06:23:26] /home/t00886357/fia_sink_a5_port_base/vllm-ascend/csrc/attention/inplace_partial_rotary_mul/op_host/inplace_partial_rotary_mul_tiling.h:444:61: warning: declaration of ‘context_’ shadows a member of ‘optiling::RopeRegBaseTilingClassBAB’ [-Wshadow]
[2026-09-02 06:23:26]   444 |     explicit RopeRegBaseTilingClassBAB(gert::TilingContext *context_) : RopeRegBaseTilingClass(context_)
[2026-09-02 06:23:26]       |                                        ~~~~~~~~~~~~~~~~~~~~~^~~~~~~~
[2026-09-02 06:23:26] /home/t00886357/fia_sink_a5_port_base/vllm-ascend/csrc/attention/inplace_partial_rotary_mul/op_host/inplace_partial_rotary_mul_tiling.h:336:26: note: shadowed declaration is here
[2026-09-02 06:23:26]   336 |     gert::TilingContext* context_ = nullptr;
[2026-09-02 06:23:26]       |                          ^~~~~~~~
[2026-09-02 06:23:26] /home/t00886357/fia_sink_a5_port_base/vllm-ascend/csrc/attention/inplace_partial_rotary_mul/op_host/inplace_partial_rotary_mul_tiling.h: In constructor ‘optiling::RopeRegBaseTilingClassBAB::RopeRegBaseTilingClassBAB(gert::TilingContext*)’:
[2026-09-02 06:23:26] /home/t00886357/fia_sink_a5_port_base/vllm-ascend/csrc/attention/inplace_partial_rotary_mul/op_host/inplace_partial_rotary_mul_tiling.h:444:61: warning: declaration of ‘context_’ shadows a member of ‘optiling::RopeRegBaseTilingClassBAB’ [-Wshadow]
[2026-09-02 06:23:26]   444 |     explicit RopeRegBaseTilingClassBAB(gert::TilingContext *context_) : RopeRegBaseTilingClass(context_)
[2026-09-02 06:23:26]       |                                        ~~~~~~~~~~~~~~~~~~~~~^~~~~~~~
[2026-09-02 06:23:26] /home/t00886357/fia_sink_a5_port_base/vllm-ascend/csrc/attention/inplace_partial_rotary_mul/op_host/inplace_partial_rotary_mul_tiling.h:336:26: note: shadowed declaration is here
[2026-09-02 06:23:26]   336 |     gert::TilingContext* context_ = nullptr;
[2026-09-02 06:23:26]       |                          ^~~~~~~~
[2026-09-02 06:23:26] /home/t00886357/fia_sink_a5_port_base/vllm-ascend/csrc/attention/inplace_partial_rotary_mul/op_host/inplace_partial_rotary_mul_tiling.h: In constructor ‘optiling::RopeRegBaseTilingClassBAB::RopeRegBaseTilingClassBAB(gert::TilingContext*)’:
[2026-09-02 06:23:26] /home/t00886357/fia_sink_a5_port_base/vllm-ascend/csrc/attention/inplace_partial_rotary_mul/op_host/inplace_partial_rotary_mul_tiling.h:444:61: warning: declaration of ‘context_’ shadows a member of ‘optiling::RopeRegBaseTilingClassBAB’ [-Wshadow]
[2026-09-02 06:23:26]   444 |     explicit RopeRegBaseTilingClassBAB(gert::TilingContext *context_) : RopeRegBaseTilingClass(context_)
[2026-09-02 06:23:26]       |                                        ~~~~~~~~~~~~~~~~~~~~~^~~~~~~~
[2026-09-02 06:23:26] /home/t00886357/fia_sink_a5_port_base/vllm-ascend/csrc/attention/inplace_partial_rotary_mul/op_host/inplace_partial_rotary_mul_tiling.h:336:26: note: shadowed declaration is here
[2026-09-02 06:23:26]   336 |     gert::TilingContext* context_ = nullptr;
[2026-09-02 06:23:26]       |                          ^~~~~~~~
[2026-09-02 06:23:26] In file included from /home/t00886357/fia_sink_a5_port_base/vllm-ascend/csrc/utils/inc/log/ops_log.h:18,
[2026-09-02 06:23:26]                  from /home/t00886357/fia_sink_a5_port_base/vllm-ascend/csrc/utils/inc/error/ops_error.h:18,
[2026-09-02 06:23:26]                  from /home/t00886357/fia_sink_a5_port_base/vllm-ascend/csrc/attention/inplace_partial_rotary_mul/op_host/inplace_partial_rotary_mul_tiling.h:27:
[2026-09-02 06:23:26] /home/t00886357/fia_sink_a5_port_base/vllm-ascend/csrc/attention/inplace_partial_rotary_mul/op_host/inplace_partial_rotary_mul_a3_tiling.cpp: In member function ‘ge::graphStatus optiling::InplacePartialRotaryMulTiling::CheckInput()’:
[2026-09-02 06:23:26] /home/t00886357/fia_sink_a5_port_base/vllm-ascend/csrc/utils/inc/log/inner/dfx_base.h:120:17: warning: format ‘%d’ expects argument of type ‘int’, but argument 12 has type ‘int64_t’ {aka ‘long int’} [-Wformat=]
[2026-09-02 06:23:26]   120 |                 "[%s:%d][%s]%s[%s][%lu] OpName:[%s] " #FMT,                                                     \
[2026-09-02 06:23:26] /home/t00886357/fia_sink_a5_port_base/vllm-ascend/csrc/utils/inc/log/inner/dfx_base.h:138:9: note: in expansion of macro ‘OPS_LOG_STUB’
[2026-09-02 06:23:26]   138 |         OPS_LOG_STUB(OP, DLOG_ERROR, OPS_DESC, FMT, ##__VA_ARGS__);                                                    \
[2026-09-02 06:23:26]       |         ^~~~~~~~~~~~
[2026-09-02 06:23:26] /home/t00886357/fia_sink_a5_port_base/vllm-ascend/csrc/utils/inc/log/ops_log.h:24:34: note: in expansion of macro ‘OPS_INNER_ERR_STUB’
[2026-09-02 06:23:26]    24 | #define OPS_LOG_E(OPS_DESC, ...) OPS_INNER_ERR_STUB("EZ9999", OPS_DESC, __VA_ARGS__)
[2026-09-02 06:23:26]       |                                  ^~~~~~~~~~~~~~~~~~
[2026-09-02 06:23:26] /home/t00886357/fia_sink_a5_port_base/vllm-ascend/csrc/attention/inplace_partial_rotary_mul/op_host/inplace_partial_rotary_mul_a3_tiling.cpp:289:13: note: in expansion of macro ‘OPS_LOG_E’
[2026-09-02 06:23:26]   289 |             OPS_LOG_E(context_->GetNodeName(), "i is %d r1dim is %ld, r2dim is %ld, not equal",i,r1dim,r2dim);
[2026-09-02 06:23:26]       |             ^~~~~~~~~
[2026-09-02 06:23:26] In file included from /home/t00886357/fia_sink_a5_port_base/vllm-ascend/csrc/utils/inc/log/inner/dfx_base.h:25:
[2026-09-02 06:23:26] /home/t00886357/fia_sink_a5_port_base/vllm-ascend/csrc/attention/inplace_partial_rotary_mul/op_host/inplace_partial_rotary_mul_a3_tiling.cpp:289:48: warning: format ‘%d’ expects argument of type ‘int’, but argument 6 has type ‘int64_t’ {aka ‘long int’} [-Wformat=]
[2026-09-02 06:23:26]   289 |             OPS_LOG_E(context_->GetNodeName(), "i is %d r1dim is %ld, r2dim is %ld, not equal",i,r1dim,r2dim);
[2026-09-02 06:23:26]       |                                                                                                ~
[2026-09-02 06:23:26]       |                                                                                                |
[2026-09-02 06:23:26]       |                                                                                                int64_t {aka long int}
[2026-09-02 06:23:26] /home/t00886357/fia_sink_a5_port_base/vllm-ascend/csrc/utils/inc/log/ops_log.h:24:34: note: in expansion of macro ‘OPS_INNER_ERR_STUB’
[2026-09-02 06:23:26]    24 | #define OPS_LOG_E(OPS_DESC, ...) OPS_INNER_ERR_STUB("EZ9999", OPS_DESC, __VA_ARGS__)
[2026-09-02 06:23:26]       |                                  ^~~~~~~~~~~~~~~~~~
[2026-09-02 06:23:26] /home/t00886357/fia_sink_a5_port_base/vllm-ascend/csrc/attention/inplace_partial_rotary_mul/op_host/inplace_partial_rotary_mul_a3_tiling.cpp:289:13: note: in expansion of macro ‘OPS_LOG_E’
[2026-09-02 06:23:26]   289 |             OPS_LOG_E(context_->GetNodeName(), "i is %d r1dim is %ld, r2dim is %ld, not equal",i,r1dim,r2dim);
[2026-09-02 06:23:26]       |             ^~~~~~~~~
[2026-09-02 06:23:26] /home/t00886357/fia_sink_a5_port_base/vllm-ascend/csrc/attention/inplace_partial_rotary_mul/op_host/inplace_partial_rotary_mul_a3_tiling.cpp:278:10: warning: variable ‘inputShape’ set but not used [-Wunused-but-set-variable]
[2026-09-02 06:23:26]   278 |     auto inputShape = xInput->GetStorageShape();
[2026-09-02 06:23:26]       |          ^~~~~~~~~~
[2026-09-02 06:23:26] /home/t00886357/fia_sink_a5_port_base/vllm-ascend/csrc/attention/inplace_partial_rotary_mul/op_host/inplace_partial_rotary_mul_a3_tiling.cpp:321:13: warning: unused variable ‘r1Dim2’ [-Wunused-variable]
[2026-09-02 06:23:26]   321 |     int64_t r1Dim2 = inputR1Shape.GetDim(2);
[2026-09-02 06:23:26]       |             ^~~~~~
[2026-09-02 06:23:26] /home/t00886357/fia_sink_a5_port_base/vllm-ascend/csrc/attention/inplace_partial_rotary_mul/op_host/inplace_partial_rotary_mul_a3_tiling.cpp:322:13: warning: unused variable ‘xDim1’ [-Wunused-variable]
[2026-09-02 06:23:26]   322 |     int64_t xDim1 = xShape.GetDim(1);
[2026-09-02 06:23:26]       |             ^~~~~
[2026-09-02 06:23:26] /home/t00886357/fia_sink_a5_port_base/vllm-ascend/csrc/attention/inplace_partial_rotary_mul/op_host/inplace_partial_rotary_mul_a3_tiling.cpp:323:13: warning: unused variable ‘xDim2’ [-Wunused-variable]
[2026-09-02 06:23:26]   323 |     int64_t xDim2 = xShape.GetDim(2);
[2026-09-02 06:23:26]       |             ^~~~~
[2026-09-02 06:23:26] /home/t00886357/fia_sink_a5_port_base/vllm-ascend/csrc/attention/inplace_partial_rotary_mul/op_host/inplace_partial_rotary_mul_a3_tiling.cpp: In member function ‘ge::graphStatus optiling::InplacePartialRotaryMulTiling::TilingSplitN(int64_t, int64_t, int64_t, ge::DataType)’:
[2026-09-02 06:23:26] /home/t00886357/fia_sink_a5_port_base/vllm-ascend/csrc/attention/inplace_partial_rotary_mul/op_host/inplace_partial_rotary_mul_a3_tiling.cpp:361:41: warning: narrowing conversion of ‘numHeads’ from ‘int64_t’ {aka ‘long int’} to ‘uint32_t’ {aka ‘unsigned int’} [-Wnarrowing]
[2026-09-02 06:23:26]   361 |     uint32_t ubCalcNNum{1}, ubCalcNLoop{numHeads}, ubCalcNTail{0};
[2026-09-02 06:23:26]       |                                         ^~~~~~~~
[2026-09-02 06:23:26] [31/53] Building CXX object moe/causal_conv1d/op_host/CMakeFiles/ophost_transformer_tiling_obj.dir/__/__/__/attention/inplace_partial_rotary_mul/op_host/rope_regbase_tiling_base.cpp.o
[2026-09-02 06:23:26] In file included from /home/t00886357/fia_sink_a5_port_base/vllm-ascend/csrc/attention/inplace_partial_rotary_mul/op_host/rope_regbase_tiling_base.cpp:20:
[2026-09-02 06:23:26] /home/t00886357/fia_sink_a5_port_base/vllm-ascend/csrc/attention/inplace_partial_rotary_mul/op_host/inplace_partial_rotary_mul_tiling.h:220:7: warning: ‘class optiling::RopeRegBaseTilingClass’ has virtual functions and accessible non-virtual destructor [-Wnon-virtual-dtor]
[2026-09-02 06:23:26]   220 | class RopeRegBaseTilingClass {
[2026-09-02 06:23:26]       |       ^~~~~~~~~~~~~~~~~~~~~~
[2026-09-02 06:23:26] /home/t00886357/fia_sink_a5_port_base/vllm-ascend/csrc/attention/inplace_partial_rotary_mul/op_host/inplace_partial_rotary_mul_tiling.h:349:7: warning: base class ‘class optiling::RopeRegBaseTilingClass’ has accessible non-virtual destructor [-Wnon-virtual-dtor]
[2026-09-02 06:23:26]   349 | class RopeRegBaseTilingClassAAndB : public RopeRegBaseTilingClass {
[2026-09-02 06:23:26]       |       ^~~~~~~~~~~~~~~~~~~~~~~~~~~
[2026-09-02 06:23:26] /home/t00886357/fia_sink_a5_port_base/vllm-ascend/csrc/attention/inplace_partial_rotary_mul/op_host/inplace_partial_rotary_mul_tiling.h:349:7: warning: ‘class optiling::RopeRegBaseTilingClassAAndB’ has virtual functions and accessible non-virtual destructor [-Wnon-virtual-dtor]
[2026-09-02 06:23:26] /home/t00886357/fia_sink_a5_port_base/vllm-ascend/csrc/attention/inplace_partial_rotary_mul/op_host/inplace_partial_rotary_mul_tiling.h:384:7: warning: base class ‘class optiling::RopeRegBaseTilingClass’ has accessible non-virtual destructor [-Wnon-virtual-dtor]
[2026-09-02 06:23:26]   384 | class RopeRegBaseTilingClassAB : public RopeRegBaseTilingClass {
[2026-09-02 06:23:26]       |       ^~~~~~~~~~~~~~~~~~~~~~~~
[2026-09-02 06:23:26] /home/t00886357/fia_sink_a5_port_base/vllm-ascend/csrc/attention/inplace_partial_rotary_mul/op_host/inplace_partial_rotary_mul_tiling.h:384:7: warning: ‘class optiling::RopeRegBaseTilingClassAB’ has virtual functions and accessible non-virtual destructor [-Wnon-virtual-dtor]
[2026-09-02 06:23:26] /home/t00886357/fia_sink_a5_port_base/vllm-ascend/csrc/attention/inplace_partial_rotary_mul/op_host/inplace_partial_rotary_mul_tiling.h:408:7: warning: base class ‘class optiling::RopeRegBaseTilingClass’ has accessible non-virtual destructor [-Wnon-virtual-dtor]
[2026-09-02 06:23:26]   408 | class RopeRegBaseTilingClassABAAndBA : public RopeRegBaseTilingClass {
[2026-09-02 06:23:26]       |       ^~~~~~~~~~~~~~~~~~~~~~~~~~~~~~
[2026-09-02 06:23:26] /home/t00886357/fia_sink_a5_port_base/vllm-ascend/csrc/attention/inplace_partial_rotary_mul/op_host/inplace_partial_rotary_mul_tiling.h:408:7: warning: ‘class optiling::RopeRegBaseTilingClassABAAndBA’ has virtual functions and accessible non-virtual destructor [-Wnon-virtual-dtor]
[2026-09-02 06:23:26] /home/t00886357/fia_sink_a5_port_base/vllm-ascend/csrc/attention/inplace_partial_rotary_mul/op_host/inplace_partial_rotary_mul_tiling.h:442:7: warning: base class ‘class optiling::RopeRegBaseTilingClass’ has accessible non-virtual destructor [-Wnon-virtual-dtor]
[2026-09-02 06:23:26]   442 | class RopeRegBaseTilingClassBAB : public RopeRegBaseTilingClass {
[2026-09-02 06:23:26]       |       ^~~~~~~~~~~~~~~~~~~~~~~~~
[2026-09-02 06:23:26] /home/t00886357/fia_sink_a5_port_base/vllm-ascend/csrc/attention/inplace_partial_rotary_mul/op_host/inplace_partial_rotary_mul_tiling.h:442:7: warning: ‘class optiling::RopeRegBaseTilingClassBAB’ has virtual functions and accessible non-virtual destructor [-Wnon-virtual-dtor]
[2026-09-02 06:23:26] /home/t00886357/fia_sink_a5_port_base/vllm-ascend/csrc/attention/inplace_partial_rotary_mul/op_host/inplace_partial_rotary_mul_tiling.h: In constructor ‘optiling::RopeRegBaseTilingClassBAB::RopeRegBaseTilingClassBAB(gert::TilingContext*)’:
[2026-09-02 06:23:26] /home/t00886357/fia_sink_a5_port_base/vllm-ascend/csrc/attention/inplace_partial_rotary_mul/op_host/inplace_partial_rotary_mul_tiling.h:444:61: warning: declaration of ‘context_’ shadows a member of ‘optiling::RopeRegBaseTilingClassBAB’ [-Wshadow]
[2026-09-02 06:23:26]   444 |     explicit RopeRegBaseTilingClassBAB(gert::TilingContext *context_) : RopeRegBaseTilingClass(context_)
[2026-09-02 06:23:26]       |                                        ~~~~~~~~~~~~~~~~~~~~~^~~~~~~~
[2026-09-02 06:23:26] /home/t00886357/fia_sink_a5_port_base/vllm-ascend/csrc/attention/inplace_partial_rotary_mul/op_host/inplace_partial_rotary_mul_tiling.h:336:26: note: shadowed declaration is here
[2026-09-02 06:23:26]   336 |     gert::TilingContext* context_ = nullptr;
[2026-09-02 06:23:26]       |                          ^~~~~~~~
[2026-09-02 06:23:26] /home/t00886357/fia_sink_a5_port_base/vllm-ascend/csrc/attention/inplace_partial_rotary_mul/op_host/inplace_partial_rotary_mul_tiling.h: In constructor ‘optiling::RopeRegBaseTilingClassBAB::RopeRegBaseTilingClassBAB(gert::TilingContext*)’:
[2026-09-02 06:23:26] /home/t00886357/fia_sink_a5_port_base/vllm-ascend/csrc/attention/inplace_partial_rotary_mul/op_host/inplace_partial_rotary_mul_tiling.h:444:61: warning: declaration of ‘context_’ shadows a member of ‘optiling::RopeRegBaseTilingClassBAB’ [-Wshadow]
[2026-09-02 06:23:26]   444 |     explicit RopeRegBaseTilingClassBAB(gert::TilingContext *context_) : RopeRegBaseTilingClass(context_)
[2026-09-02 06:23:26]       |                                        ~~~~~~~~~~~~~~~~~~~~~^~~~~~~~
[2026-09-02 06:23:26] /home/t00886357/fia_sink_a5_port_base/vllm-ascend/csrc/attention/inplace_partial_rotary_mul/op_host/inplace_partial_rotary_mul_tiling.h:336:26: note: shadowed declaration is here
[2026-09-02 06:23:26]   336 |     gert::TilingContext* context_ = nullptr;
[2026-09-02 06:23:26]       |                          ^~~~~~~~
[2026-09-02 06:23:26] /home/t00886357/fia_sink_a5_port_base/vllm-ascend/csrc/attention/inplace_partial_rotary_mul/op_host/inplace_partial_rotary_mul_tiling.h: In constructor ‘optiling::RopeRegBaseTilingClassBAB::RopeRegBaseTilingClassBAB(gert::TilingContext*)’:
[2026-09-02 06:23:26] /home/t00886357/fia_sink_a5_port_base/vllm-ascend/csrc/attention/inplace_partial_rotary_mul/op_host/inplace_partial_rotary_mul_tiling.h:444:61: warning: declaration of ‘context_’ shadows a member of ‘optiling::RopeRegBaseTilingClassBAB’ [-Wshadow]
[2026-09-02 06:23:26]   444 |     explicit RopeRegBaseTilingClassBAB(gert::TilingContext *context_) : RopeRegBaseTilingClass(context_)
[2026-09-02 06:23:26]       |                                        ~~~~~~~~~~~~~~~~~~~~~^~~~~~~~
[2026-09-02 06:23:26] /home/t00886357/fia_sink_a5_port_base/vllm-ascend/csrc/attention/inplace_partial_rotary_mul/op_host/inplace_partial_rotary_mul_tiling.h:336:26: note: shadowed declaration is here
[2026-09-02 06:23:26]   336 |     gert::TilingContext* context_ = nullptr;
[2026-09-02 06:23:26]       |                          ^~~~~~~~
[2026-09-02 06:23:26] [32/53] Building CXX object moe/causal_conv1d/op_host/CMakeFiles/ophost_transformer_tiling_obj.dir/__/__/__/attention/fused_infer_attention_score_v2_sink/op_host/fused_infer_attention_score_v2_sink_tiling_check_consistency.cpp.o
[2026-09-02 06:23:26] [33/53] Building CXX object moe/causal_conv1d/op_host/CMakeFiles/ophost_transformer_tiling_obj.dir/__/__/__/attention/kv_quant_sparse_attn_sharedkv/op_host/kv_quant_sparse_attn_sharedkv_check_feature.cpp.o
[2026-09-02 06:23:26] In file included from /home/t00886357/fia_sink_a5_port_base/vllm-ascend/csrc/attention/kv_quant_sparse_attn_sharedkv/op_host/kv_quant_sparse_attn_sharedkv_check.h:24,
[2026-09-02 06:23:26]                  from /home/t00886357/fia_sink_a5_port_base/vllm-ascend/csrc/attention/kv_quant_sparse_attn_sharedkv/op_host/kv_quant_sparse_attn_sharedkv_check_feature.cpp:16:
[2026-09-02 06:23:26] /usr/local/Ascend/cann-9.1.0/x86_64-linux/include/op_common/log/log.h:45:9: warning: redundant redeclaration of ‘int32_t CheckLogLevel(int32_t, int32_t)’ in same scope [-Wredundant-decls]
[2026-09-02 06:23:26]    45 | int32_t CheckLogLevel(int32_t moduleId, int32_t logLevel);
[2026-09-02 06:23:26]       |         ^~~~~~~~~~~~~
[2026-09-02 06:23:26] In file included from <command-line>:
[2026-09-02 06:23:26] /home/t00886357/fia_sink_a5_port_base/vllm-ascend/csrc/common/include/cann_compat.h:24:9: note: previous declaration of ‘int32_t CheckLogLevel(int32_t, int32_t)’
[2026-09-02 06:23:26]    24 | int32_t CheckLogLevel(int32_t moduleId, int32_t logLevel);
[2026-09-02 06:23:26]       |         ^~~~~~~~~~~~~
[2026-09-02 06:23:26] /usr/local/Ascend/cann-9.1.0/x86_64-linux/include/op_common/log/log.h:46:6: warning: redundant redeclaration of ‘void DlogRecord(int32_t, int32_t, const char*, ...)’ in same scope [-Wredundant-decls]
[2026-09-02 06:23:26]    46 | void DlogRecord(int32_t moduleId, int32_t level, const char* fmt, ...);
[2026-09-02 06:23:26]       |      ^~~~~~~~~~
[2026-09-02 06:23:26] /home/t00886357/fia_sink_a5_port_base/vllm-ascend/csrc/common/include/cann_compat.h:25:6: note: previous declaration of ‘void DlogRecord(int32_t, int32_t, const char*, ...)’
[2026-09-02 06:23:26]    25 | void DlogRecord(int32_t moduleId, int32_t level, const char *fmt, ...);
[2026-09-02 06:23:26]       |      ^~~~~~~~~~
[2026-09-02 06:23:26] /home/t00886357/fia_sink_a5_port_base/vllm-ascend/csrc/attention/kv_quant_sparse_attn_sharedkv/op_host/kv_quant_sparse_attn_sharedkv_check.h:415:7: warning: ‘class optiling::KvQuantSASTilingCheck’ has virtual functions and accessible non-virtual destructor [-Wnon-virtual-dtor]
[2026-09-02 06:23:26]   415 | class KvQuantSASTilingCheck {
[2026-09-02 06:23:26]       |       ^~~~~~~~~~~~~~~~~~~~~
[2026-09-02 06:23:26] /home/t00886357/fia_sink_a5_port_base/vllm-ascend/csrc/attention/kv_quant_sparse_attn_sharedkv/op_host/kv_quant_sparse_attn_sharedkv_check_feature.cpp: In member function ‘ge::graphStatus optiling::KvQuantSASTilingCheck::CheckFeatureAntiquantPa() const’:
[2026-09-02 06:23:26] /home/t00886357/fia_sink_a5_port_base/vllm-ascend/csrc/attention/kv_quant_sparse_attn_sharedkv/op_host/kv_quant_sparse_attn_sharedkv_check_feature.cpp:128:26: warning: format ‘%ld’ expects argument of type ‘long int’, but argument 6 has type ‘unsigned int’ [-Wformat=]
[2026-09-02 06:23:26]   128 |         OP_LOGE(opName_, "when page attention is enabled, oriBlockSize_(%ld) should be in range (0, %u].",
[2026-09-02 06:23:26]   129 |         oriBlockSize_, MAX_BLOCK_SIZE), return ge::GRAPH_FAILED);
[2026-09-02 06:23:26]       |         ~~~~~~~~~~~~~     
[2026-09-02 06:23:26]       |         |
[2026-09-02 06:23:26]       |         unsigned int
[2026-09-02 06:23:26] /usr/local/Ascend/cann-9.1.0/x86_64-linux/include/op_common/log/log.h:1130:13: note: in definition of macro ‘OP_CHECK_IF’
[2026-09-02 06:23:26]  1130 |             log;                                 \
[2026-09-02 06:23:26]       |             ^~~
[2026-09-02 06:23:26] /home/t00886357/fia_sink_a5_port_base/vllm-ascend/csrc/attention/kv_quant_sparse_attn_sharedkv/op_host/kv_quant_sparse_attn_sharedkv_check_feature.cpp:128:9: note: in expansion of macro ‘OP_LOGE’
[2026-09-02 06:23:26]   128 |         OP_LOGE(opName_, "when page attention is enabled, oriBlockSize_(%ld) should be in range (0, %u].",
[2026-09-02 06:23:26]       |         ^~~~~~~
[2026-09-02 06:23:26] /home/t00886357/fia_sink_a5_port_base/vllm-ascend/csrc/attention/kv_quant_sparse_attn_sharedkv/op_host/kv_quant_sparse_attn_sharedkv_check_feature.cpp:133:30: warning: format ‘%ld’ expects argument of type ‘long int’, but argument 6 has type ‘unsigned int’ [-Wformat=]
[2026-09-02 06:23:26]   133 |             OP_LOGE(opName_, "when page attention is enabled, cmpBlockSize_(%ld) should be in range (0, %u].",
[2026-09-02 06:23:26]   134 |             cmpBlockSize_, MAX_BLOCK_SIZE), return ge::GRAPH_FAILED);
[2026-09-02 06:23:26]       |             ~~~~~~~~~~~~~     
[2026-09-02 06:23:26]       |             |
[2026-09-02 06:23:26]       |             unsigned int
[2026-09-02 06:23:26] /usr/local/Ascend/cann-9.1.0/x86_64-linux/include/op_common/log/log.h:1130:13: note: in definition of macro ‘OP_CHECK_IF’
[2026-09-02 06:23:26]  1130 |             log;                                 \
[2026-09-02 06:23:26]       |             ^~~
[2026-09-02 06:23:26] /home/t00886357/fia_sink_a5_port_base/vllm-ascend/csrc/attention/kv_quant_sparse_attn_sharedkv/op_host/kv_quant_sparse_attn_sharedkv_check_feature.cpp:133:13: note: in expansion of macro ‘OP_LOGE’
[2026-09-02 06:23:26]   133 |             OP_LOGE(opName_, "when page attention is enabled, cmpBlockSize_(%ld) should be in range (0, %u].",
[2026-09-02 06:23:26]       |             ^~~~~~~
[2026-09-02 06:23:26] [34/53] Building CXX object moe/causal_conv1d/op_host/CMakeFiles/ophost_transformer_tiling_obj.dir/__/__/__/attention/kv_quant_sparse_attn_sharedkv/op_host/kv_quant_sparse_attn_sharedkv_check_consistancy.cpp.o
[2026-09-02 06:23:26] In file included from /home/t00886357/fia_sink_a5_port_base/vllm-ascend/csrc/attention/kv_quant_sparse_attn_sharedkv/op_host/kv_quant_sparse_attn_sharedkv_check.h:24,
[2026-09-02 06:23:26]                  from /home/t00886357/fia_sink_a5_port_base/vllm-ascend/csrc/attention/kv_quant_sparse_attn_sharedkv/op_host/kv_quant_sparse_attn_sharedkv_check_consistancy.cpp:16:
[2026-09-02 06:23:26] /usr/local/Ascend/cann-9.1.0/x86_64-linux/include/op_common/log/log.h:45:9: warning: redundant redeclaration of ‘int32_t CheckLogLevel(int32_t, int32_t)’ in same scope [-Wredundant-decls]
[2026-09-02 06:23:26]    45 | int32_t CheckLogLevel(int32_t moduleId, int32_t logLevel);
[2026-09-02 06:23:26]       |         ^~~~~~~~~~~~~
[2026-09-02 06:23:26] In file included from <command-line>:
[2026-09-02 06:23:26] /home/t00886357/fia_sink_a5_port_base/vllm-ascend/csrc/common/include/cann_compat.h:24:9: note: previous declaration of ‘int32_t CheckLogLevel(int32_t, int32_t)’
[2026-09-02 06:23:26]    24 | int32_t CheckLogLevel(int32_t moduleId, int32_t logLevel);
[2026-09-02 06:23:26]       |         ^~~~~~~~~~~~~
[2026-09-02 06:23:26] /usr/local/Ascend/cann-9.1.0/x86_64-linux/include/op_common/log/log.h:46:6: warning: redundant redeclaration of ‘void DlogRecord(int32_t, int32_t, const char*, ...)’ in same scope [-Wredundant-decls]
[2026-09-02 06:23:26]    46 | void DlogRecord(int32_t moduleId, int32_t level, const char* fmt, ...);
[2026-09-02 06:23:26]       |      ^~~~~~~~~~
[2026-09-02 06:23:26] /home/t00886357/fia_sink_a5_port_base/vllm-ascend/csrc/common/include/cann_compat.h:25:6: note: previous declaration of ‘void DlogRecord(int32_t, int32_t, const char*, ...)’
[2026-09-02 06:23:26]    25 | void DlogRecord(int32_t moduleId, int32_t level, const char *fmt, ...);
[2026-09-02 06:23:26]       |      ^~~~~~~~~~
[2026-09-02 06:23:26] /home/t00886357/fia_sink_a5_port_base/vllm-ascend/csrc/attention/kv_quant_sparse_attn_sharedkv/op_host/kv_quant_sparse_attn_sharedkv_check.h:415:7: warning: ‘class optiling::KvQuantSASTilingCheck’ has virtual functions and accessible non-virtual destructor [-Wnon-virtual-dtor]
[2026-09-02 06:23:26]   415 | class KvQuantSASTilingCheck {
[2026-09-02 06:23:26]       |       ^~~~~~~~~~~~~~~~~~~~~
[2026-09-02 06:23:26] [35/53] Building CXX object moe/causal_conv1d/op_host/CMakeFiles/ophost_transformer_tiling_obj.dir/__/__/hc_pre/op_host/hc_pre_tiling.cpp.o
[2026-09-02 06:23:26] In file included from /home/t00886357/fia_sink_a5_port_base/vllm-ascend/csrc/moe/hc_pre/op_host/hc_pre_tiling.cpp:18:
[2026-09-02 06:23:26] /home/t00886357/fia_sink_a5_port_base/vllm-ascend/csrc/moe/hc_pre/op_host/hc_pre_tiling_arch35.h: In member function ‘ge::graphStatus optiling::HcPreTilingRegbase::HcPreTilingRegbase::CalcRegbaseOpTiling()’:
[2026-09-02 06:23:26] /home/t00886357/fia_sink_a5_port_base/vllm-ascend/csrc/moe/hc_pre/op_host/hc_pre_tiling_arch35.h:280:27: warning: conversion from ‘double’ to ‘float’ may change value [-Wfloat-conversion]
[2026-09-02 06:23:26]   280 |     tilingData_.set_hcEps(hcEps_);
[2026-09-02 06:23:26]       |                           ^~~~~~
[2026-09-02 06:23:26] /home/t00886357/fia_sink_a5_port_base/vllm-ascend/csrc/moe/hc_pre/op_host/hc_pre_tiling_arch35.h:281:29: warning: conversion from ‘double’ to ‘float’ may change value [-Wfloat-conversion]
[2026-09-02 06:23:26]   281 |     tilingData_.set_normEps(normEps_);
[2026-09-02 06:23:26]       |                             ^~~~~~~~
[2026-09-02 06:23:26] /home/t00886357/fia_sink_a5_port_base/vllm-ascend/csrc/moe/hc_pre/op_host/hc_pre_tiling_arch35.h: In member function ‘ge::graphStatus optiling::HcPreTilingRegbase::HcPreTilingRegbase::CalcMKSplitCorePart2Tiling()’:
[2026-09-02 06:23:26] /home/t00886357/fia_sink_a5_port_base/vllm-ascend/csrc/moe/hc_pre/op_host/hc_pre_tiling_arch35.h:396:27: warning: conversion from ‘double’ to ‘float’ may change value [-Wfloat-conversion]
[2026-09-02 06:23:26]   396 |     tilingData_.set_hcEps(hcEps_);
[2026-09-02 06:23:26]       |                           ^~~~~~
[2026-09-02 06:23:26] /home/t00886357/fia_sink_a5_port_base/vllm-ascend/csrc/moe/hc_pre/op_host/hc_pre_tiling_arch35.h:397:29: warning: conversion from ‘double’ to ‘float’ may change value [-Wfloat-conversion]
[2026-09-02 06:23:26]   397 |     tilingData_.set_normEps(normEps_);
[2026-09-02 06:23:26]       |                             ^~~~~~~~
[2026-09-02 06:23:26] /home/t00886357/fia_sink_a5_port_base/vllm-ascend/csrc/moe/hc_pre/op_host/hc_pre_tiling.cpp: In member function ‘ge::graphStatus optiling::HcPreTiling::CalcMKSplitCoreMembasePart2Tiling()’:
[2026-09-02 06:23:26] /home/t00886357/fia_sink_a5_port_base/vllm-ascend/csrc/moe/hc_pre/op_host/hc_pre_tiling.cpp:272:27: warning: conversion from ‘double’ to ‘float’ may change value [-Wfloat-conversion]
[2026-09-02 06:23:26]   272 |     tilingData_.set_hcEps(hcEps_);
[2026-09-02 06:23:26]       |                           ^~~~~~
[2026-09-02 06:23:26] /home/t00886357/fia_sink_a5_port_base/vllm-ascend/csrc/moe/hc_pre/op_host/hc_pre_tiling.cpp:273:29: warning: conversion from ‘double’ to ‘float’ may change value [-Wfloat-conversion]
[2026-09-02 06:23:26]   273 |     tilingData_.set_normEps(normEps_);
[2026-09-02 06:23:26]       |                             ^~~~~~~~
[2026-09-02 06:23:26] [36/53] Building CXX object moe/causal_conv1d/op_host/CMakeFiles/ophost_transformer_tiling_obj.dir/__/__/__/attention/fused_infer_attention_score_v2_sink/op_host/fused_infer_attention_score_v2_sink_tiling_check_existence.cpp.o
[2026-09-02 06:23:26] In file included from /home/t00886357/fia_sink_a5_port_base/vllm-ascend/csrc/utils/inc/log/ops_log.h:18,
[2026-09-02 06:23:26]                  from /home/t00886357/fia_sink_a5_port_base/vllm-ascend/csrc/utils/inc/error/ops_error.h:18,
[2026-09-02 06:23:26]                  from /home/t00886357/fia_sink_a5_port_base/vllm-ascend/csrc/attention/fused_infer_attention_score_v2_sink_common/attention_common/op_host/fia_tiling_base.h:24,
[2026-09-02 06:23:26]                  from /home/t00886357/fia_sink_a5_port_base/vllm-ascend/csrc/attention/fused_infer_attention_score_v2_sink_common/attention_common/op_host/fia_tiling_info.h:20,
[2026-09-02 06:23:26]                  from /home/t00886357/fia_sink_a5_port_base/vllm-ascend/csrc/attention/fused_infer_attention_score_v2_sink/op_host/fused_infer_attention_score_v2_sink_tiling_check.h:18,
[2026-09-02 06:23:26]                  from /home/t00886357/fia_sink_a5_port_base/vllm-ascend/csrc/attention/fused_infer_attention_score_v2_sink/op_host/fused_infer_attention_score_v2_sink_tiling_check_existence.cpp:24:
[2026-09-02 06:23:26] /home/t00886357/fia_sink_a5_port_base/vllm-ascend/csrc/attention/fused_infer_attention_score_v2_sink/op_host/fused_infer_attention_score_v2_sink_tiling_check_existence.cpp: In member function ‘ge::graphStatus optiling::FiaTilingCheck::CheckDtypeAndSetQuantFlagGqa()’:
[2026-09-02 06:23:26] /home/t00886357/fia_sink_a5_port_base/vllm-ascend/csrc/utils/inc/log/inner/dfx_base.h:120:17: warning: format ‘%s’ expects a matching ‘char*’ argument [-Wformat=]
[2026-09-02 06:23:26]   120 |                 "[%s:%d][%s]%s[%s][%lu] OpName:[%s] " #FMT,                                                     \
[2026-09-02 06:23:26] /home/t00886357/fia_sink_a5_port_base/vllm-ascend/csrc/utils/inc/log/inner/dfx_base.h:138:9: note: in expansion of macro ‘OPS_LOG_STUB’
[2026-09-02 06:23:26]   138 |         OPS_LOG_STUB(OP, DLOG_ERROR, OPS_DESC, FMT, ##__VA_ARGS__);                                                    \
[2026-09-02 06:23:26]       |         ^~~~~~~~~~~~
[2026-09-02 06:23:26] /home/t00886357/fia_sink_a5_port_base/vllm-ascend/csrc/utils/inc/log/ops_log.h:24:34: note: in expansion of macro ‘OPS_INNER_ERR_STUB’
[2026-09-02 06:23:26]    24 | #define OPS_LOG_E(OPS_DESC, ...) OPS_INNER_ERR_STUB("EZ9999", OPS_DESC, __VA_ARGS__)
[2026-09-02 06:23:26]       |                                  ^~~~~~~~~~~~~~~~~~
[2026-09-02 06:23:26] /home/t00886357/fia_sink_a5_port_base/vllm-ascend/csrc/attention/fused_infer_attention_score_v2_sink/op_host/fused_infer_attention_score_v2_sink_tiling_check_existence.cpp:138:9: note: in expansion of macro ‘OPS_LOG_E’
[2026-09-02 06:23:26]   138 |         OPS_LOG_E(opName_,
[2026-09-02 06:23:26]       |         ^~~~~~~~~
[2026-09-02 06:23:26] /home/t00886357/fia_sink_a5_port_base/vllm-ascend/csrc/utils/inc/log/inner/dfx_base.h:120:17: warning: format ‘%s’ expects a matching ‘char*’ argument [-Wformat=]
[2026-09-02 06:23:26]   120 |                 "[%s:%d][%s]%s[%s][%lu] OpName:[%s] " #FMT,                                                     \
[2026-09-02 06:23:26] /home/t00886357/fia_sink_a5_port_base/vllm-ascend/csrc/utils/inc/log/inner/dfx_base.h:138:9: note: in expansion of macro ‘OPS_LOG_STUB’
[2026-09-02 06:23:26]   138 |         OPS_LOG_STUB(OP, DLOG_ERROR, OPS_DESC, FMT, ##__VA_ARGS__);                                                    \
[2026-09-02 06:23:26]       |         ^~~~~~~~~~~~
[2026-09-02 06:23:26] /home/t00886357/fia_sink_a5_port_base/vllm-ascend/csrc/utils/inc/log/ops_log.h:24:34: note: in expansion of macro ‘OPS_INNER_ERR_STUB’
[2026-09-02 06:23:26]    24 | #define OPS_LOG_E(OPS_DESC, ...) OPS_INNER_ERR_STUB("EZ9999", OPS_DESC, __VA_ARGS__)
[2026-09-02 06:23:26]       |                                  ^~~~~~~~~~~~~~~~~~
[2026-09-02 06:23:26] /home/t00886357/fia_sink_a5_port_base/vllm-ascend/csrc/attention/fused_infer_attention_score_v2_sink/op_host/fused_infer_attention_score_v2_sink_tiling_check_existence.cpp:138:9: note: in expansion of macro ‘OPS_LOG_E’
[2026-09-02 06:23:26]   138 |         OPS_LOG_E(opName_,
[2026-09-02 06:23:26]       |         ^~~~~~~~~
[2026-09-02 06:23:26] In file included from /home/t00886357/fia_sink_a5_port_base/vllm-ascend/csrc/utils/inc/log/inner/dfx_base.h:25:
[2026-09-02 06:23:26] /home/t00886357/fia_sink_a5_port_base/vllm-ascend/csrc/attention/fused_infer_attention_score_v2_sink/op_host/fused_infer_attention_score_v2_sink_tiling_check_existence.cpp:139:19: warning: format ‘%s’ expects a matching ‘char*’ argument [-Wformat=]
[2026-09-02 06:23:26]   139 |                   "In %s situation, only supports [query_dtype, kv_dtype] as %s, %s, %s, but got %s",
[2026-09-02 06:23:26] /home/t00886357/fia_sink_a5_port_base/vllm-ascend/csrc/utils/inc/log/ops_log.h:24:34: note: in expansion of macro ‘OPS_INNER_ERR_STUB’
[2026-09-02 06:23:26]    24 | #define OPS_LOG_E(OPS_DESC, ...) OPS_INNER_ERR_STUB("EZ9999", OPS_DESC, __VA_ARGS__)
[2026-09-02 06:23:26]       |                                  ^~~~~~~~~~~~~~~~~~
[2026-09-02 06:23:26] /home/t00886357/fia_sink_a5_port_base/vllm-ascend/csrc/attention/fused_infer_attention_score_v2_sink/op_host/fused_infer_attention_score_v2_sink_tiling_check_existence.cpp:138:9: note: in expansion of macro ‘OPS_LOG_E’
[2026-09-02 06:23:26]   138 |         OPS_LOG_E(opName_,
[2026-09-02 06:23:26]       |         ^~~~~~~~~
[2026-09-02 06:23:26] /home/t00886357/fia_sink_a5_port_base/vllm-ascend/csrc/attention/fused_infer_attention_score_v2_sink/op_host/fused_infer_attention_score_v2_sink_tiling_check_existence.cpp:139:19: warning: format ‘%s’ expects a matching ‘char*’ argument [-Wformat=]
[2026-09-02 06:23:26]   139 |                   "In %s situation, only supports [query_dtype, kv_dtype] as %s, %s, %s, but got %s",
[2026-09-02 06:23:26] /home/t00886357/fia_sink_a5_port_base/vllm-ascend/csrc/utils/inc/log/ops_log.h:24:34: note: in expansion of macro ‘OPS_INNER_ERR_STUB’
[2026-09-02 06:23:26]    24 | #define OPS_LOG_E(OPS_DESC, ...) OPS_INNER_ERR_STUB("EZ9999", OPS_DESC, __VA_ARGS__)
[2026-09-02 06:23:26]       |                                  ^~~~~~~~~~~~~~~~~~
[2026-09-02 06:23:26] /home/t00886357/fia_sink_a5_port_base/vllm-ascend/csrc/attention/fused_infer_attention_score_v2_sink/op_host/fused_infer_attention_score_v2_sink_tiling_check_existence.cpp:138:9: note: in expansion of macro ‘OPS_LOG_E’
[2026-09-02 06:23:26]   138 |         OPS_LOG_E(opName_,
[2026-09-02 06:23:26]       |         ^~~~~~~~~
[2026-09-02 06:23:26] [37/53] Building CXX object moe/causal_conv1d/op_host/CMakeFiles/ophost_transformer_tiling_obj.dir/__/__/__/attention/recurrent_gated_delta_rule/op_host/recurrent_gated_delta_rule_tiling.cpp.o
[2026-09-02 06:23:26] [38/53] Building CXX object moe/causal_conv1d/op_host/CMakeFiles/ophost_transformer_tiling_obj.dir/__/__/__/attention/fused_infer_attention_score_v2_sink/op_host/fused_infer_attention_score_v2_sink_tiling_info_parser.cpp.o
[2026-09-02 06:23:26] In file included from /home/t00886357/fia_sink_a5_port_base/vllm-ascend/csrc/utils/inc/log/ops_log.h:18,
[2026-09-02 06:23:26]                  from /home/t00886357/fia_sink_a5_port_base/vllm-ascend/csrc/utils/inc/error/ops_error.h:18,
[2026-09-02 06:23:26]                  from /home/t00886357/fia_sink_a5_port_base/vllm-ascend/csrc/attention/fused_infer_attention_score_v2_sink/op_host/fused_infer_attention_score_v2_sink_tiling_info_parser.cpp:22:
[2026-09-02 06:23:26] /home/t00886357/fia_sink_a5_port_base/vllm-ascend/csrc/attention/fused_infer_attention_score_v2_sink/op_host/fused_infer_attention_score_v2_sink_tiling_info_parser.cpp: In member function ‘ge::graphStatus optiling::FiaInfoParser::GetEmptyTensorFlag()’:
[2026-09-02 06:23:26] /home/t00886357/fia_sink_a5_port_base/vllm-ascend/csrc/utils/inc/log/inner/dfx_base.h:120:17: warning: format ‘%llu’ expects argument of type ‘long long unsigned int’, but argument 12 has type ‘int64_t’ {aka ‘long int’} [-Wformat=]
[2026-09-02 06:23:26]   120 |                 "[%s:%d][%s]%s[%s][%lu] OpName:[%s] " #FMT,                                                     \
[2026-09-02 06:23:26] /home/t00886357/fia_sink_a5_port_base/vllm-ascend/csrc/utils/inc/log/inner/dfx_base.h:138:9: note: in expansion of macro ‘OPS_LOG_STUB’
[2026-09-02 06:23:26]   138 |         OPS_LOG_STUB(OP, DLOG_ERROR, OPS_DESC, FMT, ##__VA_ARGS__);                                                    \
[2026-09-02 06:23:26]       |         ^~~~~~~~~~~~
[2026-09-02 06:23:26] /home/t00886357/fia_sink_a5_port_base/vllm-ascend/csrc/utils/inc/log/ops_log.h:24:34: note: in expansion of macro ‘OPS_INNER_ERR_STUB’
[2026-09-02 06:23:26]    24 | #define OPS_LOG_E(OPS_DESC, ...) OPS_INNER_ERR_STUB("EZ9999", OPS_DESC, __VA_ARGS__)
[2026-09-02 06:23:26]       |                                  ^~~~~~~~~~~~~~~~~~
[2026-09-02 06:23:26] /home/t00886357/fia_sink_a5_port_base/vllm-ascend/csrc/attention/fused_infer_attention_score_v2_sink/op_host/fused_infer_attention_score_v2_sink_tiling_info_parser.cpp:115:9: note: in expansion of macro ‘OPS_LOG_E’
[2026-09-02 06:23:26]   115 |         OPS_LOG_E(opName_,
[2026-09-02 06:23:26]       |         ^~~~~~~~~
[2026-09-02 06:23:26] /home/t00886357/fia_sink_a5_port_base/vllm-ascend/csrc/utils/inc/log/inner/dfx_base.h:120:17: warning: format ‘%llu’ expects argument of type ‘long long unsigned int’, but argument 13 has type ‘int64_t’ {aka ‘long int’} [-Wformat=]
[2026-09-02 06:23:26]   120 |                 "[%s:%d][%s]%s[%s][%lu] OpName:[%s] " #FMT,                                                     \
[2026-09-02 06:23:26] /home/t00886357/fia_sink_a5_port_base/vllm-ascend/csrc/utils/inc/log/inner/dfx_base.h:138:9: note: in expansion of macro ‘OPS_LOG_STUB’
[2026-09-02 06:23:26]   138 |         OPS_LOG_STUB(OP, DLOG_ERROR, OPS_DESC, FMT, ##__VA_ARGS__);                                                    \
[2026-09-02 06:23:26]       |         ^~~~~~~~~~~~
[2026-09-02 06:23:26] /home/t00886357/fia_sink_a5_port_base/vllm-ascend/csrc/utils/inc/log/ops_log.h:24:34: note: in expansion of macro ‘OPS_INNER_ERR_STUB’
[2026-09-02 06:23:26]    24 | #define OPS_LOG_E(OPS_DESC, ...) OPS_INNER_ERR_STUB("EZ9999", OPS_DESC, __VA_ARGS__)
[2026-09-02 06:23:26]       |                                  ^~~~~~~~~~~~~~~~~~
[2026-09-02 06:23:26] /home/t00886357/fia_sink_a5_port_base/vllm-ascend/csrc/attention/fused_infer_attention_score_v2_sink/op_host/fused_infer_attention_score_v2_sink_tiling_info_parser.cpp:115:9: note: in expansion of macro ‘OPS_LOG_E’
[2026-09-02 06:23:26]   115 |         OPS_LOG_E(opName_,
[2026-09-02 06:23:26]       |         ^~~~~~~~~
[2026-09-02 06:23:26] In file included from /home/t00886357/fia_sink_a5_port_base/vllm-ascend/csrc/utils/inc/log/inner/dfx_base.h:25:
[2026-09-02 06:23:26] /home/t00886357/fia_sink_a5_port_base/vllm-ascend/csrc/attention/fused_infer_attention_score_v2_sink/op_host/fused_infer_attention_score_v2_sink_tiling_info_parser.cpp:116:19: warning: format ‘%llu’ expects argument of type ‘long long unsigned int’, but argument 6 has type ‘int64_t’ {aka ‘long int’} [-Wformat=]
[2026-09-02 06:23:26]   116 |                   "query shape size is %llu byte, but attention Out shape size is %llu byte, they cannot be empty "
[2026-09-02 06:23:26]   117 |                   "while the other is not",
[2026-09-02 06:23:26]   118 |                   opParamInfo_.query.shape->GetStorageShape().GetShapeSize(),
[2026-09-02 06:23:26]       |                   ~~~~~~~~~~~~~~~~~~~~~~~~~~~~~~~~~~~~~~~~~~~~~~~~~~~~~~~~~~
[2026-09-02 06:23:26]       |                                                                           |
[2026-09-02 06:23:26]       |                                                                           int64_t {aka long int}
[2026-09-02 06:23:26] /home/t00886357/fia_sink_a5_port_base/vllm-ascend/csrc/utils/inc/log/ops_log.h:24:34: note: in expansion of macro ‘OPS_INNER_ERR_STUB’
[2026-09-02 06:23:26]    24 | #define OPS_LOG_E(OPS_DESC, ...) OPS_INNER_ERR_STUB("EZ9999", OPS_DESC, __VA_ARGS__)
[2026-09-02 06:23:26]       |                                  ^~~~~~~~~~~~~~~~~~
[2026-09-02 06:23:26] /home/t00886357/fia_sink_a5_port_base/vllm-ascend/csrc/attention/fused_infer_attention_score_v2_sink/op_host/fused_infer_attention_score_v2_sink_tiling_info_parser.cpp:115:9: note: in expansion of macro ‘OPS_LOG_E’
[2026-09-02 06:23:26]   115 |         OPS_LOG_E(opName_,
[2026-09-02 06:23:26]       |         ^~~~~~~~~
[2026-09-02 06:23:26] /home/t00886357/fia_sink_a5_port_base/vllm-ascend/csrc/attention/fused_infer_attention_score_v2_sink/op_host/fused_infer_attention_score_v2_sink_tiling_info_parser.cpp:116:43: note: format string is defined here
[2026-09-02 06:23:26]   116 |                   "query shape size is %llu byte, but attention Out shape size is %llu byte, they cannot be empty "
[2026-09-02 06:23:26]       |                                        ~~~^
[2026-09-02 06:23:26]       |                                           |
[2026-09-02 06:23:26]       |                                           long long unsigned int
[2026-09-02 06:23:26]       |                                        %lu
[2026-09-02 06:23:26] /home/t00886357/fia_sink_a5_port_base/vllm-ascend/csrc/attention/fused_infer_attention_score_v2_sink/op_host/fused_infer_attention_score_v2_sink_tiling_info_parser.cpp:116:19: warning: format ‘%llu’ expects argument of type ‘long long unsigned int’, but argument 7 has type ‘int64_t’ {aka ‘long int’} [-Wformat=]
[2026-09-02 06:23:26]   116 |                   "query shape size is %llu byte, but attention Out shape size is %llu byte, they cannot be empty "
[2026-09-02 06:23:26] ......
[2026-09-02 06:23:26]   119 |                   opParamInfo_.attenOut.shape->GetStorageShape().GetShapeSize());
[2026-09-02 06:23:26]       |                   ~~~~~~~~~~~~~~~~~~~~~~~~~~~~~~~~~~~~~~~~~~~~~~~~~~~~~~~~~~~~~
[2026-09-02 06:23:26]       |                                                                              |
[2026-09-02 06:23:26]       |                                                                              int64_t {aka long int}
[2026-09-02 06:23:26] /home/t00886357/fia_sink_a5_port_base/vllm-ascend/csrc/utils/inc/log/ops_log.h:24:34: note: in expansion of macro ‘OPS_INNER_ERR_STUB’
[2026-09-02 06:23:26]    24 | #define OPS_LOG_E(OPS_DESC, ...) OPS_INNER_ERR_STUB("EZ9999", OPS_DESC, __VA_ARGS__)
[2026-09-02 06:23:26]       |                                  ^~~~~~~~~~~~~~~~~~
[2026-09-02 06:23:26] /home/t00886357/fia_sink_a5_port_base/vllm-ascend/csrc/attention/fused_infer_attention_score_v2_sink/op_host/fused_infer_attention_score_v2_sink_tiling_info_parser.cpp:115:9: note: in expansion of macro ‘OPS_LOG_E’
[2026-09-02 06:23:26]   115 |         OPS_LOG_E(opName_,
[2026-09-02 06:23:26]       |         ^~~~~~~~~
[2026-09-02 06:23:26] /home/t00886357/fia_sink_a5_port_base/vllm-ascend/csrc/attention/fused_infer_attention_score_v2_sink/op_host/fused_infer_attention_score_v2_sink_tiling_info_parser.cpp:116:86: note: format string is defined here
[2026-09-02 06:23:26]   116 |                   "query shape size is %llu byte, but attention Out shape size is %llu byte, they cannot be empty "
[2026-09-02 06:23:26]       |                                                                                   ~~~^
[2026-09-02 06:23:26]       |                                                                                      |
[2026-09-02 06:23:26]       |                                                                                      long long unsigned int
[2026-09-02 06:23:26]       |                                                                                   %lu
[2026-09-02 06:23:26] /home/t00886357/fia_sink_a5_port_base/vllm-ascend/csrc/utils/inc/log/inner/dfx_base.h:120:17: warning: format ‘%u’ expects argument of type ‘unsigned int’, but argument 12 has type ‘int’ [-Wformat=]
[2026-09-02 06:23:26]   120 |                 "[%s:%d][%s]%s[%s][%lu] OpName:[%s] " #FMT,                                                     \
[2026-09-02 06:23:26] /home/t00886357/fia_sink_a5_port_base/vllm-ascend/csrc/utils/inc/log/inner/dfx_base.h:138:9: note: in expansion of macro ‘OPS_LOG_STUB’
[2026-09-02 06:23:26]   138 |         OPS_LOG_STUB(OP, DLOG_ERROR, OPS_DESC, FMT, ##__VA_ARGS__);                                                    \
[2026-09-02 06:23:26]       |         ^~~~~~~~~~~~
[2026-09-02 06:23:26] /home/t00886357/fia_sink_a5_port_base/vllm-ascend/csrc/utils/inc/log/ops_log.h:24:34: note: in expansion of macro ‘OPS_INNER_ERR_STUB’
[2026-09-02 06:23:26]    24 | #define OPS_LOG_E(OPS_DESC, ...) OPS_INNER_ERR_STUB("EZ9999", OPS_DESC, __VA_ARGS__)
[2026-09-02 06:23:26]       |                                  ^~~~~~~~~~~~~~~~~~
[2026-09-02 06:23:26] /home/t00886357/fia_sink_a5_port_base/vllm-ascend/csrc/attention/fused_infer_attention_score_v2_sink/op_host/fused_infer_attention_score_v2_sink_tiling_info_parser.cpp:130:13: note: in expansion of macro ‘OPS_LOG_E’
[2026-09-02 06:23:26]   130 |             OPS_LOG_E(opName_, "lse Flag is %u, but lse shape size is 0 byte", *opParamInfo_.softmaxLseFlag);
[2026-09-02 06:23:26]       |             ^~~~~~~~~
[2026-09-02 06:23:26] /home/t00886357/fia_sink_a5_port_base/vllm-ascend/csrc/attention/fused_infer_attention_score_v2_sink/op_host/fused_infer_attention_score_v2_sink_tiling_info_parser.cpp:130:32: warning: format ‘%u’ expects argument of type ‘unsigned int’, but argument 6 has type ‘int’ [-Wformat=]
[2026-09-02 06:23:26]   130 |             OPS_LOG_E(opName_, "lse Flag is %u, but lse shape size is 0 byte", *opParamInfo_.softmaxLseFlag);
[2026-09-02 06:23:26]       |                                                                                ~~~~~~~~~~~~~~~~~~~~~~~~~~~~
[2026-09-02 06:23:26]       |                                                                                |
[2026-09-02 06:23:26]       |                                                                                int
[2026-09-02 06:23:26] /home/t00886357/fia_sink_a5_port_base/vllm-ascend/csrc/utils/inc/log/ops_log.h:24:34: note: in expansion of macro ‘OPS_INNER_ERR_STUB’
[2026-09-02 06:23:26]    24 | #define OPS_LOG_E(OPS_DESC, ...) OPS_INNER_ERR_STUB("EZ9999", OPS_DESC, __VA_ARGS__)
[2026-09-02 06:23:26]       |                                  ^~~~~~~~~~~~~~~~~~
[2026-09-02 06:23:26] /home/t00886357/fia_sink_a5_port_base/vllm-ascend/csrc/attention/fused_infer_attention_score_v2_sink/op_host/fused_infer_attention_score_v2_sink_tiling_info_parser.cpp:130:13: note: in expansion of macro ‘OPS_LOG_E’
[2026-09-02 06:23:26]   130 |             OPS_LOG_E(opName_, "lse Flag is %u, but lse shape size is 0 byte", *opParamInfo_.softmaxLseFlag);
[2026-09-02 06:23:26]       |             ^~~~~~~~~
[2026-09-02 06:23:26] /home/t00886357/fia_sink_a5_port_base/vllm-ascend/csrc/attention/fused_infer_attention_score_v2_sink/op_host/fused_infer_attention_score_v2_sink_tiling_info_parser.cpp: In member function ‘ge::graphStatus optiling::FiaInfoParser::GetMaxActualSeq(const gert::Tensor*, optiling::FiaLayout, int64_t&)’:
[2026-09-02 06:23:26] /home/t00886357/fia_sink_a5_port_base/vllm-ascend/csrc/attention/fused_infer_attention_score_v2_sink/op_host/fused_infer_attention_score_v2_sink_tiling_info_parser.cpp:564:25: warning: unused parameter ‘actualSeqLensTensor’ [-Wunused-parameter]
[2026-09-02 06:23:26]   564 |     const gert::Tensor *actualSeqLensTensor, FiaLayout layout, int64_t &maxActualSeqLen)
[2026-09-02 06:23:26]       |     ~~~~~~~~~~~~~~~~~~~~^~~~~~~~~~~~~~~~~~~
[2026-09-02 06:23:26] /home/t00886357/fia_sink_a5_port_base/vllm-ascend/csrc/attention/fused_infer_attention_score_v2_sink/op_host/fused_infer_attention_score_v2_sink_tiling_info_parser.cpp:564:56: warning: unused parameter ‘layout’ [-Wunused-parameter]
[2026-09-02 06:23:26]   564 |     const gert::Tensor *actualSeqLensTensor, FiaLayout layout, int64_t &maxActualSeqLen)
[2026-09-02 06:23:26]       |                                              ~~~~~~~~~~^~~~~~
[2026-09-02 06:23:26] /home/t00886357/fia_sink_a5_port_base/vllm-ascend/csrc/attention/fused_infer_attention_score_v2_sink/op_host/fused_infer_attention_score_v2_sink_tiling_info_parser.cpp: In member function ‘ge::graphStatus optiling::FiaInfoParser::GetKVAndKRopeStride()’:
[2026-09-02 06:23:26] /home/t00886357/fia_sink_a5_port_base/vllm-ascend/csrc/utils/inc/log/inner/dfx_base.h:120:17: warning: format ‘%u’ expects argument of type ‘unsigned int’, but argument 12 has type ‘size_t’ {aka ‘long unsigned int’} [-Wformat=]
[2026-09-02 06:23:26]   120 |                 "[%s:%d][%s]%s[%s][%lu] OpName:[%s] " #FMT,                                                     \
[2026-09-02 06:23:26] /home/t00886357/fia_sink_a5_port_base/vllm-ascend/csrc/utils/inc/log/ops_log.h:51:9: note: in definition of macro ‘OPS_CHECK’
[2026-09-02 06:23:26]    51 |         LOG_FUNC;                                                                                                      \
[2026-09-02 06:23:26]       |         ^~~~~~~~
[2026-09-02 06:23:26] /home/t00886357/fia_sink_a5_port_base/vllm-ascend/csrc/utils/inc/log/inner/dfx_base.h:138:9: note: in expansion of macro ‘OPS_LOG_STUB’
[2026-09-02 06:23:26]   138 |         OPS_LOG_STUB(OP, DLOG_ERROR, OPS_DESC, FMT, ##__VA_ARGS__);                                                    \
[2026-09-02 06:23:26]       |         ^~~~~~~~~~~~
[2026-09-02 06:23:26] /home/t00886357/fia_sink_a5_port_base/vllm-ascend/csrc/utils/inc/log/ops_log.h:24:34: note: in expansion of macro ‘OPS_INNER_ERR_STUB’
[2026-09-02 06:23:26]    24 | #define OPS_LOG_E(OPS_DESC, ...) OPS_INNER_ERR_STUB("EZ9999", OPS_DESC, __VA_ARGS__)
[2026-09-02 06:23:26]       |                                  ^~~~~~~~~~~~~~~~~~
[2026-09-02 06:23:26] /home/t00886357/fia_sink_a5_port_base/vllm-ascend/csrc/attention/fused_infer_attention_score_v2_sink/op_host/fused_infer_attention_score_v2_sink_tiling_info_parser.cpp:754:15: note: in expansion of macro ‘OPS_LOG_E’
[2026-09-02 06:23:26]   754 |               OPS_LOG_E(opName_, "keyStride dimension %u exceeds max %u", strideKeyPtr->GetDimNum(), MAX_STRIDE_NUM),
[2026-09-02 06:23:26]       |               ^~~~~~~~~
[2026-09-02 06:23:26] /home/t00886357/fia_sink_a5_port_base/vllm-ascend/csrc/attention/fused_infer_attention_score_v2_sink/op_host/fused_infer_attention_score_v2_sink_tiling_info_parser.cpp:754:34: warning: format ‘%u’ expects argument of type ‘unsigned int’, but argument 6 has type ‘size_t’ {aka ‘long unsigned int’} [-Wformat=]
[2026-09-02 06:23:26]   754 |               OPS_LOG_E(opName_, "keyStride dimension %u exceeds max %u", strideKeyPtr->GetDimNum(), MAX_STRIDE_NUM),
[2026-09-02 06:23:26]       |                                                                           ~~~~~~~~~~~~~~~~~~~~~~~~~
[2026-09-02 06:23:26]       |                                                                                                  |
[2026-09-02 06:23:26]       |                                                                                                  size_t {aka long unsigned int}
[2026-09-02 06:23:26] /home/t00886357/fia_sink_a5_port_base/vllm-ascend/csrc/utils/inc/log/ops_log.h:51:9: note: in definition of macro ‘OPS_CHECK’
[2026-09-02 06:23:26]    51 |         LOG_FUNC;                                                                                                      \
[2026-09-02 06:23:26]       |         ^~~~~~~~
[2026-09-02 06:23:26] /home/t00886357/fia_sink_a5_port_base/vllm-ascend/csrc/utils/inc/log/ops_log.h:24:34: note: in expansion of macro ‘OPS_INNER_ERR_STUB’
[2026-09-02 06:23:26]    24 | #define OPS_LOG_E(OPS_DESC, ...) OPS_INNER_ERR_STUB("EZ9999", OPS_DESC, __VA_ARGS__)
[2026-09-02 06:23:26]       |                                  ^~~~~~~~~~~~~~~~~~
[2026-09-02 06:23:26] /home/t00886357/fia_sink_a5_port_base/vllm-ascend/csrc/attention/fused_infer_attention_score_v2_sink/op_host/fused_infer_attention_score_v2_sink_tiling_info_parser.cpp:754:15: note: in expansion of macro ‘OPS_LOG_E’
[2026-09-02 06:23:26]   754 |               OPS_LOG_E(opName_, "keyStride dimension %u exceeds max %u", strideKeyPtr->GetDimNum(), MAX_STRIDE_NUM),
[2026-09-02 06:23:26]       |               ^~~~~~~~~
[2026-09-02 06:23:26] /home/t00886357/fia_sink_a5_port_base/vllm-ascend/csrc/utils/inc/log/inner/dfx_base.h:120:17: warning: format ‘%u’ expects argument of type ‘unsigned int’, but argument 12 has type ‘size_t’ {aka ‘long unsigned int’} [-Wformat=]
[2026-09-02 06:23:26]   120 |                 "[%s:%d][%s]%s[%s][%lu] OpName:[%s] " #FMT,                                                     \
[2026-09-02 06:23:26] /home/t00886357/fia_sink_a5_port_base/vllm-ascend/csrc/utils/inc/log/ops_log.h:51:9: note: in definition of macro ‘OPS_CHECK’
[2026-09-02 06:23:26]    51 |         LOG_FUNC;                                                                                                      \
[2026-09-02 06:23:26]       |         ^~~~~~~~
[2026-09-02 06:23:26] /home/t00886357/fia_sink_a5_port_base/vllm-ascend/csrc/utils/inc/log/inner/dfx_base.h:138:9: note: in expansion of macro ‘OPS_LOG_STUB’
[2026-09-02 06:23:26]   138 |         OPS_LOG_STUB(OP, DLOG_ERROR, OPS_DESC, FMT, ##__VA_ARGS__);                                                    \
[2026-09-02 06:23:26]       |         ^~~~~~~~~~~~
[2026-09-02 06:23:26] /home/t00886357/fia_sink_a5_port_base/vllm-ascend/csrc/utils/inc/log/ops_log.h:24:34: note: in expansion of macro ‘OPS_INNER_ERR_STUB’
[2026-09-02 06:23:26]    24 | #define OPS_LOG_E(OPS_DESC, ...) OPS_INNER_ERR_STUB("EZ9999", OPS_DESC, __VA_ARGS__)
[2026-09-02 06:23:26]       |                                  ^~~~~~~~~~~~~~~~~~
[2026-09-02 06:23:26] /home/t00886357/fia_sink_a5_port_base/vllm-ascend/csrc/attention/fused_infer_attention_score_v2_sink/op_host/fused_infer_attention_score_v2_sink_tiling_info_parser.cpp:758:9: note: in expansion of macro ‘OPS_LOG_E’
[2026-09-02 06:23:26]   758 |         OPS_LOG_E(opName_, "valueStride dimension %u exceeds max %u", strideValuePtr->GetDimNum(), MAX_STRIDE_NUM),
[2026-09-02 06:23:26]       |         ^~~~~~~~~
[2026-09-02 06:23:26] /home/t00886357/fia_sink_a5_port_base/vllm-ascend/csrc/attention/fused_infer_attention_score_v2_sink/op_host/fused_infer_attention_score_v2_sink_tiling_info_parser.cpp:758:28: warning: format ‘%u’ expects argument of type ‘unsigned int’, but argument 6 has type ‘size_t’ {aka ‘long unsigned int’} [-Wformat=]
[2026-09-02 06:23:26]   758 |         OPS_LOG_E(opName_, "valueStride dimension %u exceeds max %u", strideValuePtr->GetDimNum(), MAX_STRIDE_NUM),
[2026-09-02 06:23:26]       |                                                                       ~~~~~~~~~~~~~~~~~~~~~~~~~~~
[2026-09-02 06:23:26]       |                                                                                                |
[2026-09-02 06:23:26]       |                                                                                                size_t {aka long unsigned int}
[2026-09-02 06:23:26] /home/t00886357/fia_sink_a5_port_base/vllm-ascend/csrc/utils/inc/log/ops_log.h:51:9: note: in definition of macro ‘OPS_CHECK’
[2026-09-02 06:23:26]    51 |         LOG_FUNC;                                                                                                      \
[2026-09-02 06:23:26]       |         ^~~~~~~~
[2026-09-02 06:23:26] /home/t00886357/fia_sink_a5_port_base/vllm-ascend/csrc/utils/inc/log/ops_log.h:24:34: note: in expansion of macro ‘OPS_INNER_ERR_STUB’
[2026-09-02 06:23:26]    24 | #define OPS_LOG_E(OPS_DESC, ...) OPS_INNER_ERR_STUB("EZ9999", OPS_DESC, __VA_ARGS__)
[2026-09-02 06:23:26]       |                                  ^~~~~~~~~~~~~~~~~~
[2026-09-02 06:23:26] /home/t00886357/fia_sink_a5_port_base/vllm-ascend/csrc/attention/fused_infer_attention_score_v2_sink/op_host/fused_infer_attention_score_v2_sink_tiling_info_parser.cpp:758:9: note: in expansion of macro ‘OPS_LOG_E’
[2026-09-02 06:23:26]   758 |         OPS_LOG_E(opName_, "valueStride dimension %u exceeds max %u", strideValuePtr->GetDimNum(), MAX_STRIDE_NUM),
[2026-09-02 06:23:26]       |         ^~~~~~~~~
[2026-09-02 06:23:26] /home/t00886357/fia_sink_a5_port_base/vllm-ascend/csrc/utils/inc/log/inner/dfx_base.h:120:17: warning: format ‘%u’ expects argument of type ‘unsigned int’, but argument 12 has type ‘size_t’ {aka ‘long unsigned int’} [-Wformat=]
[2026-09-02 06:23:26]   120 |                 "[%s:%d][%s]%s[%s][%lu] OpName:[%s] " #FMT,                                                     \
[2026-09-02 06:23:26] /home/t00886357/fia_sink_a5_port_base/vllm-ascend/csrc/utils/inc/log/ops_log.h:51:9: note: in definition of macro ‘OPS_CHECK’
[2026-09-02 06:23:26]    51 |         LOG_FUNC;                                                                                                      \
[2026-09-02 06:23:26]       |         ^~~~~~~~
[2026-09-02 06:23:26] /home/t00886357/fia_sink_a5_port_base/vllm-ascend/csrc/utils/inc/log/inner/dfx_base.h:138:9: note: in expansion of macro ‘OPS_LOG_STUB’
[2026-09-02 06:23:26]   138 |         OPS_LOG_STUB(OP, DLOG_ERROR, OPS_DESC, FMT, ##__VA_ARGS__);                                                    \
[2026-09-02 06:23:26]       |         ^~~~~~~~~~~~
[2026-09-02 06:23:26] /home/t00886357/fia_sink_a5_port_base/vllm-ascend/csrc/utils/inc/log/ops_log.h:24:34: note: in expansion of macro ‘OPS_INNER_ERR_STUB’
[2026-09-02 06:23:26]    24 | #define OPS_LOG_E(OPS_DESC, ...) OPS_INNER_ERR_STUB("EZ9999", OPS_DESC, __VA_ARGS__)
[2026-09-02 06:23:26]       |                                  ^~~~~~~~~~~~~~~~~~
[2026-09-02 06:23:26] /home/t00886357/fia_sink_a5_port_base/vllm-ascend/csrc/attention/fused_infer_attention_score_v2_sink/op_host/fused_infer_attention_score_v2_sink_tiling_info_parser.cpp:763:9: note: in expansion of macro ‘OPS_LOG_E’
[2026-09-02 06:23:26]   763 |         OPS_LOG_E(opName_, "keyRopeStride dimension %u exceeds max %u", strideKeyRopePtr->GetDimNum(), MAX_STRIDE_NUM),
[2026-09-02 06:23:26]       |         ^~~~~~~~~
[2026-09-02 06:23:26] /home/t00886357/fia_sink_a5_port_base/vllm-ascend/csrc/attention/fused_infer_attention_score_v2_sink/op_host/fused_infer_attention_score_v2_sink_tiling_info_parser.cpp:763:28: warning: format ‘%u’ expects argument of type ‘unsigned int’, but argument 6 has type ‘size_t’ {aka ‘long unsigned int’} [-Wformat=]
[2026-09-02 06:23:26]   763 |         OPS_LOG_E(opName_, "keyRopeStride dimension %u exceeds max %u", strideKeyRopePtr->GetDimNum(), MAX_STRIDE_NUM),
[2026-09-02 06:23:26]       |                                                                         ~~~~~~~~~~~~~~~~~~~~~~~~~~~~~
[2026-09-02 06:23:26]       |                                                                                                    |
[2026-09-02 06:23:26]       |                                                                                                    size_t {aka long unsigned int}
[2026-09-02 06:23:26] /home/t00886357/fia_sink_a5_port_base/vllm-ascend/csrc/utils/inc/log/ops_log.h:51:9: note: in definition of macro ‘OPS_CHECK’
[2026-09-02 06:23:26]    51 |         LOG_FUNC;                                                                                                      \
[2026-09-02 06:23:26]       |         ^~~~~~~~
[2026-09-02 06:23:26] /home/t00886357/fia_sink_a5_port_base/vllm-ascend/csrc/utils/inc/log/ops_log.h:24:34: note: in expansion of macro ‘OPS_INNER_ERR_STUB’
[2026-09-02 06:23:26]    24 | #define OPS_LOG_E(OPS_DESC, ...) OPS_INNER_ERR_STUB("EZ9999", OPS_DESC, __VA_ARGS__)
[2026-09-02 06:23:26]       |                                  ^~~~~~~~~~~~~~~~~~
[2026-09-02 06:23:26] /home/t00886357/fia_sink_a5_port_base/vllm-ascend/csrc/attention/fused_infer_attention_score_v2_sink/op_host/fused_infer_attention_score_v2_sink_tiling_info_parser.cpp:763:9: note: in expansion of macro ‘OPS_LOG_E’
[2026-09-02 06:23:26]   763 |         OPS_LOG_E(opName_, "keyRopeStride dimension %u exceeds max %u", strideKeyRopePtr->GetDimNum(), MAX_STRIDE_NUM),
[2026-09-02 06:23:26]       |         ^~~~~~~~~
[2026-09-02 06:23:26] [39/53] Building CXX object moe/causal_conv1d/op_host/CMakeFiles/ophost_transformer_tiling_obj.dir/__/__/__/attention/fused_infer_attention_score_v2_sink/op_host/fused_infer_attention_score_v2_sink_tiling_check_single_para.cpp.o
[2026-09-02 06:23:26] In file included from /home/t00886357/fia_sink_a5_port_base/vllm-ascend/csrc/utils/inc/log/ops_log.h:18,
[2026-09-02 06:23:26]                  from /home/t00886357/fia_sink_a5_port_base/vllm-ascend/csrc/utils/inc/error/ops_error.h:18,
[2026-09-02 06:23:26]                  from /home/t00886357/fia_sink_a5_port_base/vllm-ascend/csrc/attention/fused_infer_attention_score_v2_sink_common/attention_common/op_host/fia_tiling_base.h:24,
[2026-09-02 06:23:26]                  from /home/t00886357/fia_sink_a5_port_base/vllm-ascend/csrc/attention/fused_infer_attention_score_v2_sink_common/attention_common/op_host/fia_tiling_info.h:20,
[2026-09-02 06:23:26]                  from /home/t00886357/fia_sink_a5_port_base/vllm-ascend/csrc/attention/fused_infer_attention_score_v2_sink/op_host/fused_infer_attention_score_v2_sink_tiling_check.h:18,
[2026-09-02 06:23:26]                  from /home/t00886357/fia_sink_a5_port_base/vllm-ascend/csrc/attention/fused_infer_attention_score_v2_sink/op_host/fused_infer_attention_score_v2_sink_tiling_check_single_para.cpp:24:
[2026-09-02 06:23:26] /home/t00886357/fia_sink_a5_port_base/vllm-ascend/csrc/attention/fused_infer_attention_score_v2_sink/op_host/fused_infer_attention_score_v2_sink_tiling_check_single_para.cpp: In member function ‘ge::graphStatus optiling::FiaTilingCheck::CheckSingleParaSparseMode() const’:
[2026-09-02 06:23:26] /home/t00886357/fia_sink_a5_port_base/vllm-ascend/csrc/utils/inc/log/inner/dfx_base.h:120:17: warning: format ‘%u’ expects argument of type ‘unsigned int’, but argument 12 has type ‘int’ [-Wformat=]
[2026-09-02 06:23:26]   120 |                 "[%s:%d][%s]%s[%s][%lu] OpName:[%s] " #FMT,                                                     \
[2026-09-02 06:23:26] /home/t00886357/fia_sink_a5_port_base/vllm-ascend/csrc/utils/inc/log/inner/dfx_base.h:138:9: note: in expansion of macro ‘OPS_LOG_STUB’
[2026-09-02 06:23:26]   138 |         OPS_LOG_STUB(OP, DLOG_ERROR, OPS_DESC, FMT, ##__VA_ARGS__);                                                    \
[2026-09-02 06:23:26]       |         ^~~~~~~~~~~~
[2026-09-02 06:23:26] /home/t00886357/fia_sink_a5_port_base/vllm-ascend/csrc/utils/inc/log/ops_log.h:24:34: note: in expansion of macro ‘OPS_INNER_ERR_STUB’
[2026-09-02 06:23:26]    24 | #define OPS_LOG_E(OPS_DESC, ...) OPS_INNER_ERR_STUB("EZ9999", OPS_DESC, __VA_ARGS__)
[2026-09-02 06:23:26]       |                                  ^~~~~~~~~~~~~~~~~~
[2026-09-02 06:23:26] /home/t00886357/fia_sink_a5_port_base/vllm-ascend/csrc/attention/fused_infer_attention_score_v2_sink/op_host/fused_infer_attention_score_v2_sink_tiling_check_single_para.cpp:601:9: note: in expansion of macro ‘OPS_LOG_E’
[2026-09-02 06:23:26]   601 |         OPS_LOG_E(opName_, "sparseMode only supports 0/1/2/3/4, but got %u", *opParamInfo_.sparseMode);
[2026-09-02 06:23:26]       |         ^~~~~~~~~
[2026-09-02 06:23:26] In file included from /home/t00886357/fia_sink_a5_port_base/vllm-ascend/csrc/utils/inc/log/inner/dfx_base.h:25:
[2026-09-02 06:23:26] /home/t00886357/fia_sink_a5_port_base/vllm-ascend/csrc/attention/fused_infer_attention_score_v2_sink/op_host/fused_infer_attention_score_v2_sink_tiling_check_single_para.cpp:601:28: warning: format ‘%u’ expects argument of type ‘unsigned int’, but argument 6 has type ‘int’ [-Wformat=]
[2026-09-02 06:23:26]   601 |         OPS_LOG_E(opName_, "sparseMode only supports 0/1/2/3/4, but got %u", *opParamInfo_.sparseMode);
[2026-09-02 06:23:26]       |                                                                              ~~~~~~~~~~~~~~~~~~~~~~~~
[2026-09-02 06:23:26]       |                                                                              |
[2026-09-02 06:23:26]       |                                                                              int
[2026-09-02 06:23:26] /home/t00886357/fia_sink_a5_port_base/vllm-ascend/csrc/utils/inc/log/ops_log.h:24:34: note: in expansion of macro ‘OPS_INNER_ERR_STUB’
[2026-09-02 06:23:26]    24 | #define OPS_LOG_E(OPS_DESC, ...) OPS_INNER_ERR_STUB("EZ9999", OPS_DESC, __VA_ARGS__)
[2026-09-02 06:23:26]       |                                  ^~~~~~~~~~~~~~~~~~
[2026-09-02 06:23:26] /home/t00886357/fia_sink_a5_port_base/vllm-ascend/csrc/attention/fused_infer_attention_score_v2_sink/op_host/fused_infer_attention_score_v2_sink_tiling_check_single_para.cpp:601:9: note: in expansion of macro ‘OPS_LOG_E’
[2026-09-02 06:23:26]   601 |         OPS_LOG_E(opName_, "sparseMode only supports 0/1/2/3/4, but got %u", *opParamInfo_.sparseMode);
[2026-09-02 06:23:26]       |         ^~~~~~~~~
[2026-09-02 06:23:26] [40/53] Building CXX object moe/causal_conv1d/op_host/CMakeFiles/ophost_transformer_tiling_obj.dir/__/__/__/attention/fused_infer_attention_score_v2_sink/op_host/fused_infer_attention_score_v2_sink_tiling_v3.cpp.o
[2026-09-02 06:23:26] In file included from /home/t00886357/fia_sink_a5_port_base/vllm-ascend/csrc/attention/fused_infer_attention_score_v2_sink/op_host/fia_tiling_nonquant_mla_sink.h:24,
[2026-09-02 06:23:26]                  from /home/t00886357/fia_sink_a5_port_base/vllm-ascend/csrc/attention/fused_infer_attention_score_v2_sink/op_host/fused_infer_attention_score_v2_sink_tiling_v3.cpp:18:
[2026-09-02 06:23:26] /home/t00886357/fia_sink_a5_port_base/vllm-ascend/csrc/attention/fused_infer_attention_score_v2_sink_common/attention_common/op_host/split_core.h: In constructor ‘optiling::SplitResult::SplitResult(uint32_t, uint32_t)’:
[2026-09-02 06:23:26] /home/t00886357/fia_sink_a5_port_base/vllm-ascend/csrc/attention/fused_infer_attention_score_v2_sink_common/attention_common/op_host/split_core.h:129:27: warning: ‘optiling::SplitResult::bN2End’ will be initialized after [-Wreorder]
[2026-09-02 06:23:26]   129 |     std::vector<uint32_t> bN2End {};    // 每个核处理数据的BN2结束点
[2026-09-02 06:23:26]       |                           ^~~~~~
[2026-09-02 06:23:26] /home/t00886357/fia_sink_a5_port_base/vllm-ascend/csrc/attention/fused_infer_attention_score_v2_sink_common/attention_common/op_host/split_core.h:128:14: warning:   ‘uint32_t optiling::SplitResult::vecCubeRatio’ [-Wreorder]
[2026-09-02 06:23:26]   128 |     uint32_t vecCubeRatio { 0U };        // vec 与 cube 核数比例
[2026-09-02 06:23:26]       |              ^~~~~~~~~~~~
[2026-09-02 06:23:26] /home/t00886357/fia_sink_a5_port_base/vllm-ascend/csrc/attention/fused_infer_attention_score_v2_sink_common/attention_common/op_host/split_core.h:138:5: warning:   when initialized here [-Wreorder]
[2026-09-02 06:23:26]   138 |     SplitResult(uint32_t coreNum, uint32_t ratio) :
[2026-09-02 06:23:26]       |     ^~~~~~~~~~~
[2026-09-02 06:23:26] [41/53] Building CXX object moe/causal_conv1d/op_host/CMakeFiles/ophost_transformer_tiling_obj.dir/__/__/__/attention/kv_quant_sparse_attn_sharedkv/op_host/kv_quant_sparse_attn_sharedkv_check_single_para.cpp.o
[2026-09-02 06:23:26] In file included from /home/t00886357/fia_sink_a5_port_base/vllm-ascend/csrc/attention/kv_quant_sparse_attn_sharedkv/op_host/kv_quant_sparse_attn_sharedkv_check.h:24,
[2026-09-02 06:23:26]                  from /home/t00886357/fia_sink_a5_port_base/vllm-ascend/csrc/attention/kv_quant_sparse_attn_sharedkv/op_host/kv_quant_sparse_attn_sharedkv_check_single_para.cpp:16:
[2026-09-02 06:23:26] /usr/local/Ascend/cann-9.1.0/x86_64-linux/include/op_common/log/log.h:45:9: warning: redundant redeclaration of ‘int32_t CheckLogLevel(int32_t, int32_t)’ in same scope [-Wredundant-decls]
[2026-09-02 06:23:26]    45 | int32_t CheckLogLevel(int32_t moduleId, int32_t logLevel);
[2026-09-02 06:23:26]       |         ^~~~~~~~~~~~~
[2026-09-02 06:23:26] In file included from <command-line>:
[2026-09-02 06:23:26] /home/t00886357/fia_sink_a5_port_base/vllm-ascend/csrc/common/include/cann_compat.h:24:9: note: previous declaration of ‘int32_t CheckLogLevel(int32_t, int32_t)’
[2026-09-02 06:23:26]    24 | int32_t CheckLogLevel(int32_t moduleId, int32_t logLevel);
[2026-09-02 06:23:26]       |         ^~~~~~~~~~~~~
[2026-09-02 06:23:26] /usr/local/Ascend/cann-9.1.0/x86_64-linux/include/op_common/log/log.h:46:6: warning: redundant redeclaration of ‘void DlogRecord(int32_t, int32_t, const char*, ...)’ in same scope [-Wredundant-decls]
[2026-09-02 06:23:26]    46 | void DlogRecord(int32_t moduleId, int32_t level, const char* fmt, ...);
[2026-09-02 06:23:26]       |      ^~~~~~~~~~
[2026-09-02 06:23:26] /home/t00886357/fia_sink_a5_port_base/vllm-ascend/csrc/common/include/cann_compat.h:25:6: note: previous declaration of ‘void DlogRecord(int32_t, int32_t, const char*, ...)’
[2026-09-02 06:23:26]    25 | void DlogRecord(int32_t moduleId, int32_t level, const char *fmt, ...);
[2026-09-02 06:23:26]       |      ^~~~~~~~~~
[2026-09-02 06:23:26] /home/t00886357/fia_sink_a5_port_base/vllm-ascend/csrc/attention/kv_quant_sparse_attn_sharedkv/op_host/kv_quant_sparse_attn_sharedkv_check.h:415:7: warning: ‘class optiling::KvQuantSASTilingCheck’ has virtual functions and accessible non-virtual destructor [-Wnon-virtual-dtor]
[2026-09-02 06:23:26]   415 | class KvQuantSASTilingCheck {
[2026-09-02 06:23:26]       |       ^~~~~~~~~~~~~~~~~~~~~
[2026-09-02 06:23:26] /home/t00886357/fia_sink_a5_port_base/vllm-ascend/csrc/attention/kv_quant_sparse_attn_sharedkv/op_host/kv_quant_sparse_attn_sharedkv_check_single_para.cpp: In member function ‘ge::graphStatus optiling::KvQuantSASTilingCheck::CheckSingleParaKey() const’:
[2026-09-02 06:23:26] /home/t00886357/fia_sink_a5_port_base/vllm-ascend/csrc/attention/kv_quant_sparse_attn_sharedkv/op_host/kv_quant_sparse_attn_sharedkv_check_single_para.cpp:234:30: warning: format ‘%ld’ expects argument of type ‘long int’, but argument 6 has type ‘unsigned int’ [-Wformat=]
[2026-09-02 06:23:26]   234 |             OP_LOGE(opName_, "when page attention is enabled, cmp_block_size(%ld) should be in range (0, %u].",
[2026-09-02 06:23:26]   235 |             cmpBlockSize_, MAX_BLOCK_SIZE), return ge::GRAPH_FAILED);
[2026-09-02 06:23:26]       |             ~~~~~~~~~~~~~     
[2026-09-02 06:23:26]       |             |
[2026-09-02 06:23:26]       |             unsigned int
[2026-09-02 06:23:26] /usr/local/Ascend/cann-9.1.0/x86_64-linux/include/op_common/log/log.h:1130:13: note: in definition of macro ‘OP_CHECK_IF’
[2026-09-02 06:23:26]  1130 |             log;                                 \
[2026-09-02 06:23:26]       |             ^~~
[2026-09-02 06:23:26] /home/t00886357/fia_sink_a5_port_base/vllm-ascend/csrc/attention/kv_quant_sparse_attn_sharedkv/op_host/kv_quant_sparse_attn_sharedkv_check_single_para.cpp:234:13: note: in expansion of macro ‘OP_LOGE’
[2026-09-02 06:23:26]   234 |             OP_LOGE(opName_, "when page attention is enabled, cmp_block_size(%ld) should be in range (0, %u].",
[2026-09-02 06:23:26]       |             ^~~~~~~
[2026-09-02 06:23:26] /home/t00886357/fia_sink_a5_port_base/vllm-ascend/csrc/attention/kv_quant_sparse_attn_sharedkv/op_host/kv_quant_sparse_attn_sharedkv_check_single_para.cpp:238:30: warning: format ‘%ld’ expects argument of type ‘long int’, but argument 6 has type ‘unsigned int’ [-Wformat=]
[2026-09-02 06:23:26]   238 |             OP_LOGE(opName_, "when page attention is enabled, cmp_block_size(%ld) should be 16-aligned.",
[2026-09-02 06:23:26]   239 |             cmpBlockSize_), return ge::GRAPH_FAILED);
[2026-09-02 06:23:26]       |             ~~~~~~~~~~~~~     
[2026-09-02 06:23:26]       |             |
[2026-09-02 06:23:26]       |             unsigned int
[2026-09-02 06:23:26] /usr/local/Ascend/cann-9.1.0/x86_64-linux/include/op_common/log/log.h:1130:13: note: in definition of macro ‘OP_CHECK_IF’
[2026-09-02 06:23:26]  1130 |             log;                                 \
[2026-09-02 06:23:26]       |             ^~~
[2026-09-02 06:23:26] /home/t00886357/fia_sink_a5_port_base/vllm-ascend/csrc/attention/kv_quant_sparse_attn_sharedkv/op_host/kv_quant_sparse_attn_sharedkv_check_single_para.cpp:238:13: note: in expansion of macro ‘OP_LOGE’
[2026-09-02 06:23:26]   238 |             OP_LOGE(opName_, "when page attention is enabled, cmp_block_size(%ld) should be 16-aligned.",
[2026-09-02 06:23:26]       |             ^~~~~~~
[2026-09-02 06:23:26] [42/53] Building CXX object moe/causal_conv1d/op_host/CMakeFiles/ophost_transformer_tiling_obj.dir/__/__/moe_gating_top_k_hash/op_host/moe_gating_top_k_hash_tiling.cpp.o
[2026-09-02 06:23:26] /home/t00886357/fia_sink_a5_port_base/vllm-ascend/csrc/moe/moe_gating_top_k_hash/op_host/moe_gating_top_k_hash_tiling.cpp: In member function ‘ge::graphStatus optiling::MoeGatingTopKHashTilingBase::GetPlatformInfo()’:
[2026-09-02 06:23:26] /home/t00886357/fia_sink_a5_port_base/vllm-ascend/csrc/moe/moe_gating_top_k_hash/op_host/moe_gating_top_k_hash_tiling.cpp:435:14: warning: unused variable ‘ubSizePlatForm’ [-Wunused-variable]
[2026-09-02 06:23:26]   435 |     uint64_t ubSizePlatForm;
[2026-09-02 06:23:26]       |              ^~~~~~~~~~~~~~
[2026-09-02 06:23:26] [43/53] Building CXX object moe/causal_conv1d/op_host/CMakeFiles/ophost_transformer_tiling_obj.dir/__/__/__/attention/kv_quant_sparse_attn_sharedkv/op_host/kv_quant_sparse_attn_sharedkv_tiling.cpp.o
[2026-09-02 06:23:26] In file included from /home/t00886357/fia_sink_a5_port_base/vllm-ascend/csrc/attention/kv_quant_sparse_attn_sharedkv/op_host/kv_quant_sparse_attn_sharedkv_check.h:24,
[2026-09-02 06:23:26]                  from /home/t00886357/fia_sink_a5_port_base/vllm-ascend/csrc/attention/kv_quant_sparse_attn_sharedkv/op_host/kv_quant_sparse_attn_sharedkv_tiling.cpp:16:
[2026-09-02 06:23:26] /usr/local/Ascend/cann-9.1.0/x86_64-linux/include/op_common/log/log.h:45:9: warning: redundant redeclaration of ‘int32_t CheckLogLevel(int32_t, int32_t)’ in same scope [-Wredundant-decls]
[2026-09-02 06:23:26]    45 | int32_t CheckLogLevel(int32_t moduleId, int32_t logLevel);
[2026-09-02 06:23:26]       |         ^~~~~~~~~~~~~
[2026-09-02 06:23:26] In file included from <command-line>:
[2026-09-02 06:23:26] /home/t00886357/fia_sink_a5_port_base/vllm-ascend/csrc/common/include/cann_compat.h:24:9: note: previous declaration of ‘int32_t CheckLogLevel(int32_t, int32_t)’
[2026-09-02 06:23:26]    24 | int32_t CheckLogLevel(int32_t moduleId, int32_t logLevel);
[2026-09-02 06:23:26]       |         ^~~~~~~~~~~~~
[2026-09-02 06:23:26] /usr/local/Ascend/cann-9.1.0/x86_64-linux/include/op_common/log/log.h:46:6: warning: redundant redeclaration of ‘void DlogRecord(int32_t, int32_t, const char*, ...)’ in same scope [-Wredundant-decls]
[2026-09-02 06:23:26]    46 | void DlogRecord(int32_t moduleId, int32_t level, const char* fmt, ...);
[2026-09-02 06:23:26]       |      ^~~~~~~~~~
[2026-09-02 06:23:26] /home/t00886357/fia_sink_a5_port_base/vllm-ascend/csrc/common/include/cann_compat.h:25:6: note: previous declaration of ‘void DlogRecord(int32_t, int32_t, const char*, ...)’
[2026-09-02 06:23:26]    25 | void DlogRecord(int32_t moduleId, int32_t level, const char *fmt, ...);
[2026-09-02 06:23:26]       |      ^~~~~~~~~~
[2026-09-02 06:23:26] /home/t00886357/fia_sink_a5_port_base/vllm-ascend/csrc/attention/kv_quant_sparse_attn_sharedkv/op_host/kv_quant_sparse_attn_sharedkv_check.h:415:7: warning: ‘class optiling::KvQuantSASTilingCheck’ has virtual functions and accessible non-virtual destructor [-Wnon-virtual-dtor]
[2026-09-02 06:23:26]   415 | class KvQuantSASTilingCheck {
[2026-09-02 06:23:26]       |       ^~~~~~~~~~~~~~~~~~~~~
[2026-09-02 06:23:26] In file included from /home/t00886357/fia_sink_a5_port_base/vllm-ascend/csrc/attention/kv_quant_sparse_attn_sharedkv/op_host/kv_quant_sparse_attn_sharedkv_tiling.cpp:18:
[2026-09-02 06:23:26] /home/t00886357/fia_sink_a5_port_base/vllm-ascend/csrc/attention/kv_quant_sparse_attn_sharedkv/op_host/kv_quant_sparse_attn_sharedkv_tiling.h:32:13: warning: redundant redeclaration of ‘std::string optiling::KvQuantSASLayoutToSerialString(SASLayout)’ in same scope [-Wredundant-decls]
[2026-09-02 06:23:26]    32 | std::string KvQuantSASLayoutToSerialString(SASLayout layout);
[2026-09-02 06:23:26]       |             ^~~~~~~~~~~~~~~~~~~~~~~~~~~~~~
[2026-09-02 06:23:26] /home/t00886357/fia_sink_a5_port_base/vllm-ascend/csrc/attention/kv_quant_sparse_attn_sharedkv/op_host/kv_quant_sparse_attn_sharedkv_check.h:206:13: note: previous declaration of ‘std::string optiling::KvQuantSASLayoutToSerialString(SASLayout)’
[2026-09-02 06:23:26]   206 | std::string KvQuantSASLayoutToSerialString(SASLayout layout);
[2026-09-02 06:23:26]       |             ^~~~~~~~~~~~~~~~~~~~~~~~~~~~~~
[2026-09-02 06:23:26] /home/t00886357/fia_sink_a5_port_base/vllm-ascend/csrc/attention/kv_quant_sparse_attn_sharedkv/op_host/kv_quant_sparse_attn_sharedkv_tiling.cpp: In member function ‘ge::graphStatus optiling::KvQuantSparseAttnSharedkvTiling::DoOpTiling(optiling::KvQuantSASTilingInfo*)’:
[2026-09-02 06:23:26] /home/t00886357/fia_sink_a5_port_base/vllm-ascend/csrc/attention/kv_quant_sparse_attn_sharedkv/op_host/kv_quant_sparse_attn_sharedkv_tiling.cpp:600:24: warning: unused variable ‘M_BASE_SIZE’ [-Wunused-variable]
[2026-09-02 06:23:26]   600 |     constexpr uint32_t M_BASE_SIZE = 64;             // m轴基本块大小
[2026-09-02 06:23:26]       |                        ^~~~~~~~~~~
[2026-09-02 06:23:26] /home/t00886357/fia_sink_a5_port_base/vllm-ascend/csrc/attention/kv_quant_sparse_attn_sharedkv/op_host/kv_quant_sparse_attn_sharedkv_tiling.cpp:604:24: warning: unused variable ‘TOPK_MAX_SIZE’ [-Wunused-variable]
[2026-09-02 06:23:26]   604 |     constexpr uint32_t TOPK_MAX_SIZE = 2048;          // TopK选取个数
[2026-09-02 06:23:26]       |                        ^~~~~~~~~~~~~
[2026-09-02 06:23:26] /home/t00886357/fia_sink_a5_port_base/vllm-ascend/csrc/attention/kv_quant_sparse_attn_sharedkv/op_host/kv_quant_sparse_attn_sharedkv_tiling.cpp:644:14: warning: unused variable ‘qType’ [-Wunused-variable]
[2026-09-02 06:23:26]   644 |     uint32_t qType = static_cast<uint32_t>(tilingInfo->qType);
[2026-09-02 06:23:26]       |              ^~~~~
[2026-09-02 06:23:26] /home/t00886357/fia_sink_a5_port_base/vllm-ascend/csrc/attention/kv_quant_sparse_attn_sharedkv/op_host/kv_quant_sparse_attn_sharedkv_tiling.cpp:645:14: warning: unused variable ‘oriKvType’ [-Wunused-variable]
[2026-09-02 06:23:26]   645 |     uint32_t oriKvType = static_cast<uint32_t>(tilingInfo->oriKvType);
[2026-09-02 06:23:26]       |              ^~~~~~~~~
[2026-09-02 06:23:26] /home/t00886357/fia_sink_a5_port_base/vllm-ascend/csrc/attention/kv_quant_sparse_attn_sharedkv/op_host/kv_quant_sparse_attn_sharedkv_tiling.cpp:646:14: warning: unused variable ‘outputType’ [-Wunused-variable]
[2026-09-02 06:23:26]   646 |     uint32_t outputType = static_cast<uint32_t>(tilingInfo->outputType);
[2026-09-02 06:23:26]       |              ^~~~~~~~~~
[2026-09-02 06:23:26] [44/53] Building CXX object moe/causal_conv1d/op_host/CMakeFiles/ophost_transformer_tiling_obj.dir/__/__/__/attention/recurrent_kda/op_host/recurrent_kda_tiling.cpp.o
[2026-09-02 06:23:26] In file included from /home/t00886357/fia_sink_a5_port_base/vllm-ascend/csrc/common/include/err/ops_err.h:19,
[2026-09-02 06:23:26]                  from /home/t00886357/fia_sink_a5_port_base/vllm-ascend/csrc/attention/recurrent_kda/op_host/recurrent_kda_tiling.h:16,
[2026-09-02 06:23:26]                  from /home/t00886357/fia_sink_a5_port_base/vllm-ascend/csrc/attention/recurrent_kda/op_host/recurrent_kda_tiling.cpp:11:
[2026-09-02 06:23:26] /usr/local/Ascend/cann-9.1.0/x86_64-linux/include/op_common/log/log.h:1118: warning: "OP_LOGI" redefined
[2026-09-02 06:23:26]  1118 | #define OP_LOGI(opName, ...) D_OP_LOGI(Ops::Base::GetOpInfo(opName), __VA_ARGS__)
[2026-09-02 06:23:26]       | 
[2026-09-02 06:23:26] In file included from /home/t00886357/fia_sink_a5_port_base/vllm-ascend/csrc/common/include/tiling_base/tiling_base.h:22,
[2026-09-02 06:23:26]                  from /home/t00886357/fia_sink_a5_port_base/vllm-ascend/csrc/attention/recurrent_kda/op_host/recurrent_kda_tiling.h:15:
[2026-09-02 06:23:26] /home/t00886357/fia_sink_a5_port_base/vllm-ascend/csrc/common/include/tiling_base/error_log.h:10: note: this is the location of the previous definition
[2026-09-02 06:23:26]    10 | #define OP_LOGI(opname, ...)
[2026-09-02 06:23:26]       | 
[2026-09-02 06:23:26] /usr/local/Ascend/cann-9.1.0/x86_64-linux/include/op_common/log/log.h:1119: warning: "OP_LOGW" redefined
[2026-09-02 06:23:26]  1119 | #define OP_LOGW(opName, ...) D_OP_LOGW(Ops::Base::GetOpInfo(opName), __VA_ARGS__)
[2026-09-02 06:23:26]       | 
[2026-09-02 06:23:26] /home/t00886357/fia_sink_a5_port_base/vllm-ascend/csrc/common/include/tiling_base/error_log.h:13: note: this is the location of the previous definition
[2026-09-02 06:23:26]    13 | #define OP_LOGW(opname, ...)       \
[2026-09-02 06:23:26]       | 
[2026-09-02 06:23:26] /usr/local/Ascend/cann-9.1.0/x86_64-linux/include/op_common/log/log.h:1120: warning: "OP_LOGE_WITHOUT_REPORT" redefined
[2026-09-02 06:23:26]  1120 | #define OP_LOGE_WITHOUT_REPORT(opName, ...) OP_LOGE_LIBOPAPI_REPORT(opName, __VA_ARGS__)
[2026-09-02 06:23:26]       | 
[2026-09-02 06:23:26] /home/t00886357/fia_sink_a5_port_base/vllm-ascend/csrc/common/include/tiling_base/error_log.h:21: note: this is the location of the previous definition
[2026-09-02 06:23:26]    21 | #define OP_LOGE_WITHOUT_REPORT(opname, ...) \
[2026-09-02 06:23:26]       | 
[2026-09-02 06:23:26] /usr/local/Ascend/cann-9.1.0/x86_64-linux/include/op_common/log/log.h:1121: warning: "OP_LOGE" redefined
[2026-09-02 06:23:26]  1121 | #define OP_LOGE(opName, ...)                            \
[2026-09-02 06:23:26]       | 
[2026-09-02 06:23:26] /home/t00886357/fia_sink_a5_port_base/vllm-ascend/csrc/common/include/tiling_base/error_log.h:29: note: this is the location of the previous definition
[2026-09-02 06:23:26]    29 | #define OP_LOGE(opname, ...)       \
[2026-09-02 06:23:26]       | 
[2026-09-02 06:23:26] /usr/local/Ascend/cann-9.1.0/x86_64-linux/include/op_common/log/log.h:1126: warning: "OP_LOGD" redefined
[2026-09-02 06:23:26]  1126 | #define OP_LOGD(opName, ...) D_OP_LOGD(Ops::Base::GetOpInfo(opName), __VA_ARGS__)
[2026-09-02 06:23:26]       | 
[2026-09-02 06:23:26] /home/t00886357/fia_sink_a5_port_base/vllm-ascend/csrc/common/include/tiling_base/error_log.h:11: note: this is the location of the previous definition
[2026-09-02 06:23:26]    11 | #define OP_LOGD(opname, ...)
[2026-09-02 06:23:26]       | 
[2026-09-02 06:23:26] /usr/local/Ascend/cann-9.1.0/x86_64-linux/include/op_common/log/log.h:1127: warning: "OP_CHECK_IF" redefined
[2026-09-02 06:23:26]  1127 | #define OP_CHECK_IF(condition, log, return_expr) \
[2026-09-02 06:23:26]       | 
[2026-09-02 06:23:26] /home/t00886357/fia_sink_a5_port_base/vllm-ascend/csrc/common/include/tiling_base/error_log.h:44: note: this is the location of the previous definition
[2026-09-02 06:23:26]    44 | #define OP_CHECK_IF(cond, log_func, expr) \
[2026-09-02 06:23:26]       | 
[2026-09-02 06:23:26] /usr/local/Ascend/cann-9.1.0/x86_64-linux/include/op_common/log/log.h:1134: warning: "OP_CHECK_NULL_WITH_CONTEXT" redefined
[2026-09-02 06:23:26]  1134 | #define OP_CHECK_NULL_WITH_CONTEXT(context, ptr)                                                           \
[2026-09-02 06:23:26]       | 
[2026-09-02 06:23:26] /home/t00886357/fia_sink_a5_port_base/vllm-ascend/csrc/common/include/tiling_base/error_log.h:60: note: this is the location of the previous definition
[2026-09-02 06:23:26]    60 | #define OP_CHECK_NULL_WITH_CONTEXT(context, ptr)                 \
[2026-09-02 06:23:26]       | 
[2026-09-02 06:23:26] /usr/local/Ascend/cann-9.1.0/x86_64-linux/include/op_common/log/log.h:45:9: warning: redundant redeclaration of ‘int32_t CheckLogLevel(int32_t, int32_t)’ in same scope [-Wredundant-decls]
[2026-09-02 06:23:26]    45 | int32_t CheckLogLevel(int32_t moduleId, int32_t logLevel);
[2026-09-02 06:23:26]       |         ^~~~~~~~~~~~~
[2026-09-02 06:23:26] In file included from <command-line>:
[2026-09-02 06:23:26] /home/t00886357/fia_sink_a5_port_base/vllm-ascend/csrc/common/include/cann_compat.h:24:9: note: previous declaration of ‘int32_t CheckLogLevel(int32_t, int32_t)’
[2026-09-02 06:23:26]    24 | int32_t CheckLogLevel(int32_t moduleId, int32_t logLevel);
[2026-09-02 06:23:26]       |         ^~~~~~~~~~~~~
[2026-09-02 06:23:26] /usr/local/Ascend/cann-9.1.0/x86_64-linux/include/op_common/log/log.h:46:6: warning: redundant redeclaration of ‘void DlogRecord(int32_t, int32_t, const char*, ...)’ in same scope [-Wredundant-decls]
[2026-09-02 06:23:26]    46 | void DlogRecord(int32_t moduleId, int32_t level, const char* fmt, ...);
[2026-09-02 06:23:26]       |      ^~~~~~~~~~
[2026-09-02 06:23:26] /home/t00886357/fia_sink_a5_port_base/vllm-ascend/csrc/common/include/cann_compat.h:25:6: note: previous declaration of ‘void DlogRecord(int32_t, int32_t, const char*, ...)’
[2026-09-02 06:23:26]    25 | void DlogRecord(int32_t moduleId, int32_t level, const char *fmt, ...);
[2026-09-02 06:23:26]       |      ^~~~~~~~~~
[2026-09-02 06:23:26] [45/53] Building CXX object moe/causal_conv1d/op_host/CMakeFiles/ophost_transformer_tiling_obj.dir/__/__/__/attention/fused_infer_attention_score_v2_sink/op_host/fia_tiling_nonquant_sink.cpp.o
[2026-09-02 06:23:26] In file included from /home/t00886357/fia_sink_a5_port_base/vllm-ascend/csrc/attention/fused_infer_attention_score_v2_sink/op_host/fia_tiling_nonquant_sink.h:22,
[2026-09-02 06:23:26]                  from /home/t00886357/fia_sink_a5_port_base/vllm-ascend/csrc/attention/fused_infer_attention_score_v2_sink/op_host/fia_tiling_nonquant_sink.cpp:16:
[2026-09-02 06:23:26] /home/t00886357/fia_sink_a5_port_base/vllm-ascend/csrc/attention/fused_infer_attention_score_v2_sink_common/attention_common/op_host/split_core.h: In constructor ‘optiling::SplitResult::SplitResult(uint32_t, uint32_t)’:
[2026-09-02 06:23:26] /home/t00886357/fia_sink_a5_port_base/vllm-ascend/csrc/attention/fused_infer_attention_score_v2_sink_common/attention_common/op_host/split_core.h:129:27: warning: ‘optiling::SplitResult::bN2End’ will be initialized after [-Wreorder]
[2026-09-02 06:23:26]   129 |     std::vector<uint32_t> bN2End {};    // 每个核处理数据的BN2结束点
[2026-09-02 06:23:26]       |                           ^~~~~~
[2026-09-02 06:23:26] /home/t00886357/fia_sink_a5_port_base/vllm-ascend/csrc/attention/fused_infer_attention_score_v2_sink_common/attention_common/op_host/split_core.h:128:14: warning:   ‘uint32_t optiling::SplitResult::vecCubeRatio’ [-Wreorder]
[2026-09-02 06:23:26]   128 |     uint32_t vecCubeRatio { 0U };        // vec 与 cube 核数比例
[2026-09-02 06:23:26]       |              ^~~~~~~~~~~~
[2026-09-02 06:23:26] /home/t00886357/fia_sink_a5_port_base/vllm-ascend/csrc/attention/fused_infer_attention_score_v2_sink_common/attention_common/op_host/split_core.h:138:5: warning:   when initialized here [-Wreorder]
[2026-09-02 06:23:26]   138 |     SplitResult(uint32_t coreNum, uint32_t ratio) :
[2026-09-02 06:23:26]       |     ^~~~~~~~~~~
[2026-09-02 06:23:26] In file included from /home/t00886357/fia_sink_a5_port_base/vllm-ascend/csrc/utils/inc/log/ops_log.h:18,
[2026-09-02 06:23:26]                  from /home/t00886357/fia_sink_a5_port_base/vllm-ascend/csrc/utils/inc/error/ops_error.h:18,
[2026-09-02 06:23:26]                  from /home/t00886357/fia_sink_a5_port_base/vllm-ascend/csrc/attention/fused_infer_attention_score_v2_sink_common/attention_common/op_host/fia_tiling_base.h:24,
[2026-09-02 06:23:26]                  from /home/t00886357/fia_sink_a5_port_base/vllm-ascend/csrc/attention/fused_infer_attention_score_v2_sink/op_host/fia_tiling_nonquant_sink.h:20:
[2026-09-02 06:23:26] /home/t00886357/fia_sink_a5_port_base/vllm-ascend/csrc/attention/fused_infer_attention_score_v2_sink/op_host/fia_tiling_nonquant_sink.cpp: In member function ‘void optiling::FiaTilingNonQuant::CalcMBaseSize()’:
[2026-09-02 06:23:26] /home/t00886357/fia_sink_a5_port_base/vllm-ascend/csrc/utils/inc/log/inner/dfx_base.h:120:17: warning: format ‘%u’ expects argument of type ‘unsigned int’, but argument 15 has type ‘int’ [-Wformat=]
[2026-09-02 06:23:26]   120 |                 "[%s:%d][%s]%s[%s][%lu] OpName:[%s] " #FMT,                                                     \
[2026-09-02 06:23:26] /home/t00886357/fia_sink_a5_port_base/vllm-ascend/csrc/utils/inc/log/inner/dfx_base.h:149:44: note: in expansion of macro ‘OPS_LOG_STUB’
[2026-09-02 06:23:26]   149 | #define OPS_LOG_STUB_I(OPS_DESC, FMT, ...) OPS_LOG_STUB(OP, DLOG_INFO, OPS_DESC, FMT, ##__VA_ARGS__)
[2026-09-02 06:23:26]       |                                            ^~~~~~~~~~~~
[2026-09-02 06:23:26] /home/t00886357/fia_sink_a5_port_base/vllm-ascend/csrc/utils/inc/log/ops_log.h:22:34: note: in expansion of macro ‘OPS_LOG_STUB_I’
[2026-09-02 06:23:26]    22 | #define OPS_LOG_I(OPS_DESC, ...) OPS_LOG_STUB_I(OPS_DESC, __VA_ARGS__)
[2026-09-02 06:23:26]       |                                  ^~~~~~~~~~~~~~
[2026-09-02 06:23:26] /home/t00886357/fia_sink_a5_port_base/vllm-ascend/csrc/attention/fused_infer_attention_score_v2_sink/op_host/fia_tiling_nonquant_sink.cpp:350:5: note: in expansion of macro ‘OPS_LOG_I’
[2026-09-02 06:23:26]   350 |     OPS_LOG_I(fiaInfo_->opName,
[2026-09-02 06:23:26]       |     ^~~~~~~~~
[2026-09-02 06:23:26] /home/t00886357/fia_sink_a5_port_base/vllm-ascend/csrc/attention/fused_infer_attention_score_v2_sink/op_host/fia_tiling_nonquant_sink.cpp: In member function ‘uint32_t optiling::FiaTilingNonQuant::GetL2CacheOffFlag()’:
[2026-09-02 06:23:26] /home/t00886357/fia_sink_a5_port_base/vllm-ascend/csrc/utils/inc/log/inner/dfx_base.h:120:17: warning: format ‘%u’ expects argument of type ‘unsigned int’, but argument 14 has type ‘uint64_t’ {aka ‘long unsigned int’} [-Wformat=]
[2026-09-02 06:23:26]   120 |                 "[%s:%d][%s]%s[%s][%lu] OpName:[%s] " #FMT,                                                     \
[2026-09-02 06:23:26] /home/t00886357/fia_sink_a5_port_base/vllm-ascend/csrc/utils/inc/log/inner/dfx_base.h:148:44: note: in expansion of macro ‘OPS_LOG_STUB’
[2026-09-02 06:23:26]   148 | #define OPS_LOG_STUB_D(OPS_DESC, FMT, ...) OPS_LOG_STUB(OP, DLOG_DEBUG, OPS_DESC, FMT, ##__VA_ARGS__)
[2026-09-02 06:23:26]       |                                            ^~~~~~~~~~~~
[2026-09-02 06:23:26] /home/t00886357/fia_sink_a5_port_base/vllm-ascend/csrc/utils/inc/log/ops_log.h:21:34: note: in expansion of macro ‘OPS_LOG_STUB_D’
[2026-09-02 06:23:26]    21 | #define OPS_LOG_D(OPS_DESC, ...) OPS_LOG_STUB_D(OPS_DESC, __VA_ARGS__)
[2026-09-02 06:23:26]       |                                  ^~~~~~~~~~~~~~
[2026-09-02 06:23:26] /home/t00886357/fia_sink_a5_port_base/vllm-ascend/csrc/attention/fused_infer_attention_score_v2_sink/op_host/fia_tiling_nonquant_sink.cpp:471:5: note: in expansion of macro ‘OPS_LOG_D’
[2026-09-02 06:23:26]   471 |     OPS_LOG_D(fiaInfo_->opName,
[2026-09-02 06:23:26]       |     ^~~~~~~~~
[2026-09-02 06:23:26] [46/53] Building CXX object moe/causal_conv1d/op_host/CMakeFiles/ophost_transformer_tiling_obj.dir/__/__/__/attention/fused_infer_attention_score_v2_sink/op_host/fused_infer_attention_score_v2_sink_tiling_check_feature.cpp.o
[2026-09-02 06:23:26] [47/53] Building CXX object moe/causal_conv1d/op_host/CMakeFiles/ophost_transformer_tiling_obj.dir/__/__/__/attention/fused_infer_attention_score_v2_sink/op_host/fia_tiling_nonquant_mla_sink.cpp.o
[2026-09-02 06:23:26] In file included from /home/t00886357/fia_sink_a5_port_base/vllm-ascend/csrc/attention/fused_infer_attention_score_v2_sink/op_host/fia_tiling_nonquant_mla_sink.h:24,
[2026-09-02 06:23:26]                  from /home/t00886357/fia_sink_a5_port_base/vllm-ascend/csrc/attention/fused_infer_attention_score_v2_sink/op_host/fia_tiling_nonquant_mla_sink.cpp:22:
[2026-09-02 06:23:26] /home/t00886357/fia_sink_a5_port_base/vllm-ascend/csrc/attention/fused_infer_attention_score_v2_sink_common/attention_common/op_host/split_core.h: In constructor ‘optiling::SplitResult::SplitResult(uint32_t, uint32_t)’:
[2026-09-02 06:23:26] /home/t00886357/fia_sink_a5_port_base/vllm-ascend/csrc/attention/fused_infer_attention_score_v2_sink_common/attention_common/op_host/split_core.h:129:27: warning: ‘optiling::SplitResult::bN2End’ will be initialized after [-Wreorder]
[2026-09-02 06:23:26]   129 |     std::vector<uint32_t> bN2End {};    // 每个核处理数据的BN2结束点
[2026-09-02 06:23:26]       |                           ^~~~~~
[2026-09-02 06:23:26] /home/t00886357/fia_sink_a5_port_base/vllm-ascend/csrc/attention/fused_infer_attention_score_v2_sink_common/attention_common/op_host/split_core.h:128:14: warning:   ‘uint32_t optiling::SplitResult::vecCubeRatio’ [-Wreorder]
[2026-09-02 06:23:26]   128 |     uint32_t vecCubeRatio { 0U };        // vec 与 cube 核数比例
[2026-09-02 06:23:26]       |              ^~~~~~~~~~~~
[2026-09-02 06:23:26] /home/t00886357/fia_sink_a5_port_base/vllm-ascend/csrc/attention/fused_infer_attention_score_v2_sink_common/attention_common/op_host/split_core.h:138:5: warning:   when initialized here [-Wreorder]
[2026-09-02 06:23:26]   138 |     SplitResult(uint32_t coreNum, uint32_t ratio) :
[2026-09-02 06:23:26]       |     ^~~~~~~~~~~
[2026-09-02 06:23:26] [48/53] Building CXX object moe/causal_conv1d/op_host/CMakeFiles/ophost_transformer_tiling_obj.dir/__/__/__/attention/vllm_quant_lightning_indexer/op_host/vllm_quant_lightning_indexer_tiling.cpp.o
[2026-09-02 06:23:26] In file included from /home/t00886357/fia_sink_a5_port_base/vllm-ascend/csrc/attention/vllm_quant_lightning_indexer/op_host/vllm_quant_lightning_indexer_tiling.cpp:18:
[2026-09-02 06:23:26] /home/t00886357/fia_sink_a5_port_base/vllm-ascend/csrc/attention/vllm_quant_lightning_indexer/op_host/../op_kernel/vllm_quant_lightning_indexer_template_tiling_key.h:31:6: warning: "__CCE_AICORE__" is not defined, evaluates to 0 [-Wundef]
[2026-09-02 06:23:26]    31 | #if (__CCE_AICORE__ == 310)
[2026-09-02 06:23:26]       |      ^~~~~~~~~~~~~~
[2026-09-02 06:23:26] In file included from /home/t00886357/fia_sink_a5_port_base/vllm-ascend/csrc/common/include/err/ops_err.h:19,
[2026-09-02 06:23:26]                  from /home/t00886357/fia_sink_a5_port_base/vllm-ascend/csrc/attention/vllm_quant_lightning_indexer/op_host/vllm_quant_lightning_indexer_tiling.h:19,
[2026-09-02 06:23:26]                  from /home/t00886357/fia_sink_a5_port_base/vllm-ascend/csrc/attention/vllm_quant_lightning_indexer/op_host/vllm_quant_lightning_indexer_tiling.cpp:16:
[2026-09-02 06:23:26] /usr/local/Ascend/cann-9.1.0/x86_64-linux/include/op_common/log/log.h:45:9: warning: redundant redeclaration of ‘int32_t CheckLogLevel(int32_t, int32_t)’ in same scope [-Wredundant-decls]
[2026-09-02 06:23:26]    45 | int32_t CheckLogLevel(int32_t moduleId, int32_t logLevel);
[2026-09-02 06:23:26]       |         ^~~~~~~~~~~~~
[2026-09-02 06:23:26] In file included from <command-line>:
[2026-09-02 06:23:26] /home/t00886357/fia_sink_a5_port_base/vllm-ascend/csrc/common/include/cann_compat.h:24:9: note: previous declaration of ‘int32_t CheckLogLevel(int32_t, int32_t)’
[2026-09-02 06:23:26]    24 | int32_t CheckLogLevel(int32_t moduleId, int32_t logLevel);
[2026-09-02 06:23:26]       |         ^~~~~~~~~~~~~
[2026-09-02 06:23:26] /usr/local/Ascend/cann-9.1.0/x86_64-linux/include/op_common/log/log.h:46:6: warning: redundant redeclaration of ‘void DlogRecord(int32_t, int32_t, const char*, ...)’ in same scope [-Wredundant-decls]
[2026-09-02 06:23:26]    46 | void DlogRecord(int32_t moduleId, int32_t level, const char* fmt, ...);
[2026-09-02 06:23:26]       |      ^~~~~~~~~~
[2026-09-02 06:23:26] /home/t00886357/fia_sink_a5_port_base/vllm-ascend/csrc/common/include/cann_compat.h:25:6: note: previous declaration of ‘void DlogRecord(int32_t, int32_t, const char*, ...)’
[2026-09-02 06:23:26]    25 | void DlogRecord(int32_t moduleId, int32_t level, const char *fmt, ...);
[2026-09-02 06:23:26]       |      ^~~~~~~~~~
[2026-09-02 06:23:26] /home/t00886357/fia_sink_a5_port_base/vllm-ascend/csrc/attention/vllm_quant_lightning_indexer/op_host/vllm_quant_lightning_indexer_tiling.cpp: In member function ‘ge::graphStatus optiling::QLIInfoParser::CheckAttrParaInfo()’:
[2026-09-02 06:23:26] /home/t00886357/fia_sink_a5_port_base/vllm-ascend/csrc/attention/vllm_quant_lightning_indexer/op_host/vllm_quant_lightning_indexer_tiling.cpp:226:34: warning: format ‘%d’ expects argument of type ‘int’, but argument 6 has type ‘unsigned int’ [-Wformat=]
[2026-09-02 06:23:26]   226 |                 OP_LOGE(opName_, "input attr sparse_count must > 0 and <= %d, but now sparse_count is %d",
[2026-09-02 06:23:26]   227 |                        SPARSE_LIMIT, *opParamInfo_.sparseCount),return ge::GRAPH_FAILED);
[2026-09-02 06:23:26]       |                        ~~~~~~~~~~~~
[2026-09-02 06:23:26]       |                        |
[2026-09-02 06:23:26]       |                        unsigned int
[2026-09-02 06:23:26] /usr/local/Ascend/cann-9.1.0/x86_64-linux/include/op_common/log/log.h:1130:13: note: in definition of macro ‘OP_CHECK_IF’
[2026-09-02 06:23:26]  1130 |             log;                                 \
[2026-09-02 06:23:26]       |             ^~~
[2026-09-02 06:23:26] /home/t00886357/fia_sink_a5_port_base/vllm-ascend/csrc/attention/vllm_quant_lightning_indexer/op_host/vllm_quant_lightning_indexer_tiling.cpp:226:17: note: in expansion of macro ‘OP_LOGE’
[2026-09-02 06:23:26]   226 |                 OP_LOGE(opName_, "input attr sparse_count must > 0 and <= %d, but now sparse_count is %d",
[2026-09-02 06:23:26]       |                 ^~~~~~~
[2026-09-02 06:23:26] /home/t00886357/fia_sink_a5_port_base/vllm-ascend/csrc/attention/vllm_quant_lightning_indexer/op_host/vllm_quant_lightning_indexer_tiling.cpp:226:34: warning: format ‘%d’ expects argument of type ‘int’, but argument 7 has type ‘long int’ [-Wformat=]
[2026-09-02 06:23:26]   226 |                 OP_LOGE(opName_, "input attr sparse_count must > 0 and <= %d, but now sparse_count is %d",
[2026-09-02 06:23:26]   227 |                        SPARSE_LIMIT, *opParamInfo_.sparseCount),return ge::GRAPH_FAILED);
[2026-09-02 06:23:26]       |                                      ~~~~~~~~~~~~~~~~~~~~~~~~~
[2026-09-02 06:23:26]       |                                      |
[2026-09-02 06:23:26]       |                                      long int
[2026-09-02 06:23:26] /usr/local/Ascend/cann-9.1.0/x86_64-linux/include/op_common/log/log.h:1130:13: note: in definition of macro ‘OP_CHECK_IF’
[2026-09-02 06:23:26]  1130 |             log;                                 \
[2026-09-02 06:23:26]       |             ^~~
[2026-09-02 06:23:26] /home/t00886357/fia_sink_a5_port_base/vllm-ascend/csrc/attention/vllm_quant_lightning_indexer/op_host/vllm_quant_lightning_indexer_tiling.cpp:226:17: note: in expansion of macro ‘OP_LOGE’
[2026-09-02 06:23:26]   226 |                 OP_LOGE(opName_, "input attr sparse_count must > 0 and <= %d, but now sparse_count is %d",
[2026-09-02 06:23:26]       |                 ^~~~~~~
[2026-09-02 06:23:26] /home/t00886357/fia_sink_a5_port_base/vllm-ascend/csrc/attention/vllm_quant_lightning_indexer/op_host/vllm_quant_lightning_indexer_tiling.cpp:234:34: warning: format ‘%d’ expects argument of type ‘int’, but argument 6 has type ‘unsigned int’ [-Wformat=]
[2026-09-02 06:23:26]   234 |                 OP_LOGE(opName_, "input attr sparse_count must > 0 and <= %d, but now sparse_count is %d",
[2026-09-02 06:23:26]   235 |                        SPARSE_LIMIT, *opParamInfo_.sparseCount),return ge::GRAPH_FAILED);
[2026-09-02 06:23:26]       |                        ~~~~~~~~~~~~
[2026-09-02 06:23:26]       |                        |
[2026-09-02 06:23:26]       |                        unsigned int
[2026-09-02 06:23:26] /usr/local/Ascend/cann-9.1.0/x86_64-linux/include/op_common/log/log.h:1130:13: note: in definition of macro ‘OP_CHECK_IF’
[2026-09-02 06:23:26]  1130 |             log;                                 \
[2026-09-02 06:23:26]       |             ^~~
[2026-09-02 06:23:26] /home/t00886357/fia_sink_a5_port_base/vllm-ascend/csrc/attention/vllm_quant_lightning_indexer/op_host/vllm_quant_lightning_indexer_tiling.cpp:234:17: note: in expansion of macro ‘OP_LOGE’
[2026-09-02 06:23:26]   234 |                 OP_LOGE(opName_, "input attr sparse_count must > 0 and <= %d, but now sparse_count is %d",
[2026-09-02 06:23:26]       |                 ^~~~~~~
[2026-09-02 06:23:26] /home/t00886357/fia_sink_a5_port_base/vllm-ascend/csrc/attention/vllm_quant_lightning_indexer/op_host/vllm_quant_lightning_indexer_tiling.cpp:234:34: warning: format ‘%d’ expects argument of type ‘int’, but argument 7 has type ‘long int’ [-Wformat=]
[2026-09-02 06:23:26]   234 |                 OP_LOGE(opName_, "input attr sparse_count must > 0 and <= %d, but now sparse_count is %d",
[2026-09-02 06:23:26]   235 |                        SPARSE_LIMIT, *opParamInfo_.sparseCount),return ge::GRAPH_FAILED);
[2026-09-02 06:23:26]       |                                      ~~~~~~~~~~~~~~~~~~~~~~~~~
[2026-09-02 06:23:26]       |                                      |
[2026-09-02 06:23:26]       |                                      long int
[2026-09-02 06:23:26] /usr/local/Ascend/cann-9.1.0/x86_64-linux/include/op_common/log/log.h:1130:13: note: in definition of macro ‘OP_CHECK_IF’
[2026-09-02 06:23:26]  1130 |             log;                                 \
[2026-09-02 06:23:26]       |             ^~~
[2026-09-02 06:23:26] /home/t00886357/fia_sink_a5_port_base/vllm-ascend/csrc/attention/vllm_quant_lightning_indexer/op_host/vllm_quant_lightning_indexer_tiling.cpp:234:17: note: in expansion of macro ‘OP_LOGE’
[2026-09-02 06:23:26]   234 |                 OP_LOGE(opName_, "input attr sparse_count must > 0 and <= %d, but now sparse_count is %d",
[2026-09-02 06:23:26]       |                 ^~~~~~~
[2026-09-02 06:23:26] /home/t00886357/fia_sink_a5_port_base/vllm-ascend/csrc/attention/vllm_quant_lightning_indexer/op_host/vllm_quant_lightning_indexer_tiling.cpp:250:34: warning: format ‘%d’ expects argument of type ‘int’, but argument 6 has type ‘long int’ [-Wformat=]
[2026-09-02 06:23:26]   250 |                 OP_LOGE(opName_, "input attr sparse_mode only supported 0 or 3, but now sparseMode is %d.",
[2026-09-02 06:23:26]   251 |                        *opParamInfo_.sparseMode), return ge::GRAPH_FAILED);
[2026-09-02 06:23:26]       |                        ~~~~~~~~~~~~~~~~~~~~~~~~
[2026-09-02 06:23:26]       |                        |
[2026-09-02 06:23:26]       |                        long int
[2026-09-02 06:23:26] /usr/local/Ascend/cann-9.1.0/x86_64-linux/include/op_common/log/log.h:1130:13: note: in definition of macro ‘OP_CHECK_IF’
[2026-09-02 06:23:26]  1130 |             log;                                 \
[2026-09-02 06:23:26]       |             ^~~
[2026-09-02 06:23:26] /home/t00886357/fia_sink_a5_port_base/vllm-ascend/csrc/attention/vllm_quant_lightning_indexer/op_host/vllm_quant_lightning_indexer_tiling.cpp:250:17: note: in expansion of macro ‘OP_LOGE’
[2026-09-02 06:23:26]   250 |                 OP_LOGE(opName_, "input attr sparse_mode only supported 0 or 3, but now sparseMode is %d.",
[2026-09-02 06:23:26]       |                 ^~~~~~~
[2026-09-02 06:23:26] /home/t00886357/fia_sink_a5_port_base/vllm-ascend/csrc/attention/vllm_quant_lightning_indexer/op_host/vllm_quant_lightning_indexer_tiling.cpp: In member function ‘ge::graphStatus optiling::QLIInfoParser::CheckShapeDim()’:
[2026-09-02 06:23:26] /home/t00886357/fia_sink_a5_port_base/vllm-ascend/csrc/attention/vllm_quant_lightning_indexer/op_host/vllm_quant_lightning_indexer_tiling.cpp:405:34: warning: format ‘%u’ expects argument of type ‘unsigned int’, but argument 6 has type ‘size_t’ {aka ‘long unsigned int’} [-Wformat=]
[2026-09-02 06:23:26]   405 |                 OP_LOGE(opName_, "the dim num of block_table's shape should be 2, but now is %u",
[2026-09-02 06:23:26]   406 |                 opParamInfo_.blockTable.tensor->GetStorageShape().GetDimNum()), return ge::GRAPH_FAILED);
[2026-09-02 06:23:26]       |                 ~~~~~~~~~~~~~~~~~~~~~~~~~~~~~~~~~~~~~~~~~~~~~~~~~~~~~~~~~~~~~
[2026-09-02 06:23:26]       |                                                                            |
[2026-09-02 06:23:26]       |                                                                            size_t {aka long unsigned int}
[2026-09-02 06:23:26] /usr/local/Ascend/cann-9.1.0/x86_64-linux/include/op_common/log/log.h:1130:13: note: in definition of macro ‘OP_CHECK_IF’
[2026-09-02 06:23:26]  1130 |             log;                                 \
[2026-09-02 06:23:26]       |             ^~~
[2026-09-02 06:23:26] /home/t00886357/fia_sink_a5_port_base/vllm-ascend/csrc/attention/vllm_quant_lightning_indexer/op_host/vllm_quant_lightning_indexer_tiling.cpp:405:17: note: in expansion of macro ‘OP_LOGE’
[2026-09-02 06:23:26]   405 |                 OP_LOGE(opName_, "the dim num of block_table's shape should be 2, but now is %u",
[2026-09-02 06:23:26]       |                 ^~~~~~~
[2026-09-02 06:23:26] /home/t00886357/fia_sink_a5_port_base/vllm-ascend/csrc/attention/vllm_quant_lightning_indexer/op_host/vllm_quant_lightning_indexer_tiling.cpp:410:26: warning: format ‘%u’ expects argument of type ‘unsigned int’, but argument 6 has type ‘size_t’ {aka ‘long unsigned int’} [-Wformat=]
[2026-09-02 06:23:26]   410 |         OP_LOGE(opName_, "the dim num of key's shape should be 4, but now is %u",
[2026-09-02 06:23:26]   411 |                 opParamInfo_.key.shape->GetStorageShape().GetDimNum()), return ge::GRAPH_FAILED);
[2026-09-02 06:23:26]       |                 ~~~~~~~~~~~~~~~~~~~~~~~~~~~~~~~~~~~~~~~~~~~~~~~~~~~~~
[2026-09-02 06:23:26]       |                                                                    |
[2026-09-02 06:23:26]       |                                                                    size_t {aka long unsigned int}
[2026-09-02 06:23:26] /usr/local/Ascend/cann-9.1.0/x86_64-linux/include/op_common/log/log.h:1130:13: note: in definition of macro ‘OP_CHECK_IF’
[2026-09-02 06:23:26]  1130 |             log;                                 \
[2026-09-02 06:23:26]       |             ^~~
[2026-09-02 06:23:26] /home/t00886357/fia_sink_a5_port_base/vllm-ascend/csrc/attention/vllm_quant_lightning_indexer/op_host/vllm_quant_lightning_indexer_tiling.cpp:410:9: note: in expansion of macro ‘OP_LOGE’
[2026-09-02 06:23:26]   410 |         OP_LOGE(opName_, "the dim num of key's shape should be 4, but now is %u",
[2026-09-02 06:23:26]       |         ^~~~~~~
[2026-09-02 06:23:26] /home/t00886357/fia_sink_a5_port_base/vllm-ascend/csrc/attention/vllm_quant_lightning_indexer/op_host/vllm_quant_lightning_indexer_tiling.cpp:414:26: warning: format ‘%u’ expects argument of type ‘unsigned int’, but argument 6 has type ‘size_t’ {aka ‘long unsigned int’} [-Wformat=]
[2026-09-02 06:23:26]   414 |         OP_LOGE(opName_, "the dim num of key's shape should be 3, but now is %u",
[2026-09-02 06:23:26]   415 |                 opParamInfo_.key.shape->GetStorageShape().GetDimNum()), return ge::GRAPH_FAILED);
[2026-09-02 06:23:26]       |                 ~~~~~~~~~~~~~~~~~~~~~~~~~~~~~~~~~~~~~~~~~~~~~~~~~~~~~
[2026-09-02 06:23:26]       |                                                                    |
[2026-09-02 06:23:26]       |                                                                    size_t {aka long unsigned int}
[2026-09-02 06:23:26] /usr/local/Ascend/cann-9.1.0/x86_64-linux/include/op_common/log/log.h:1130:13: note: in definition of macro ‘OP_CHECK_IF’
[2026-09-02 06:23:26]  1130 |             log;                                 \
[2026-09-02 06:23:26]       |             ^~~
[2026-09-02 06:23:26] /home/t00886357/fia_sink_a5_port_base/vllm-ascend/csrc/attention/vllm_quant_lightning_indexer/op_host/vllm_quant_lightning_indexer_tiling.cpp:414:9: note: in expansion of macro ‘OP_LOGE’
[2026-09-02 06:23:26]   414 |         OP_LOGE(opName_, "the dim num of key's shape should be 3, but now is %u",
[2026-09-02 06:23:26]       |         ^~~~~~~
[2026-09-02 06:23:26] /home/t00886357/fia_sink_a5_port_base/vllm-ascend/csrc/attention/vllm_quant_lightning_indexer/op_host/vllm_quant_lightning_indexer_tiling.cpp: In member function ‘ge::graphStatus optiling::QLIInfoParser::ValidateInputShapesMatch()’:
[2026-09-02 06:23:26] /home/t00886357/fia_sink_a5_port_base/vllm-ascend/csrc/attention/vllm_quant_lightning_indexer/op_host/vllm_quant_lightning_indexer_tiling.cpp:650:17: warning: format ‘%u’ expects argument of type ‘unsigned int’, but argument 7 has type ‘int64_t’ {aka ‘long int’} [-Wformat=]
[2026-09-02 06:23:26]   650 |                 "TND case input actual_seq_lengths_query, actual_seq_lengths_key, block_table dim 0 are %u, %u, %u "
[2026-09-02 06:23:26]   651 |                 "respectively, they must be same.",
[2026-09-02 06:23:26]   652 |                 bSize_, opParamInfo_.actualSeqLengthsK.tensor->GetShapeSize(),
[2026-09-02 06:23:26]       |                         ~~~~~~~~~~~~~~~~~~~~~~~~~~~~~~~~~~~~~~~~~~~~~~~~~~~~~
[2026-09-02 06:23:26]       |                                                                            |
[2026-09-02 06:23:26]       |                                                                            int64_t {aka long int}
[2026-09-02 06:23:26] /usr/local/Ascend/cann-9.1.0/x86_64-linux/include/op_common/log/log.h:1130:13: note: in definition of macro ‘OP_CHECK_IF’
[2026-09-02 06:23:26]  1130 |             log;                                 \
[2026-09-02 06:23:26]       |             ^~~
[2026-09-02 06:23:26] /home/t00886357/fia_sink_a5_port_base/vllm-ascend/csrc/attention/vllm_quant_lightning_indexer/op_host/vllm_quant_lightning_indexer_tiling.cpp:648:13: note: in expansion of macro ‘OP_LOGE’
[2026-09-02 06:23:26]   648 |             OP_LOGE(
[2026-09-02 06:23:26]       |             ^~~~~~~
[2026-09-02 06:23:26] /home/t00886357/fia_sink_a5_port_base/vllm-ascend/csrc/attention/vllm_quant_lightning_indexer/op_host/vllm_quant_lightning_indexer_tiling.cpp:650:110: note: format string is defined here
[2026-09-02 06:23:26]   650 |                 "TND case input actual_seq_lengths_query, actual_seq_lengths_key, block_table dim 0 are %u, %u, %u "
[2026-09-02 06:23:26]       |                                                                                                             ~^
[2026-09-02 06:23:26]       |                                                                                                              |
[2026-09-02 06:23:26]       |                                                                                                              unsigned int
[2026-09-02 06:23:26]       |                                                                                                             %lu
[2026-09-02 06:23:26] /home/t00886357/fia_sink_a5_port_base/vllm-ascend/csrc/attention/vllm_quant_lightning_indexer/op_host/vllm_quant_lightning_indexer_tiling.cpp:650:17: warning: format ‘%u’ expects argument of type ‘unsigned int’, but argument 8 has type ‘int64_t’ {aka ‘long int’} [-Wformat=]
[2026-09-02 06:23:26]   650 |                 "TND case input actual_seq_lengths_query, actual_seq_lengths_key, block_table dim 0 are %u, %u, %u "
[2026-09-02 06:23:26] ......
[2026-09-02 06:23:26]   653 |                 opParamInfo_.blockTable.tensor->GetStorageShape().GetDim(0)),
[2026-09-02 06:23:26]       |                 ~~~~~~~~~~~~~~~~~~~~~~~~~~~~~~~~~~~~~~~~~~~~~~~~~~~~~~~~~~~
[2026-09-02 06:23:26]       |                                                                         |
[2026-09-02 06:23:26]       |                                                                         int64_t {aka long int}
[2026-09-02 06:23:26] /usr/local/Ascend/cann-9.1.0/x86_64-linux/include/op_common/log/log.h:1130:13: note: in definition of macro ‘OP_CHECK_IF’
[2026-09-02 06:23:26]  1130 |             log;                                 \
[2026-09-02 06:23:26]       |             ^~~
[2026-09-02 06:23:26] /home/t00886357/fia_sink_a5_port_base/vllm-ascend/csrc/attention/vllm_quant_lightning_indexer/op_host/vllm_quant_lightning_indexer_tiling.cpp:648:13: note: in expansion of macro ‘OP_LOGE’
[2026-09-02 06:23:26]   648 |             OP_LOGE(
[2026-09-02 06:23:26]       |             ^~~~~~~
[2026-09-02 06:23:26] /home/t00886357/fia_sink_a5_port_base/vllm-ascend/csrc/attention/vllm_quant_lightning_indexer/op_host/vllm_quant_lightning_indexer_tiling.cpp:650:114: note: format string is defined here
[2026-09-02 06:23:26]   650 |                 "TND case input actual_seq_lengths_query, actual_seq_lengths_key, block_table dim 0 are %u, %u, %u "
[2026-09-02 06:23:26]       |                                                                                                                 ~^
[2026-09-02 06:23:26]       |                                                                                                                  |
[2026-09-02 06:23:26]       |                                                                                                                  unsigned int
[2026-09-02 06:23:26]       |                                                                                                                 %lu
[2026-09-02 06:23:26] /home/t00886357/fia_sink_a5_port_base/vllm-ascend/csrc/attention/vllm_quant_lightning_indexer/op_host/vllm_quant_lightning_indexer_tiling.cpp:659:17: warning: format ‘%u’ expects argument of type ‘unsigned int’, but argument 7 has type ‘int64_t’ {aka ‘long int’} [-Wformat=]
[2026-09-02 06:23:26]   659 |                 "TND case input actual_seq_lengths_query, actual_seq_lengths_key, are %u, %u "
[2026-09-02 06:23:26]   660 |                 "respectively, they must be same.",
[2026-09-02 06:23:26]   661 |                 bSize_, opParamInfo_.actualSeqLengthsK.tensor->GetShapeSize()),
[2026-09-02 06:23:26]       |                         ~~~~~~~~~~~~~~~~~~~~~~~~~~~~~~~~~~~~~~~~~~~~~~~~~~~~~
[2026-09-02 06:23:26]       |                                                                            |
[2026-09-02 06:23:26]       |                                                                            int64_t {aka long int}
[2026-09-02 06:23:26] /usr/local/Ascend/cann-9.1.0/x86_64-linux/include/op_common/log/log.h:1130:13: note: in definition of macro ‘OP_CHECK_IF’
[2026-09-02 06:23:26]  1130 |             log;                                 \
[2026-09-02 06:23:26]       |             ^~~
[2026-09-02 06:23:26] /home/t00886357/fia_sink_a5_port_base/vllm-ascend/csrc/attention/vllm_quant_lightning_indexer/op_host/vllm_quant_lightning_indexer_tiling.cpp:657:13: note: in expansion of macro ‘OP_LOGE’
[2026-09-02 06:23:26]   657 |             OP_LOGE(
[2026-09-02 06:23:26]       |             ^~~~~~~
[2026-09-02 06:23:26] /home/t00886357/fia_sink_a5_port_base/vllm-ascend/csrc/attention/vllm_quant_lightning_indexer/op_host/vllm_quant_lightning_indexer_tiling.cpp:659:92: note: format string is defined here
[2026-09-02 06:23:26]   659 |                 "TND case input actual_seq_lengths_query, actual_seq_lengths_key, are %u, %u "
[2026-09-02 06:23:26]       |                                                                                           ~^
[2026-09-02 06:23:26]       |                                                                                            |
[2026-09-02 06:23:26]       |                                                                                            unsigned int
[2026-09-02 06:23:26]       |                                                                                           %lu
[2026-09-02 06:23:26] /home/t00886357/fia_sink_a5_port_base/vllm-ascend/csrc/attention/vllm_quant_lightning_indexer/op_host/vllm_quant_lightning_indexer_tiling.cpp:668:30: warning: format ‘%u’ expects argument of type ‘unsigned int’, but argument 7 has type ‘int64_t’ {aka ‘long int’} [-Wformat=]
[2026-09-02 06:23:26]   668 |                              "TND case input query, weights, sparse_indices dim 0 are %u, %u, %u "
[2026-09-02 06:23:26]   669 |                              "respectively, they must be same.",
[2026-09-02 06:23:26]   670 |                              qTsize, opParamInfo_.weights.shape->GetStorageShape().GetDim(0),
[2026-09-02 06:23:26]       |                                      ~~~~~~~~~~~~~~~~~~~~~~~~~~~~~~~~~~~~~~~~~~~~~~~~~~~~~~~
[2026-09-02 06:23:26]       |                                                                                          |
[2026-09-02 06:23:26]       |                                                                                          int64_t {aka long int}
[2026-09-02 06:23:26] /usr/local/Ascend/cann-9.1.0/x86_64-linux/include/op_common/log/log.h:1130:13: note: in definition of macro ‘OP_CHECK_IF’
[2026-09-02 06:23:26]  1130 |             log;                                 \
[2026-09-02 06:23:26]       |             ^~~
[2026-09-02 06:23:26] /home/t00886357/fia_sink_a5_port_base/vllm-ascend/csrc/attention/vllm_quant_lightning_indexer/op_host/vllm_quant_lightning_indexer_tiling.cpp:667:20: note: in expansion of macro ‘OP_LOGE’
[2026-09-02 06:23:26]   667 |                    OP_LOGE(opName_,
[2026-09-02 06:23:26]       |                    ^~~~~~~
[2026-09-02 06:23:26] /home/t00886357/fia_sink_a5_port_base/vllm-ascend/csrc/attention/vllm_quant_lightning_indexer/op_host/vllm_quant_lightning_indexer_tiling.cpp:668:92: note: format string is defined here
[2026-09-02 06:23:26]   668 |                              "TND case input query, weights, sparse_indices dim 0 are %u, %u, %u "
[2026-09-02 06:23:26]       |                                                                                           ~^
[2026-09-02 06:23:26]       |                                                                                            |
[2026-09-02 06:23:26]       |                                                                                            unsigned int
[2026-09-02 06:23:26]       |                                                                                           %lu
[2026-09-02 06:23:26] /home/t00886357/fia_sink_a5_port_base/vllm-ascend/csrc/attention/vllm_quant_lightning_indexer/op_host/vllm_quant_lightning_indexer_tiling.cpp:668:30: warning: format ‘%u’ expects argument of type ‘unsigned int’, but argument 8 has type ‘int64_t’ {aka ‘long int’} [-Wformat=]
[2026-09-02 06:23:26]   668 |                              "TND case input query, weights, sparse_indices dim 0 are %u, %u, %u "
[2026-09-02 06:23:26] ......
[2026-09-02 06:23:26]   671 |                              opParamInfo_.attenOut.shape->GetStorageShape().GetDim(0)),
[2026-09-02 06:23:26]       |                              ~~~~~~~~~~~~~~~~~~~~~~~~~~~~~~~~~~~~~~~~~~~~~~~~~~~~~~~~
[2026-09-02 06:23:26]       |                                                                                   |
[2026-09-02 06:23:26]       |                                                                                   int64_t {aka long int}
[2026-09-02 06:23:26] /usr/local/Ascend/cann-9.1.0/x86_64-linux/include/op_common/log/log.h:1130:13: note: in definition of macro ‘OP_CHECK_IF’
[2026-09-02 06:23:26]  1130 |             log;                                 \
[2026-09-02 06:23:26]       |             ^~~
[2026-09-02 06:23:26] /home/t00886357/fia_sink_a5_port_base/vllm-ascend/csrc/attention/vllm_quant_lightning_indexer/op_host/vllm_quant_lightning_indexer_tiling.cpp:667:20: note: in expansion of macro ‘OP_LOGE’
[2026-09-02 06:23:26]   667 |                    OP_LOGE(opName_,
[2026-09-02 06:23:26]       |                    ^~~~~~~
[2026-09-02 06:23:26] /home/t00886357/fia_sink_a5_port_base/vllm-ascend/csrc/attention/vllm_quant_lightning_indexer/op_host/vllm_quant_lightning_indexer_tiling.cpp:668:96: note: format string is defined here
[2026-09-02 06:23:26]   668 |                              "TND case input query, weights, sparse_indices dim 0 are %u, %u, %u "
[2026-09-02 06:23:26]       |                                                                                               ~^
[2026-09-02 06:23:26]       |                                                                                                |
[2026-09-02 06:23:26]       |                                                                                                unsigned int
[2026-09-02 06:23:26]       |                                                                                               %lu
[2026-09-02 06:23:26] /home/t00886357/fia_sink_a5_port_base/vllm-ascend/csrc/attention/vllm_quant_lightning_indexer/op_host/vllm_quant_lightning_indexer_tiling.cpp:683:30: warning: format ‘%u’ expects argument of type ‘unsigned int’, but argument 7 has type ‘int64_t’ {aka ‘long int’} [-Wformat=]
[2026-09-02 06:23:26]   683 |                              "BSND case input query, weight, actual_seq_lengths_key, block_table, sparse_indices dim 0 are %u, %u, %u, %u, %u respectively, they must be same.",
[2026-09-02 06:23:26]   684 |                               bSize_, opParamInfo_.weights.shape->GetStorageShape().GetDim(0),
[2026-09-02 06:23:26]       |                                       ~~~~~~~~~~~~~~~~~~~~~~~~~~~~~~~~~~~~~~~~~~~~~~~~~~~~~~~
[2026-09-02 06:23:26]       |                                                                                           |
[2026-09-02 06:23:26]       |                                                                                           int64_t {aka long int}
[2026-09-02 06:23:26] /usr/local/Ascend/cann-9.1.0/x86_64-linux/include/op_common/log/log.h:1130:13: note: in definition of macro ‘OP_CHECK_IF’
[2026-09-02 06:23:26]  1130 |             log;                                 \
[2026-09-02 06:23:26]       |             ^~~
[2026-09-02 06:23:26] /home/t00886357/fia_sink_a5_port_base/vllm-ascend/csrc/attention/vllm_quant_lightning_indexer/op_host/vllm_quant_lightning_indexer_tiling.cpp:682:20: note: in expansion of macro ‘OP_LOGE’
[2026-09-02 06:23:26]   682 |                    OP_LOGE(opName_,
[2026-09-02 06:23:26]       |                    ^~~~~~~
[2026-09-02 06:23:26] /home/t00886357/fia_sink_a5_port_base/vllm-ascend/csrc/attention/vllm_quant_lightning_indexer/op_host/vllm_quant_lightning_indexer_tiling.cpp:683:30: warning: format ‘%u’ expects argument of type ‘unsigned int’, but argument 8 has type ‘int64_t’ {aka ‘long int’} [-Wformat=]
[2026-09-02 06:23:26]   683 |                              "BSND case input query, weight, actual_seq_lengths_key, block_table, sparse_indices dim 0 are %u, %u, %u, %u, %u respectively, they must be same.",
[2026-09-02 06:23:26]   684 |                               bSize_, opParamInfo_.weights.shape->GetStorageShape().GetDim(0),
[2026-09-02 06:23:26]   685 |                               opParamInfo_.actualSeqLengthsK.tensor->GetShapeSize(),
[2026-09-02 06:23:26]       |                               ~~~~~~~~~~~~~~~~~~~~~~~~~~~~~~~~~~~~~~~~~~~~~~~~~~~~~
[2026-09-02 06:23:26]       |                                                                                  |
[2026-09-02 06:23:26]       |                                                                                  int64_t {aka long int}
[2026-09-02 06:23:26] /usr/local/Ascend/cann-9.1.0/x86_64-linux/include/op_common/log/log.h:1130:13: note: in definition of macro ‘OP_CHECK_IF’
[2026-09-02 06:23:26]  1130 |             log;                                 \
[2026-09-02 06:23:26]       |             ^~~
[2026-09-02 06:23:26] /home/t00886357/fia_sink_a5_port_base/vllm-ascend/csrc/attention/vllm_quant_lightning_indexer/op_host/vllm_quant_lightning_indexer_tiling.cpp:682:20: note: in expansion of macro ‘OP_LOGE’
[2026-09-02 06:23:26]   682 |                    OP_LOGE(opName_,
[2026-09-02 06:23:26]       |                    ^~~~~~~
[2026-09-02 06:23:26] /home/t00886357/fia_sink_a5_port_base/vllm-ascend/csrc/attention/vllm_quant_lightning_indexer/op_host/vllm_quant_lightning_indexer_tiling.cpp:683:30: warning: format ‘%u’ expects argument of type ‘unsigned int’, but argument 9 has type ‘int64_t’ {aka ‘long int’} [-Wformat=]
[2026-09-02 06:23:26]   683 |                              "BSND case input query, weight, actual_seq_lengths_key, block_table, sparse_indices dim 0 are %u, %u, %u, %u, %u respectively, they must be same.",
[2026-09-02 06:23:26] ......
[2026-09-02 06:23:26]   686 |                               opParamInfo_.blockTable.tensor->GetStorageShape().GetDim(0),
[2026-09-02 06:23:26]       |                               ~~~~~~~~~~~~~~~~~~~~~~~~~~~~~~~~~~~~~~~~~~~~~~~~~~~~~~~~~~~
[2026-09-02 06:23:26]       |                                                                                       |
[2026-09-02 06:23:26]       |                                                                                       int64_t {aka long int}
[2026-09-02 06:23:26] /usr/local/Ascend/cann-9.1.0/x86_64-linux/include/op_common/log/log.h:1130:13: note: in definition of macro ‘OP_CHECK_IF’
[2026-09-02 06:23:26]  1130 |             log;                                 \
[2026-09-02 06:23:26]       |             ^~~
[2026-09-02 06:23:26] /home/t00886357/fia_sink_a5_port_base/vllm-ascend/csrc/attention/vllm_quant_lightning_indexer/op_host/vllm_quant_lightning_indexer_tiling.cpp:682:20: note: in expansion of macro ‘OP_LOGE’
[2026-09-02 06:23:26]   682 |                    OP_LOGE(opName_,
[2026-09-02 06:23:26]       |                    ^~~~~~~
[2026-09-02 06:23:26] /home/t00886357/fia_sink_a5_port_base/vllm-ascend/csrc/attention/vllm_quant_lightning_indexer/op_host/vllm_quant_lightning_indexer_tiling.cpp:683:30: warning: format ‘%u’ expects argument of type ‘unsigned int’, but argument 10 has type ‘int64_t’ {aka ‘long int’} [-Wformat=]
[2026-09-02 06:23:26]   683 |                              "BSND case input query, weight, actual_seq_lengths_key, block_table, sparse_indices dim 0 are %u, %u, %u, %u, %u respectively, they must be same.",
[2026-09-02 06:23:26] ......
[2026-09-02 06:23:26]   687 |                               opParamInfo_.attenOut.shape->GetStorageShape().GetDim(0)),
[2026-09-02 06:23:26]       |                               ~~~~~~~~~~~~~~~~~~~~~~~~~~~~~~~~~~~~~~~~~~~~~~~~~~~~~~~~
[2026-09-02 06:23:26]       |                                                                                    |
[2026-09-02 06:23:26]       |                                                                                    int64_t {aka long int}
[2026-09-02 06:23:26] /usr/local/Ascend/cann-9.1.0/x86_64-linux/include/op_common/log/log.h:1130:13: note: in definition of macro ‘OP_CHECK_IF’
[2026-09-02 06:23:26]  1130 |             log;                                 \
[2026-09-02 06:23:26]       |             ^~~
[2026-09-02 06:23:26] /home/t00886357/fia_sink_a5_port_base/vllm-ascend/csrc/attention/vllm_quant_lightning_indexer/op_host/vllm_quant_lightning_indexer_tiling.cpp:682:20: note: in expansion of macro ‘OP_LOGE’
[2026-09-02 06:23:26]   682 |                    OP_LOGE(opName_,
[2026-09-02 06:23:26]       |                    ^~~~~~~
[2026-09-02 06:23:26] /home/t00886357/fia_sink_a5_port_base/vllm-ascend/csrc/attention/vllm_quant_lightning_indexer/op_host/vllm_quant_lightning_indexer_tiling.cpp:695:30: warning: format ‘%u’ expects argument of type ‘unsigned int’, but argument 7 has type ‘int64_t’ {aka ‘long int’} [-Wformat=]
[2026-09-02 06:23:26]   695 |                              "BSND case input query, weight, actual_seq_lengths_key, sparse_indices dim 0 are %u, %u, %u, %u respectively, they must be same.",
[2026-09-02 06:23:26]   696 |                               bSize_, opParamInfo_.weights.shape->GetStorageShape().GetDim(0),
[2026-09-02 06:23:26]       |                                       ~~~~~~~~~~~~~~~~~~~~~~~~~~~~~~~~~~~~~~~~~~~~~~~~~~~~~~~
[2026-09-02 06:23:26]       |                                                                                           |
[2026-09-02 06:23:26]       |                                                                                           int64_t {aka long int}
[2026-09-02 06:23:26] /usr/local/Ascend/cann-9.1.0/x86_64-linux/include/op_common/log/log.h:1130:13: note: in definition of macro ‘OP_CHECK_IF’
[2026-09-02 06:23:26]  1130 |             log;                                 \
[2026-09-02 06:23:26]       |             ^~~
[2026-09-02 06:23:26] /home/t00886357/fia_sink_a5_port_base/vllm-ascend/csrc/attention/vllm_quant_lightning_indexer/op_host/vllm_quant_lightning_indexer_tiling.cpp:694:20: note: in expansion of macro ‘OP_LOGE’
[2026-09-02 06:23:26]   694 |                    OP_LOGE(opName_,
[2026-09-02 06:23:26]       |                    ^~~~~~~
[2026-09-02 06:23:26] /home/t00886357/fia_sink_a5_port_base/vllm-ascend/csrc/attention/vllm_quant_lightning_indexer/op_host/vllm_quant_lightning_indexer_tiling.cpp:695:30: warning: format ‘%u’ expects argument of type ‘unsigned int’, but argument 8 has type ‘int64_t’ {aka ‘long int’} [-Wformat=]
[2026-09-02 06:23:26]   695 |                              "BSND case input query, weight, actual_seq_lengths_key, sparse_indices dim 0 are %u, %u, %u, %u respectively, they must be same.",
[2026-09-02 06:23:26]   696 |                               bSize_, opParamInfo_.weights.shape->GetStorageShape().GetDim(0),
[2026-09-02 06:23:26]   697 |                               opParamInfo_.actualSeqLengthsK.tensor->GetShapeSize(),
[2026-09-02 06:23:26]       |                               ~~~~~~~~~~~~~~~~~~~~~~~~~~~~~~~~~~~~~~~~~~~~~~~~~~~~~
[2026-09-02 06:23:26]       |                                                                                  |
[2026-09-02 06:23:26]       |                                                                                  int64_t {aka long int}
[2026-09-02 06:23:26] /usr/local/Ascend/cann-9.1.0/x86_64-linux/include/op_common/log/log.h:1130:13: note: in definition of macro ‘OP_CHECK_IF’
[2026-09-02 06:23:26]  1130 |             log;                                 \
[2026-09-02 06:23:26]       |             ^~~
[2026-09-02 06:23:26] /home/t00886357/fia_sink_a5_port_base/vllm-ascend/csrc/attention/vllm_quant_lightning_indexer/op_host/vllm_quant_lightning_indexer_tiling.cpp:694:20: note: in expansion of macro ‘OP_LOGE’
[2026-09-02 06:23:26]   694 |                    OP_LOGE(opName_,
[2026-09-02 06:23:26]       |                    ^~~~~~~
[2026-09-02 06:23:26] /home/t00886357/fia_sink_a5_port_base/vllm-ascend/csrc/attention/vllm_quant_lightning_indexer/op_host/vllm_quant_lightning_indexer_tiling.cpp:695:30: warning: format ‘%u’ expects argument of type ‘unsigned int’, but argument 9 has type ‘int64_t’ {aka ‘long int’} [-Wformat=]
[2026-09-02 06:23:26]   695 |                              "BSND case input query, weight, actual_seq_lengths_key, sparse_indices dim 0 are %u, %u, %u, %u respectively, they must be same.",
[2026-09-02 06:23:26] ......
[2026-09-02 06:23:26]   698 |                               opParamInfo_.attenOut.shape->GetStorageShape().GetDim(0)),
[2026-09-02 06:23:26]       |                               ~~~~~~~~~~~~~~~~~~~~~~~~~~~~~~~~~~~~~~~~~~~~~~~~~~~~~~~~
[2026-09-02 06:23:26]       |                                                                                    |
[2026-09-02 06:23:26]       |                                                                                    int64_t {aka long int}
[2026-09-02 06:23:26] /usr/local/Ascend/cann-9.1.0/x86_64-linux/include/op_common/log/log.h:1130:13: note: in definition of macro ‘OP_CHECK_IF’
[2026-09-02 06:23:26]  1130 |             log;                                 \
[2026-09-02 06:23:26]       |             ^~~
[2026-09-02 06:23:26] /home/t00886357/fia_sink_a5_port_base/vllm-ascend/csrc/attention/vllm_quant_lightning_indexer/op_host/vllm_quant_lightning_indexer_tiling.cpp:694:20: note: in expansion of macro ‘OP_LOGE’
[2026-09-02 06:23:26]   694 |                    OP_LOGE(opName_,
[2026-09-02 06:23:26]       |                    ^~~~~~~
[2026-09-02 06:23:26] /home/t00886357/fia_sink_a5_port_base/vllm-ascend/csrc/attention/vllm_quant_lightning_indexer/op_host/vllm_quant_lightning_indexer_tiling.cpp:712:30: warning: format ‘%u’ expects argument of type ‘unsigned int’, but argument 7 has type ‘int64_t’ {aka ‘long int’} [-Wformat=]
[2026-09-02 06:23:26]   712 |             OP_LOGE(opName_, "BSND case input query, weight, sparse_indices dim 1 are %u, %u, %u, they must be same.",
[2026-09-02 06:23:26]   713 |                       s1Size_, opParamInfo_.weights.shape->GetStorageShape().GetDim(1),
[2026-09-02 06:23:26]       |                                ~~~~~~~~~~~~~~~~~~~~~~~~~~~~~~~~~~~~~~~~~~~~~~~~~~~~~~~
[2026-09-02 06:23:26]       |                                                                                    |
[2026-09-02 06:23:26]       |                                                                                    int64_t {aka long int}
[2026-09-02 06:23:26] /usr/local/Ascend/cann-9.1.0/x86_64-linux/include/op_common/log/log.h:1130:13: note: in definition of macro ‘OP_CHECK_IF’
[2026-09-02 06:23:26]  1130 |             log;                                 \
[2026-09-02 06:23:26]       |             ^~~
[2026-09-02 06:23:26] /home/t00886357/fia_sink_a5_port_base/vllm-ascend/csrc/attention/vllm_quant_lightning_indexer/op_host/vllm_quant_lightning_indexer_tiling.cpp:712:13: note: in expansion of macro ‘OP_LOGE’
[2026-09-02 06:23:26]   712 |             OP_LOGE(opName_, "BSND case input query, weight, sparse_indices dim 1 are %u, %u, %u, they must be same.",
[2026-09-02 06:23:26]       |             ^~~~~~~
[2026-09-02 06:23:26] /home/t00886357/fia_sink_a5_port_base/vllm-ascend/csrc/attention/vllm_quant_lightning_indexer/op_host/vllm_quant_lightning_indexer_tiling.cpp:712:30: warning: format ‘%u’ expects argument of type ‘unsigned int’, but argument 8 has type ‘int64_t’ {aka ‘long int’} [-Wformat=]
[2026-09-02 06:23:26]   712 |             OP_LOGE(opName_, "BSND case input query, weight, sparse_indices dim 1 are %u, %u, %u, they must be same.",
[2026-09-02 06:23:26]   713 |                       s1Size_, opParamInfo_.weights.shape->GetStorageShape().GetDim(1),
[2026-09-02 06:23:26]   714 |                       opParamInfo_.attenOut.shape->GetStorageShape().GetDim(1)),
[2026-09-02 06:23:26]       |                       ~~~~~~~~~~~~~~~~~~~~~~~~~~~~~~~~~~~~~~~~~~~~~~~~~~~~~~~~
[2026-09-02 06:23:26]       |                                                                            |
[2026-09-02 06:23:26]       |                                                                            int64_t {aka long int}
[2026-09-02 06:23:26] /usr/local/Ascend/cann-9.1.0/x86_64-linux/include/op_common/log/log.h:1130:13: note: in definition of macro ‘OP_CHECK_IF’
[2026-09-02 06:23:26]  1130 |             log;                                 \
[2026-09-02 06:23:26]       |             ^~~
[2026-09-02 06:23:26] /home/t00886357/fia_sink_a5_port_base/vllm-ascend/csrc/attention/vllm_quant_lightning_indexer/op_host/vllm_quant_lightning_indexer_tiling.cpp:712:13: note: in expansion of macro ‘OP_LOGE’
[2026-09-02 06:23:26]   712 |             OP_LOGE(opName_, "BSND case input query, weight, sparse_indices dim 1 are %u, %u, %u, they must be same.",
[2026-09-02 06:23:26]       |             ^~~~~~~
[2026-09-02 06:23:26] /home/t00886357/fia_sink_a5_port_base/vllm-ascend/csrc/attention/vllm_quant_lightning_indexer/op_host/vllm_quant_lightning_indexer_tiling.cpp:721:33: warning: format ‘%u’ expects argument of type ‘unsigned int’, but argument 6 has type ‘int64_t’ {aka ‘long int’} [-Wformat=]
[2026-09-02 06:23:26]   721 |                OP_LOGE(opName_, "input query, weight shape dim N1 must be same, but now are %u, %u respectively, they must be same.",
[2026-09-02 06:23:26]   722 |                opParamInfo_.weights.shape->GetStorageShape().GetDim(queryWeightsN1Dim), n1Size_),
[2026-09-02 06:23:26]       |                ~~~~~~~~~~~~~~~~~~~~~~~~~~~~~~~~~~~~~~~~~~~~~~~~~~~~~~~~~~~~~~~~~~~~~~~
[2026-09-02 06:23:26]       |                                                                    |
[2026-09-02 06:23:26]       |                                                                    int64_t {aka long int}
[2026-09-02 06:23:26] /usr/local/Ascend/cann-9.1.0/x86_64-linux/include/op_common/log/log.h:1130:13: note: in definition of macro ‘OP_CHECK_IF’
[2026-09-02 06:23:26]  1130 |             log;                                 \
[2026-09-02 06:23:26]       |             ^~~
[2026-09-02 06:23:26] /home/t00886357/fia_sink_a5_port_base/vllm-ascend/csrc/attention/vllm_quant_lightning_indexer/op_host/vllm_quant_lightning_indexer_tiling.cpp:721:16: note: in expansion of macro ‘OP_LOGE’
[2026-09-02 06:23:26]   721 |                OP_LOGE(opName_, "input query, weight shape dim N1 must be same, but now are %u, %u respectively, they must be same.",
[2026-09-02 06:23:26]       |                ^~~~~~~
[2026-09-02 06:23:26] [49/53] Building CXX object moe/causal_conv1d/op_host/CMakeFiles/ophost_transformer_tiling_obj.dir/__/__/__/attention/compressor/op_host/arch35/compressor_tiling.cpp.o
[2026-09-02 06:23:26] In file included from /home/t00886357/fia_sink_a5_port_base/vllm-ascend/csrc/common/include/err/ops_err.h:19,
[2026-09-02 06:23:26]                  from /home/t00886357/fia_sink_a5_port_base/vllm-ascend/csrc/attention/compressor/op_host/arch35/compressor_tiling.cpp:22:
[2026-09-02 06:23:26] /usr/local/Ascend/cann-9.1.0/x86_64-linux/include/op_common/log/log.h:45:9: warning: redundant redeclaration of ‘int32_t CheckLogLevel(int32_t, int32_t)’ in same scope [-Wredundant-decls]
[2026-09-02 06:23:26]    45 | int32_t CheckLogLevel(int32_t moduleId, int32_t logLevel);
[2026-09-02 06:23:26]       |         ^~~~~~~~~~~~~
[2026-09-02 06:23:26] In file included from <command-line>:
[2026-09-02 06:23:26] /home/t00886357/fia_sink_a5_port_base/vllm-ascend/csrc/common/include/cann_compat.h:24:9: note: previous declaration of ‘int32_t CheckLogLevel(int32_t, int32_t)’
[2026-09-02 06:23:26]    24 | int32_t CheckLogLevel(int32_t moduleId, int32_t logLevel);
[2026-09-02 06:23:26]       |         ^~~~~~~~~~~~~
[2026-09-02 06:23:26] /usr/local/Ascend/cann-9.1.0/x86_64-linux/include/op_common/log/log.h:46:6: warning: redundant redeclaration of ‘void DlogRecord(int32_t, int32_t, const char*, ...)’ in same scope [-Wredundant-decls]
[2026-09-02 06:23:26]    46 | void DlogRecord(int32_t moduleId, int32_t level, const char* fmt, ...);
[2026-09-02 06:23:26]       |      ^~~~~~~~~~
[2026-09-02 06:23:26] /home/t00886357/fia_sink_a5_port_base/vllm-ascend/csrc/common/include/cann_compat.h:25:6: note: previous declaration of ‘void DlogRecord(int32_t, int32_t, const char*, ...)’
[2026-09-02 06:23:26]    25 | void DlogRecord(int32_t moduleId, int32_t level, const char *fmt, ...);
[2026-09-02 06:23:26]       |      ^~~~~~~~~~
[2026-09-02 06:23:26] In file included from /home/t00886357/fia_sink_a5_port_base/vllm-ascend/csrc/attention/compressor/op_host/arch35/compressor_tiling.h:31,
[2026-09-02 06:23:26]                  from /home/t00886357/fia_sink_a5_port_base/vllm-ascend/csrc/attention/compressor/op_host/arch35/compressor_tiling.cpp:24:
[2026-09-02 06:23:26] /home/t00886357/fia_sink_a5_port_base/vllm-ascend/csrc/attention/compressor/op_host/arch35/../../op_kernel/arch35/compressor_tiling_data.h:44:25: warning: conversion from ‘double’ to ‘float’ changes value from ‘9.9999999999999995e-7’ to ‘9.99999997e-7f’ [-Wfloat-conversion]
[2026-09-02 06:23:26]    44 |         float normEps = 1e-6;               // RMSNorm eps
[2026-09-02 06:23:26]       |                         ^~~~
[2026-09-02 06:23:26] /home/t00886357/fia_sink_a5_port_base/vllm-ascend/csrc/attention/compressor/op_host/arch35/compressor_tiling.cpp: In member function ‘ge::graphStatus optiling::CompressorTiling::SetBaseInfo()’:
[2026-09-02 06:23:26] /home/t00886357/fia_sink_a5_port_base/vllm-ascend/csrc/attention/compressor/op_host/arch35/compressor_tiling.cpp:150:36: warning: conversion from ‘double’ to ‘float’ may change value [-Wfloat-conversion]
[2026-09-02 06:23:26]   150 |     baseParams_->reciprocalD = 1.0 / baseParams_->headDim;
[2026-09-02 06:23:26]       |                                ~~~~^~~~~~~~~~~~~~~~~~~~~~
[2026-09-02 06:23:26] /home/t00886357/fia_sink_a5_port_base/vllm-ascend/csrc/attention/compressor/op_host/arch35/compressor_tiling.cpp: In member function ‘ge::graphStatus optiling::CompressorTiling::CheckEmptyTensor() const’:
[2026-09-02 06:23:26] /home/t00886357/fia_sink_a5_port_base/vllm-ascend/csrc/attention/compressor/op_host/arch35/compressor_tiling.cpp:283:52: warning: suggest parentheses around ‘&&’ within ‘||’ [-Wparentheses]
[2026-09-02 06:23:26]   283 |     if (context_->layout == LayoutType::LAYOUT_BSH &&
[2026-09-02 06:23:26]       |         ~~~~~~~~~~~~~~~~~~~~~~~~~~~~~~~~~~~~~~~~~~~^~
[2026-09-02 06:23:26]   284 |             context_->x.shape->GetStorageShape().GetDim(COMPRESSOR_DIM_INDEX_0) == 0 ||
[2026-09-02 06:23:26]       |             ~~~~~~~~~~~~~~~~~~~~~~~~~~~~~~~~~~~~~~~~~~~~~~~~~~~~~~~~~~~~~~~~~~~~~~~~
[2026-09-02 06:23:26] /home/t00886357/fia_sink_a5_port_base/vllm-ascend/csrc/attention/compressor/op_host/arch35/compressor_tiling.cpp:287:51: warning: suggest parentheses around ‘&&’ within ‘||’ [-Wparentheses]
[2026-09-02 06:23:26]   287 |         context_->layout == LayoutType::LAYOUT_TH &&
[2026-09-02 06:23:26]       |         ~~~~~~~~~~~~~~~~~~~~~~~~~~~~~~~~~~~~~~~~~~^~
[2026-09-02 06:23:26]   288 |             context_->x.shape->GetStorageShape().GetDim(COMPRESSOR_DIM_INDEX_0) == 0) {
[2026-09-02 06:23:26]       |             ~~~~~~~~~~~~~~~~~~~~~~~~~~~~~~~~~~~~~~~~~~~~~~~~~~~~~~~~~~~~~~~~~~~~~~~~
[2026-09-02 06:23:26] /home/t00886357/fia_sink_a5_port_base/vllm-ascend/csrc/attention/compressor/op_host/arch35/compressor_tiling.cpp: In member function ‘ge::graphStatus optiling::CompressorTiling::CheckDimNumInLayoutSupport(const std::string&, const gert::StorageShape*, const std::string&) const’:
[2026-09-02 06:23:26] /home/t00886357/fia_sink_a5_port_base/vllm-ascend/csrc/attention/compressor/op_host/arch35/compressor_tiling.cpp:499:43: warning: format ‘%zu’ expects argument of type ‘size_t’, but argument 8 has type ‘unsigned int’ [-Wformat=]
[2026-09-02 06:23:26]   499 |                 OP_LOGE(context_->opName, "When layout is %s, %s dimension should be %zu, but it's %zu", layout.c_str(),
[2026-09-02 06:23:26]   500 |                         name.c_str(), dimIt->second, shape->GetStorageShape().GetDimNum()),
[2026-09-02 06:23:26]       |                                       ~~~~~~~~~~~~~
[2026-09-02 06:23:26]       |                                              |
[2026-09-02 06:23:26]       |                                              unsigned int
[2026-09-02 06:23:26] /usr/local/Ascend/cann-9.1.0/x86_64-linux/include/op_common/log/log.h:1130:13: note: in definition of macro ‘OP_CHECK_IF’
[2026-09-02 06:23:26]  1130 |             log;                                 \
[2026-09-02 06:23:26]       |             ^~~
[2026-09-02 06:23:26] /home/t00886357/fia_sink_a5_port_base/vllm-ascend/csrc/attention/compressor/op_host/arch35/compressor_tiling.cpp:499:17: note: in expansion of macro ‘OP_LOGE’
[2026-09-02 06:23:26]   499 |                 OP_LOGE(context_->opName, "When layout is %s, %s dimension should be %zu, but it's %zu", layout.c_str(),
[2026-09-02 06:23:26]       |                 ^~~~~~~
[2026-09-02 06:23:26] /home/t00886357/fia_sink_a5_port_base/vllm-ascend/csrc/attention/compressor/op_host/arch35/compressor_tiling.cpp: In member function ‘ge::graphStatus optiling::CompressorTiling::CheckDimNumConsistency() const’:
[2026-09-02 06:23:26] /home/t00886357/fia_sink_a5_port_base/vllm-ascend/csrc/attention/compressor/op_host/arch35/compressor_tiling.cpp:982:43: warning: format ‘%u’ expects argument of type ‘unsigned int’, but argument 6 has type ‘long unsigned int’ [-Wformat=]
[2026-09-02 06:23:26]   982 |                 OP_LOGE(context_->opName, "ropeSin dim num should be equal to x: %u, but got %u", xDimNum,
[2026-09-02 06:23:26]       |                                                                                                   ~~~~~~~
[2026-09-02 06:23:26]       |                                                                                                   |
[2026-09-02 06:23:26]       |                                                                                                   long unsigned int
[2026-09-02 06:23:26] /usr/local/Ascend/cann-9.1.0/x86_64-linux/include/op_common/log/log.h:1130:13: note: in definition of macro ‘OP_CHECK_IF’
[2026-09-02 06:23:26]  1130 |             log;                                 \
[2026-09-02 06:23:26]       |             ^~~
[2026-09-02 06:23:26] /home/t00886357/fia_sink_a5_port_base/vllm-ascend/csrc/attention/compressor/op_host/arch35/compressor_tiling.cpp:982:17: note: in expansion of macro ‘OP_LOGE’
[2026-09-02 06:23:26]   982 |                 OP_LOGE(context_->opName, "ropeSin dim num should be equal to x: %u, but got %u", xDimNum,
[2026-09-02 06:23:26]       |                 ^~~~~~~
[2026-09-02 06:23:26] /home/t00886357/fia_sink_a5_port_base/vllm-ascend/csrc/attention/compressor/op_host/arch35/compressor_tiling.cpp:982:43: warning: format ‘%u’ expects argument of type ‘unsigned int’, but argument 7 has type ‘size_t’ {aka ‘long unsigned int’} [-Wformat=]
[2026-09-02 06:23:26]   982 |                 OP_LOGE(context_->opName, "ropeSin dim num should be equal to x: %u, but got %u", xDimNum,
[2026-09-02 06:23:26]   983 |                         context_->ropeSin.shape->GetStorageShape().GetDimNum()),
[2026-09-02 06:23:26]       |                         ~~~~~~~~~~~~~~~~~~~~~~~~~~~~~~~~~~~~~~~~~~~~~~~~~~~~~~
[2026-09-02 06:23:26]       |                                                                             |
[2026-09-02 06:23:26]       |                                                                             size_t {aka long unsigned int}
[2026-09-02 06:23:26] /usr/local/Ascend/cann-9.1.0/x86_64-linux/include/op_common/log/log.h:1130:13: note: in definition of macro ‘OP_CHECK_IF’
[2026-09-02 06:23:26]  1130 |             log;                                 \
[2026-09-02 06:23:26]       |             ^~~
[2026-09-02 06:23:26] /home/t00886357/fia_sink_a5_port_base/vllm-ascend/csrc/attention/compressor/op_host/arch35/compressor_tiling.cpp:982:17: note: in expansion of macro ‘OP_LOGE’
[2026-09-02 06:23:26]   982 |                 OP_LOGE(context_->opName, "ropeSin dim num should be equal to x: %u, but got %u", xDimNum,
[2026-09-02 06:23:26]       |                 ^~~~~~~
[2026-09-02 06:23:26] /home/t00886357/fia_sink_a5_port_base/vllm-ascend/csrc/attention/compressor/op_host/arch35/compressor_tiling.cpp:986:43: warning: format ‘%u’ expects argument of type ‘unsigned int’, but argument 6 has type ‘long unsigned int’ [-Wformat=]
[2026-09-02 06:23:26]   986 |                 OP_LOGE(context_->opName, "ropeCos dim num should be equal to x: %u, but got %u", xDimNum,
[2026-09-02 06:23:26]       |                                                                                                   ~~~~~~~
[2026-09-02 06:23:26]       |                                                                                                   |
[2026-09-02 06:23:26]       |                                                                                                   long unsigned int
[2026-09-02 06:23:26] /usr/local/Ascend/cann-9.1.0/x86_64-linux/include/op_common/log/log.h:1130:13: note: in definition of macro ‘OP_CHECK_IF’
[2026-09-02 06:23:26]  1130 |             log;                                 \
[2026-09-02 06:23:26]       |             ^~~
[2026-09-02 06:23:26] /home/t00886357/fia_sink_a5_port_base/vllm-ascend/csrc/attention/compressor/op_host/arch35/compressor_tiling.cpp:986:17: note: in expansion of macro ‘OP_LOGE’
[2026-09-02 06:23:26]   986 |                 OP_LOGE(context_->opName, "ropeCos dim num should be equal to x: %u, but got %u", xDimNum,
[2026-09-02 06:23:26]       |                 ^~~~~~~
[2026-09-02 06:23:26] /home/t00886357/fia_sink_a5_port_base/vllm-ascend/csrc/attention/compressor/op_host/arch35/compressor_tiling.cpp:986:43: warning: format ‘%u’ expects argument of type ‘unsigned int’, but argument 7 has type ‘size_t’ {aka ‘long unsigned int’} [-Wformat=]
[2026-09-02 06:23:26]   986 |                 OP_LOGE(context_->opName, "ropeCos dim num should be equal to x: %u, but got %u", xDimNum,
[2026-09-02 06:23:26]   987 |                         context_->ropeCos.shape->GetStorageShape().GetDimNum()),
[2026-09-02 06:23:26]       |                         ~~~~~~~~~~~~~~~~~~~~~~~~~~~~~~~~~~~~~~~~~~~~~~~~~~~~~~
[2026-09-02 06:23:26]       |                                                                             |
[2026-09-02 06:23:26]       |                                                                             size_t {aka long unsigned int}
[2026-09-02 06:23:26] /usr/local/Ascend/cann-9.1.0/x86_64-linux/include/op_common/log/log.h:1130:13: note: in definition of macro ‘OP_CHECK_IF’
[2026-09-02 06:23:26]  1130 |             log;                                 \
[2026-09-02 06:23:26]       |             ^~~
[2026-09-02 06:23:26] /home/t00886357/fia_sink_a5_port_base/vllm-ascend/csrc/attention/compressor/op_host/arch35/compressor_tiling.cpp:986:17: note: in expansion of macro ‘OP_LOGE’
[2026-09-02 06:23:26]   986 |                 OP_LOGE(context_->opName, "ropeCos dim num should be equal to x: %u, but got %u", xDimNum,
[2026-09-02 06:23:26]       |                 ^~~~~~~
[2026-09-02 06:23:26] /home/t00886357/fia_sink_a5_port_base/vllm-ascend/csrc/attention/compressor/op_host/arch35/compressor_tiling.cpp:990:43: warning: format ‘%u’ expects argument of type ‘unsigned int’, but argument 6 has type ‘long unsigned int’ [-Wformat=]
[2026-09-02 06:23:26]   990 |                 OP_LOGE(context_->opName, "cmpKv dim num should be equal to x: %u, but got %u", xDimNum,
[2026-09-02 06:23:26]       |                                                                                                 ~~~~~~~
[2026-09-02 06:23:26]       |                                                                                                 |
[2026-09-02 06:23:26]       |                                                                                                 long unsigned int
[2026-09-02 06:23:26] /usr/local/Ascend/cann-9.1.0/x86_64-linux/include/op_common/log/log.h:1130:13: note: in definition of macro ‘OP_CHECK_IF’
[2026-09-02 06:23:26]  1130 |             log;                                 \
[2026-09-02 06:23:26]       |             ^~~
[2026-09-02 06:23:26] /home/t00886357/fia_sink_a5_port_base/vllm-ascend/csrc/attention/compressor/op_host/arch35/compressor_tiling.cpp:990:17: note: in expansion of macro ‘OP_LOGE’
[2026-09-02 06:23:26]   990 |                 OP_LOGE(context_->opName, "cmpKv dim num should be equal to x: %u, but got %u", xDimNum,
[2026-09-02 06:23:26]       |                 ^~~~~~~
[2026-09-02 06:23:26] /home/t00886357/fia_sink_a5_port_base/vllm-ascend/csrc/attention/compressor/op_host/arch35/compressor_tiling.cpp:990:43: warning: format ‘%u’ expects argument of type ‘unsigned int’, but argument 7 has type ‘size_t’ {aka ‘long unsigned int’} [-Wformat=]
[2026-09-02 06:23:26]   990 |                 OP_LOGE(context_->opName, "cmpKv dim num should be equal to x: %u, but got %u", xDimNum,
[2026-09-02 06:23:26]   991 |                         context_->cmpKv.shape->GetStorageShape().GetDimNum()),
[2026-09-02 06:23:26]       |                         ~~~~~~~~~~~~~~~~~~~~~~~~~~~~~~~~~~~~~~~~~~~~~~~~~~~~
[2026-09-02 06:23:26]       |                                                                           |
[2026-09-02 06:23:26]       |                                                                           size_t {aka long unsigned int}
[2026-09-02 06:23:26] /usr/local/Ascend/cann-9.1.0/x86_64-linux/include/op_common/log/log.h:1130:13: note: in definition of macro ‘OP_CHECK_IF’
[2026-09-02 06:23:26]  1130 |             log;                                 \
[2026-09-02 06:23:26]       |             ^~~
[2026-09-02 06:23:26] /home/t00886357/fia_sink_a5_port_base/vllm-ascend/csrc/attention/compressor/op_host/arch35/compressor_tiling.cpp:990:17: note: in expansion of macro ‘OP_LOGE’
[2026-09-02 06:23:26]   990 |                 OP_LOGE(context_->opName, "cmpKv dim num should be equal to x: %u, but got %u", xDimNum,
[2026-09-02 06:23:26]       |                 ^~~~~~~
[2026-09-02 06:23:26] /home/t00886357/fia_sink_a5_port_base/vllm-ascend/csrc/attention/compressor/op_host/arch35/compressor_tiling.cpp: In member function ‘ge::graphStatus optiling::CompressorTiling::CheckBlockDimConstrain() const’:
[2026-09-02 06:23:26] /home/t00886357/fia_sink_a5_port_base/vllm-ascend/csrc/attention/compressor/op_host/arch35/compressor_tiling.cpp:1016:43: warning: format ‘%d’ expects argument of type ‘int’, but argument 6 has type ‘unsigned int’ [-Wformat=]
[2026-09-02 06:23:26]  1016 |                 OP_LOGE(context_->opName, "aicNum is %d, which should not be less than %d", aicNum_, minBlockNum),
[2026-09-02 06:23:26]       |                                                                                             ~~~~~~~
[2026-09-02 06:23:26]       |                                                                                             |
[2026-09-02 06:23:26]       |                                                                                             unsigned int
[2026-09-02 06:23:26] /usr/local/Ascend/cann-9.1.0/x86_64-linux/include/op_common/log/log.h:1130:13: note: in definition of macro ‘OP_CHECK_IF’
[2026-09-02 06:23:26]  1130 |             log;                                 \
[2026-09-02 06:23:26]       |             ^~~
[2026-09-02 06:23:26] /home/t00886357/fia_sink_a5_port_base/vllm-ascend/csrc/attention/compressor/op_host/arch35/compressor_tiling.cpp:1016:17: note: in expansion of macro ‘OP_LOGE’
[2026-09-02 06:23:26]  1016 |                 OP_LOGE(context_->opName, "aicNum is %d, which should not be less than %d", aicNum_, minBlockNum),
[2026-09-02 06:23:26]       |                 ^~~~~~~
[2026-09-02 06:23:26] /home/t00886357/fia_sink_a5_port_base/vllm-ascend/csrc/attention/compressor/op_host/arch35/compressor_tiling.cpp:1016:43: warning: format ‘%d’ expects argument of type ‘int’, but argument 7 has type ‘uint32_t’ {aka ‘unsigned int’} [-Wformat=]
[2026-09-02 06:23:26]  1016 |                 OP_LOGE(context_->opName, "aicNum is %d, which should not be less than %d", aicNum_, minBlockNum),
[2026-09-02 06:23:26]       |                                                                                                      ~~~~~~~~~~~
[2026-09-02 06:23:26]       |                                                                                                      |
[2026-09-02 06:23:26]       |                                                                                                      uint32_t {aka unsigned int}
[2026-09-02 06:23:26] /usr/local/Ascend/cann-9.1.0/x86_64-linux/include/op_common/log/log.h:1130:13: note: in definition of macro ‘OP_CHECK_IF’
[2026-09-02 06:23:26]  1130 |             log;                                 \
[2026-09-02 06:23:26]       |             ^~~
[2026-09-02 06:23:26] /home/t00886357/fia_sink_a5_port_base/vllm-ascend/csrc/attention/compressor/op_host/arch35/compressor_tiling.cpp:1016:17: note: in expansion of macro ‘OP_LOGE’
[2026-09-02 06:23:26]  1016 |                 OP_LOGE(context_->opName, "aicNum is %d, which should not be less than %d", aicNum_, minBlockNum),
[2026-09-02 06:23:26]       |                 ^~~~~~~
[2026-09-02 06:23:26] [50/53] Linking CXX shared library libcust_opmaster_rt2.0.so
[2026-09-02 06:23:26] [51/53] Generating compat/liboptiling.so
[2026-09-02 06:23:26] [52/53] cd /home/t00886357/fia_sink_a5_port_base/vllm-ascend/csrc/build && /usr/local/python3.11.10/bin/python3.11 /home/t00886357/fia_sink_a5_port_base/vllm-ascend/csrc/cmake/scripts/util/ascendc_ops_config.py -p /home/t00886357/fia_sink_a5_port_base/vllm-ascend/csrc/build/binary/ascend950/bin -s ascend950
[2026-09-02 06:23:26] FAILED: [code=1] CMakeFiles/ops_config_ascend950 binary/ascend950/bin/binary_info_config.json binary/ascend950/bin/relocatable_kernel_info_config.json /home/t00886357/fia_sink_a5_port_base/vllm-ascend/csrc/build/CMakeFiles/ops_config_ascend950 /home/t00886357/fia_sink_a5_port_base/vllm-ascend/csrc/build/binary/ascend950/bin/binary_info_config.json /home/t00886357/fia_sink_a5_port_base/vllm-ascend/csrc/build/binary/ascend950/bin/relocatable_kernel_info_config.json 
[2026-09-02 06:23:26] cd /home/t00886357/fia_sink_a5_port_base/vllm-ascend/csrc/build && /usr/local/python3.11.10/bin/python3.11 /home/t00886357/fia_sink_a5_port_base/vllm-ascend/csrc/cmake/scripts/util/ascendc_ops_config.py -p /home/t00886357/fia_sink_a5_port_base/vllm-ascend/csrc/build/binary/ascend950/bin -s ascend950
[2026-09-02 06:23:26] [ERROR] op fused_infer_attention_score_v2_sink: not any obj compile success
[2026-09-02 06:23:26] ninja: build stopped: subcommand failed.
Running bash build_aclnn.sh ...
Error running build_aclnn.sh: Command '['bash', 'csrc/build_aclnn.sh', '/home/t00886357/fia_sink_a5_port_base/vllm-ascend', 'ascend950pr_9599']' returned non-zero exit status 1.
